id,grupo,veiculo,data_publicacao,url,titulo,idioma_detectado,foi_traduzido,erro_traducao,palavras_antes,palavras_depois,texto_curto,texto_limpo
e0e82ff53fd8,eua,Fox News,2026-09-01T14:39:39Z,https://www.foxnews.com/world/israel-captures-top-hamas-commander-gaza-strike-defense-minister-says,"Israel captures top Hamas commander in Gaza strike, defense minister says",en,False,0,466,453,False,"The Israel Defense Forces captured Hamas' head of general security during a raid in Gaza, Israeli Defense Minister Israel Katz said.
An Israeli security official identified the Hamas leader as Mu'in al-Arabid, head of the General Security Apparatus, saying he was arrested during an Israeli incursion deep inside Hamas territory in Gaza. The IDF carried out airstrikes to cover the raid's withdrawal, adding that there were no Israeli casualties.
""A short time ago, a senior Hamas terrorist was arrested, and this is our policy: We do not wait for threats. Instead, we pursue Hamas terrorists, thwart them, and destroy their terrorist infrastructure. We have built a strong and unprecedented security zone in Gaza to protect residents and IDF soldiers,"" Katz said in a statement.
HAMAS STRUGGLES TO FILL LEADERSHIP RANKS AS ISRAEL HUNTS OCT 7 TERRORISTS
""Nearly 70% of the Gaza Strip has been destroyed, with no residents, no tunnels, and no homes, and the IDF controls the territory. We are not leaving Gaza until the Strip is demilitarized, Hamas is disarmed, and all terrorist tunnels are destroyed. Even after that, the IDF will remain in Gaza along defensive lines and ensure the security of the western Negev communities. Any attempt to bypass the security zone through aerial launches will be met with a harsh response,"" he added.
The raid comes weeks after President Donald Trump's administration demanded that Hamas disarm and give up control of Gaza in August. Jared Kushner, Trump's son-in-law, traveled to Israel last month and said the IDF may receive U.S. backing to ""finish the job.""
NETANYAHU REJECTS BOARD OF PEACE'S GAZA PLAN: NO 'WITHDRAWAL UNTIL HAMAS IS GENUINELY DISARMED'
""If they don't follow through now on their commitment, everyone will see that they're not genuine about peace, and then Israel will have a lot more support from the U.S. and others to go and finish the job in the appropriate way,"" Kushner also told Fox News' Trey Yingst of the terrorist group.
The warning from Trump's son-in-law followed a rare face-to-face meeting with Hamas in Egypt - only Kushner's second known meeting with the group.
KUSHNER TOUTS UNPRECEDENTED IRAN CONTACTS AS TEHRAN DENIES TRUMP BACKCHANNEL
""They said all the right things, but obviously, it's very, very hard to trust, you know, a terrorist organization that committed these terrible atrocities,"" Kushner continued. ""But we had a very cordial meeting, and they said all the right things, and so we're going to give them a chance to perform.""
""It's going to have to be based on actions and steps, and I hope it will be true.""
The U.S.-led ""Board of Peace"" proposal centers on a phased ceasefire, demilitarization of Gaza, Israeli troop withdrawal, Palestinian technocratic governance and international reconstruction efforts."
1d727eecb74d,eua,Fox News,2026-09-07T02:29:06Z,https://www.foxnews.com/entertainment/michael-rapaport-slams-clown-macklemore-anti-israel-performance,Michael Rapaport slams 'clown' Macklemore for anti-Israel performance,en,False,0,1767,1759,False,"Michael Rapaport slammed Macklemore as a ""clown"" after the rapper brought his pro-Palestinian message to Ed Sheeran's concert stage.
Macklemore, 43, repeatedly called to ""Free Palestine"" and performed his anti-Israel song ""Hind's Hall"" while opening for Sheeran, 35, at MetLife Stadium in East Rutherford, New Jersey, during shows on Friday and Saturday nights.
On Saturday, Rapaport, 56, who is Jewish and has become one of Hollywood's most outspoken pro-Israel voices since Hamas' October 7 attack, ripped Macklemore, born Benjamin Haggerty, in a blistering post on X.
BLACK CROWES FACE BACKLASH AFTER CHRIS ROBINSON SHUTS DOWN U.S.A. CHANT AND CALLS FANS 'IGNORANT'
""Imagine going to see Ed Sheeran & this absolute no talent none singer non rapping non dancing clown Macklemore is opening & because he actually has no act or specific skill set he's jumping around like dkc carrying on about a genocide that never happened in Gaza,"" Rapaport wrote, adding ""This is a nightmare.""
In another critical post on X, the comedian questioned Sheeran's decision to bring Macklemore on as an opening act.
ED SHEERAN CONCERT WORKERS HOSPITALIZED AFTER FORKLIFT INCIDENT IN DETROIT: REPORT
""So Ed Sheeran is ok with this p--- stain opening up for him? Sweet Ed Sheeran?"" Rapaport wrote.
Rapaport also reposted an article about the backlash to Macklemore's political messaging following the concerts, writing, ""Calling this dude a 'Rapper' is disrespectful to any actual 'Rapper.'""
ISRAEL, JEWS TARGETED WORLDWIDE AS WELL-FUNDED LEFTIST, ISLAMIST GROUPS JOIN FOR 'NAKBA 78' PROTESTS
Fox News Digital has reached out to Macklemore and Sheeran's representatives for comment.
In a video that Rapaport posted from the Friday night show, Macklemore, who wore a keffiyeh tied around his neck, was seen repeatedly chanting ""Say free, free Palestine!"" while music played as he walked around the stage and held up his microphone.
Macklemore, who will be opening for Sheeran during the U.S. leg of the ""Shape of You"" singer's ""Loop Tour,"" also delivered a speech in which he said that he wanted to use stages across America to advocate for Palestine.
ISRAELI PM NETANYAHU ARGUES PUBLIC OPINION SHIFT ON ISRAEL 'CORRELATES ALMOST 100%' TO SOCIAL MEDIA
""A big part of the reason why I wanted to do this tour in the first place is so I could stand up in stadiums like this and say two words that are very near and dear to my heart: Free Palestine,"" Macklemore said in a video shared on social media.
""I said, 'Free Palestine!' I want those words to be loud and clear, so that people all the way in Gaza to the occupied West Bank know that we have not forgotten about them,"" he continued.
""I have an 11-year-old daughter, her name is Sloan, she's here tonight. And if any of you guys are parents, then you know that that love that you have for your kids cannot be put into words, right? I want to see her grow up, I want to see her go to school, to fall in love, to figure out meaning, purpose, joy, her existence on this planet. I want it to be the most beautiful possible.""
""And I think that every single human being that walks this earth deserves that exact same feeling. To know safety and peace before they know the sound of violence, to know the sound of laughter on a playground before planes and bombs, for parents to be able to say bye to their kids in the morning and not have to wonder if this is going to be the last time they kiss their child goodbye.""
""And if I let that fear I felt on the plane yesterday stop me from speaking my heart in order to keep my own comfort and the audience's comfort, that is the day I no longer continue to be on stage,"" Macklemore added. ""So, I say, 'Free Palestine!'""
RAGE AGAINST THE MACHINE'S TOM MORELLO FACES BACKLASH AFTER SINGING AT NYC ICE PROTEST RALLY
Macklemore concluded his speech by calling for the freedom of other countries, including America, and blasting U.S. Immigration and Customs Enforcement (ICE).
""I say, free America, free Cuba to the Congo to Sudan to Iran, and all the people in America who have to live in fear because of this terrorist organization, ICE,"" he said.
Following his speech, Macklemore performed ""Hind's Hall,"" a song inspired by the 2024 pro-Palestinian campus demonstrations,"" as footage from Gaza, pro-Palestinian protests, images of Israeli soldiers and pro-Palestinian messages were displayed on the stadium's large screens.
The title of the song refers to Hamilton Hall, the Columbia University building that pro-Palestinian students occupied in <DATE> and renamed in honor of a 6-year-old Palestinian girl killed in the Israel-Gaza war. The lyrics in ""Hind's Hall"" praised the anti-Israel encampments and protests on college campuses across the country and called out President Biden, the police and the music industry.
RAPPER FACES $2.8M LAWSUIT AFTER AXING OPENING ACT FROM TOUR FOLLOWING HER POLITICAL RANT
Macklemore also repeated his pro-Palestinian messaging during Sheeran's second MetLife Stadium show Saturday night, again calling for ""Free Palestine"" and performing his protest song ""Hind's Hall.""
While some audience members cheered Macklemore's comments and joined the ""Free Palestine"" chant, the rapper's performance was met with backlash from other attendees.
One concertgoer said on X that he brought his wife and two daughters to Friday's show as longtime Sheeran fans, but left disappointed after Macklemore's set turned political. The fan said his daughters looked ""completely confused"" when Macklemore began chanting ""Free Palestine,"" adding that he had taken them to ""an Ed Sheeran concert, not to have an opening act lecture them about Middle East politics.""
He said his family left their seats during Macklemore's performance and returned after the rapper finished, praising Sheeran's show as ""phenomenal"" but criticizing the singer for allowing Macklemore to perform again Saturday. ""Friday might have been Macklemore's decision. Saturday was yours,"" the concertgoer wrote, adding, ""Tonight, you lost four of them. And I suspect plenty more.""
Another concertgoer said he attended Saturday's show in a company suite with 35 other people and was ""embarrassed"" and ""shocked"" by Macklemore's set. The attendee said he had ""always been a Macklemore fan,"" but after the rapper's ""political stunt,"" he could no longer support him or his music.
""When you go WOKE, you have to be prepared to lose fans,"" he wrote.
The concertgoer also denounced Sheeran for allowing Macklemore to return to the stage Saturday after the backlash from the previous night.
""After it happened on Friday, it should have immediately been stopped,"" he wrote, adding that he went to the show to hear ""amazing music,"" not ""Free Palestine"" rants.
Two other concertgoers told Ynet, the English edition of Israel's largest new website, that they were unfamiliar with Macklemore before the show and unaware that he would be performing.
""We only found out there and we were in shock. It was really horrifying,"" they said.
""We immediately thought about everything our people have been through and how, even when we're abroad, we still have to feel this antisemitism,"" they continued. ""It was even harder because friends of ours were killed in the war and murdered at Nova. It was like a knife in the heart to hear him sing that way and hear people cheering.""
The concertgoers said that some of the members in their group began crying and left the show before Sheeran's performance.
However, some social media users praised Macklemore for speaking up and expressed their support for the rapper's message.
""Huge respect for Ed Sheeran, but seeing Macklemore use his voice for Palestine made this moment mean so much more,"" one fan wrote on Instagram. ""Respect to every artist who refuses to stay silent and uses their platform to speak up for humanity. Macklemore, we hear you.""
""LOVE Macklemore, and good on him using his platform to speak out....his messaging is always spot on. Peace,"" another agreed.
""Free free Palestine. Love to Macklemore. Stay true,"" one fan chimed in.
""this was from last night!! I hope you get to perform this again tonight too!"" a fan wrote alongside a clip from Macklemore's set.
""So happy we get to witness such history!"" one fan commented.
""Honestly I loved this part of the concert !"" another wrote.
""Music has always been a vital platform for human rights advocacy, not just mindless escape,"" wrote one X user. ""Calling for peace, safety, and equality for Palestinians, Congolese, and Sudanese isn't antisemitic - it's pro-humanity. Macklemore explicitly stands for collective liberation and love.""
""Art has always been political, why are you annoyed at an artist giving context to a song he released about the current state of the world you live in?"" another fan commented on X. ""Also, he was an opener, they could've just skipped his set! Although I hope Macklemore sings it louder next time!""
GET ENTERTAINMENT SCOOP DELIVERED RIGHT TO YOUR EMAIL BY CLICKING HERE
Meanwhile, the Israeli-American Council launched a petition calling for Macklemore to be removed from Sheeran's remaining tour dates.
""This was an Ed Sheeran concert - not a political rally, not a protest, and not an activist event,"" the petition read. ""The issue is not whether Macklemore has the right to hold political views. The question is where the line should be drawn when an opening act uses a global concert platform to advance a one-sided political agenda.""
Macklemore has been outspoken in his support for Palestinians since the start of the Israel-Hamas war. In <DATE>, Macklemore spoke at a pro-Palestinian rally in Washington, D.C., where he said, ""I don't know enough. But I know enough that this is a genocide.""
LIKE WHAT YOU'RE READING? CLICK HERE FOR MORE ENTERTAINMENT NEWS
The rapper's political messaging has also sparked backlash before. In 2024, he addressed criticism after saying ""f--- America"" during a pro-Palestinian charity concert in Seattle, later writing that he remained ""unwavering in my support for a Free Palestine.""
PUT YOUR ENTERTAINMENT KNOWLEDGE TO THE TEST AND SEE HOW YOU SCORE
Israel has been accused by some human rights groups, legal scholars and foreign governments of committing genocide during the war in Gaza due to the scale of Palestinian deaths, widespread destruction and mass displacement.
South Africa brought a genocide case against Israel at the International Court of Justice, which ordered Israel in 2024 to take steps to prevent acts of genocide while the case proceeds. Israel has strongly denied accusations of genocide, saying its military campaign is directed at Hamas, not Palestinian civilians, and that it warns civilians to evacuate ahead of attacks while taking steps to comply with international law."
23a65a20479a,eua,Fox News,2026-09-12T20:03:13Z,https://www.foxnews.com/entertainment/pink-hits-back-backlash-criticizing-macklemore-pro-palestinian-concert-remarks,Pink hits back amid backlash for criticizing Macklemore's pro-Palestinian concert remarks,en,False,0,1158,1147,False,"Pink is doubling down on her criticism of Macklemore following his pro-Palestinian comments during a recent concert.
On <DATE>, Macklemore opened for Ed Sheeran at MetLife Stadium in East Rutherford, New Jersey, and he used his time onstage to perform his anti-Israel song, ""Hind's Hall."" He repeatedly chanted ""Free Palestine"" while a slideshow played on the screen behind him, showing footage from the war in Gaza.
Several fans were upset by the performance, including an Instagram page called ""Stop Antisemitism."" The page shared a video criticizing Macklemore, calling the move ""awful."" Pink reposted the video to her own Instagram story, which started a new wave of backlash from people criticizing her for seemingly being pro-Israel.
MICHAEL RAPAPORT SLAMS 'CLOWN' MACKLEMORE FOR ANTI-ISRAEL PERFORMANCE
Initially, Pink didn't explicitly share her opinion on the matter, but on <DATE>, she took to Instagram to explain her thoughts in an emotional statement.
""I've been quiet in my own words for a week, which you know isn't like me. So here they are,"" she began.
The ""So What"" singer explained that she'd reposted the video that was critical of Macklemore, which ""said things in words I didn't write, and I wouldn't have chosen all of them.""
She maintained that ""a repost isn't a statement,"" then wrote, ""I'd rather be disagreed with for what I actually said than hated for what anybody else wrote, so let me say it.""
LIKE WHAT YOU'RE READING? CLICK HERE FOR MORE ENTERTAINMENT NEWS
""I was born a Jew,"" she continued. ""I didn't pick it, and I've never hidden it. And this week a whole lot of people decided what I believe without asking me, without checking a single thing I've ever said or done, because a repost and the word 'Jew' were apparently enough to fill in the rest. But let me fill it in... myself.""
""Of course I don't speak for Israel, or for any government. I never have. What I said in <DATE> is still exactly what I believe: Hamas is a terrorist organization. Palestinians deserve a future that honors their humanity and their aspirations. Protecting innocent life comes first, everywhere, and nobody should ever celebrate the death of a child. Anybody's child.""
JERRY SEINFELD GIVES BLUNT THREE-WORD RESPONSE TO INFLUENCER ASKING FOR A 'FREE PALESTINE'
She detailed the work she's done with UNICEF over the years, spending time with children ""on both sides of that fence,"" and said, ""I'm not going to litigate a complex war in an Instagram caption, and I'm not going to recite anybody's slogan to earn back a follower.""
Pink went on to explain that what she was ""reacting to"" was Macklemore himself. She recalled him performing his song ""Same Love"" at the Grammys in 2014, and how she cheered on the message, but ""Four months later Macklemore put on a hooked nose, a black beard and a bowl cut, performed in it, and called it a 'random costume.'""
""Every Jew I know knew exactly what it was. The same love, it turned out, had a guest list, and we weren't on it. But he apologized, and I let it go, because that's what we do. We let it go. Then last weekend he stood in front of a stadium full of music-loving families, with violent images from a war on the screens, dedicated a song to the movement of his choice, and then took the mic to tell all of the Jews in the stadium that it wasn't about them.""
She added, ""You don't get to decide that for us.""
PUT YOUR ENTERTAINMENT KNOWLEDGE TO THE TEST AND SEE HOW YOU SCORE
""That's what prompted my repost,"" she wrote. ""Not 'Free Palestine,' and not anyone's right to say it. I have never asked for another artist to be silenced and I'm not asking now. I don't need anyone fired, and I don't need a refund. What I need is to be able to say, as a Jewish mom, 'that scared me, and it scared people I love,' without being told our fear is just propaganda, and without being told I'm somehow cool with genocide because I noticed?""
Pink wrote that she's always stood up for her beliefs, even when she is criticized for it, citing her own protest song, ""Dear Mr. President,"" which she wrote in 2006 in response to the Iraq War.
""I have stood up for other people's people my whole career, and I know exactly what it costs,"" she said. ""And now I'm standing up for my own people, and I thought I knew going in how lonely that would be. And it's lonelier than that. But I'm doing it anyway.""
""Something has changed in this country, and I can read it in my own comments. 'From the river to the sea.' 'Zionist,' spat like it's a slur, by people who couldn't tell you the details of what I believe, because I hadn't told them yet. I wasn't asked. I was told. I don't think most of them hate Jews. I think somebody handed them a story where the Jew who won't apologize for existing must be the villain, and they've been putting words in my mouth ever since.""
She said that while she can take being portrayed as a villain, ""I just won't take it quietly, and I'm not going to teach my kids to.""
GET ENTERTAINMENT SCOOP DELIVERED RIGHT TO YOUR EMAIL BY CLICKING HERE
Pink added, ""So, to the ones who are furious with me: you don't have to agree with me. You never did. That's been our unspoken agreement for twenty-five years, and it still stands, and so do I. You don't have to agree with one thing Israel's government does to not want the Jewish family two rows down from you to be scared or targeted at a concert. That's the only thing I'm asking anybody for. To the ones who are frightened this week, Jewish or Muslim or Palestinian or Israeli or just tired of all of it: I see you. And if anybody wants to really know what I think, just ask me. I'm right here. I've never been hard to find. And I'll keep speaking out, in my own words.""
She ended her post by acknowledging the anniversary of 9/11, as well as Rosh Hashanah, saying, ""Now I'm going to go make dinner for my kids, light the candles, dip some apples in honey, pour a glass of wine and be full of gratitude. That's my tradition. It also happens to be a Jewish one. Shana tova.""
Following the original wave of backlash against his performance, Macklemore shared a video to Instagram of himself speaking onstage, explaining that one of the reasons he chose to tour with Sheeran was to be able to say ""Free Palestine"" in front of a large audience.
""Wanting all humans to be treated equal should never be controversial,"" he wrote in his caption."
dafd76bb38a0,eua,Fox News,2026-09-28T21:17:50Z,https://www.foxnews.com/media/nobody-wants-this-star-accuses-israel-genocide,'Nobody Wants This' star accuses Israel of 'genocide',en,False,0,580,572,False,"On Friday, Jewish actor Adam Brody joined the growing list of progressive celebrities accusing Israel of committing ""genocide"" in Gaza while suggesting that Hollywood has grown more ""conservative"" under President Donald Trump.
Brody, who plays a rabbi in Netflix's romantic comedy series ""Nobody Wants This,"" addressed the topic when speaking to GQ Magazine about his political activism and volunteer work for the progressive organization Swing Left. Although he has not publicly addressed the Middle East conflict previously, Brody told the magazine that he has discussed it privately.
""Put me down as thinking it's a genocide,"" Brody said. ""Put me down as wanting a free Palestine. It's awful that it's taken so much death and misery, but it does feel like it's reaching a breaking point that it should have a while ago. I'm hopeful that another administration can really do some good and correct some of these policies that are helping that situation be as awful as it is.""
""The O.C."" actor's comments resembled ones made by other progressive celebrities such as actor Mark Ruffalo and rapper Macklemore, who have referred to the Israel-Hamas conflict as a ""genocide.""
Though several celebrities have spoken out against Israel's actions, Brody suggested that political activism in Hollywood has decreased, noting that he doesn't speak about political issues in many interviews.
""I think it's the cycle. The first time Trump was elected, it was inconceivable. It woke everyone,"" he said. ""There was so much activism. People were running for office that had never ran before. It was so awful to watch him defile our government, our country, our reputation, and really pit people against each other. I felt like most of the country right away was really against it.""
""It felt very safe to step out against him in the first presidency,"" Brody continued. ""The second time, the presidency was more powerful. Corporations were lining up behind him like they hadn't before. People had to risk more to get in front of it. It just felt like the mood wasn't there. The country decided this is the way it wants to go. As we start to pick up steam for this election, it's getting exciting again. We're starting to feel powerful again.""
'SHE-HULK' STAR SLAMS TOM SELLECK, MICHAEL JORDAN AS 'COWARDLY' FOR AVOIDING POLITICAL TALK
Brody even claimed that Hollywood has gotten more ""outspokenly"" conservative during Trump's second term.
""Again, as one side has more power, it makes sense that it draws people to it for all the human reasons that would be attractive: groupthink, your own well-being, your own money and success,"" Brody said.
Fox News Digital reached out to Brody's representatives for comment but did not immediately receive a response.
In response to the interview, ""Hollywood in Toto"" founder Christian Toto told Fox News Digital that while it has gotten ""microscopically better"" to be a conservative in Hollywood, groupthink and bullying behind the scenes ""remain powerful"" as activism starts to see a resurgence.
MICHAEL RAPAPORT TELLS CRAIG CARTON THAT HIS SUPPORT FOR ISRAEL HAS COST HIM WORK IN HOLLYWOOD
""Hollywood activism was a bit muted following the 2024 election, but now it's back to its usual volume and cadence. And if Brody truly felt afraid to say what he's saying ... he would keep it all to himself. Sharing his doctrinaire, hard-Left views is the most pro-career move an actor can make in 2026, particularly in how he's viewed by fellow actors,"" Toto said."
f93c52db4e15,eua,Fox News,2026-09-05T16:11:25Z,https://www.foxnews.com/media/abdul-el-sayed-erupts-over-repeated-israel-questions-suggests-his-name-faith-behind-press-scrutiny,"Abdul El-Sayed hits back at Israel questions, suggests his name and faith are behind press scrutiny",en,False,0,624,607,False,"Michigan Democratic U.S. Senate nominee Abdul El-Sayed suggested that reporters press him about the Israel-Hamas war because of his name and his faith.
Speaking on Detroit Public Radio's ""MichMash"" podcast, El-Sayed pushed back on host Zach Gorchow's line of questioning about the Israel-Hamas conflict, suggesting that his name and Muslim faith play a role in the media attention surrounding the issue.
""You've been asked many times whether you support a two-state solution regarding the Israeli-Palestinian conflict, and you generally say you support equal rights to self-determination for Jewish Israelis and Palestinians,"" Gorchow said. ""Can you tell us, what does that mean?""
""Zach, with all due respect, this has been hashed and rehashed,"" El-Sayed began. ""This is the 'MichMash' podcast. I'm focused on what's happening for the 10 million people in this state.""
El-Sayed then suggested the media's interest in his stance on the conflict was related to his identity.
MICHIGAN SENATE CANDIDATE CONFRONTED REPEATEDLY OVER ISRAEL'S RIGHT TO EXIST, DEFUNDING THE POLICE
""It's so frustrating to me that people want to make this race about something that's happening 6,000 miles away, when we've got kids who can't afford a next meal here at home,"" he continued.
The controversial candidate went on to blast the constant line of questioning from members of the press regarding his stance on providing aid to Israel, a topic he has remained staunchly against throughout his campaign.
MICHIGAN SENATE HOPEFUL CALLS AIPAC DONATIONS 'LEGALIZED BRIBERY,' REMAINS SILENT ON OTHER DONATIONS
""I just find it so interesting that I never get asked about this question on the stump,"" El-Sayed told the host. ""But it seems to me that every time I sit down with anybody in the press, it seems that that's the most important question.""
El-Sayed continued by suggesting the media's focus on his stance on Israel could be related to his name and Muslim faith.
EL-SAYED'S HASAN PIKER PROBLEM FOLLOWS HIM TO DEM CONVENTION AS JEWISH VOTERS BREAK RANKS
""It tends to be the first question everybody likes to ask me,"" he said. ""I wonder why. I mean, does it have something to do with my name? Maybe, you know, how I pray?""
He concluded by doubling down on his assertion that his campaign is focused on the people of Michigan, not the people of Israel.
MICHIGAN DEMOCRATIC SENATE CANDIDATE CLAIMS ISRAEL 'JUST AS EVIL' AS HAMAS
""It's fascinating to me that I'm running to represent 10 million people who live here, and you want to ask about people living somewhere else,"" El-Sayed continued. ""And I just think I want to be talking about [the] people living here.""
According to data compiled by the Jewish Virtual Library, Michigan is home to 129,225 Jewish residents who comprise roughly 1.3% of the state's population.
JEWISH DEMOCRATS ABANDON EL-SAYED FOR GOP RIVAL IN ALL-IMPORTANT BATTLEGROUND STATE
El-Sayed's comments were of interest to CEO of Axia Public Relations Jason Mudd, who told Fox News Digital his ability to flip the narrative on the press shows a level of message discipline.
""He stayed on message, pivoting to affordability both times he was asked. That's real discipline. But when you listen to the full episode, he never uses the word racist. He questions why the topic keeps coming up and ties it to his name and his faith. He's pointing to bias.
""If El-Sayed were my client, I'd advise him to name the bias claim directly instead of leaving it implied, then answer the follow-up on what his position actually means in the same breath. Right now, the framing comes first, and he still hasn't answered the follow-up.""
Fox News Digital reached out to El-Sayed's campaign for comment."
d66903b3b1fe,eua,Fox News,2026-09-06T18:45:25Z,https://www.foxnews.com/media/raskin-calls-pikers-rhetoric-irrelevant-distraction-streamer-said-hed-vote-hamas-over-israel,Raskin calls Piker’s rhetoric 'irrelevant distraction' after the streamer said he'd vote for Hamas over Israel,en,False,0,560,543,False,"Rep. Jamie Raskin, D-Md., dismissed scrutiny of far-left streamer Hasan Piker's rhetoric about Hamas as an ""irrelevant distraction"" Sunday on NBC's ""Meet the Press,"" as host Kristen Welker pressed him over Democratic divisions surrounding Michigan Senate nominee Abdul El-Sayed's relationship with the controversial online personality.
Welker played Raskin a clip of Piker saying he would vote Hamas over Israel ""every single time"" and asked whether the Democratic Party's tent was large enough to include the streamer.
""I don't even know if Hasan Piker considers himself a Democrat. I know he attacked me for campaigning with Callie Barr and Sean McCann and other Democrats in Michigan. I think all of that is an irrelevant distraction,"" Raskin said. ""Obviously, nobody supports Hamas, a terrorist organization which brutally attacked Israel on October 7.""
Natalie Baldassarre, national press secretary for the RNC, pointed to Piker's growing role in Democratic politics and his support for socialist candidates as she warned that his influence could become a broader liability for the party heading into November.
""The Democrat Party is being driven off [a] cliff by socialists who are driving blindfolded while arguing about the view,"" Baldassarre said in a recent statement to Fox News Digital. ""Unless Democrats hit the brakes, every candidate on the ballot will have to answer for socialists' outrageous beliefs that will bankrupt our country and strip every American of safety, sanity, and freedom.""
Raskin's comments came after he campaigned alongside El-Sayed in Michigan in late August. El-Sayed has continued to face questions over his ties to Piker as some Democrats have publicly distanced themselves from the streamer.
Piker, who endorsed El-Sayed and appeared at multiple campaign events during the Democratic primary, reiterated his comparison between Hamas and Israel during an April appearance on ""Pod Save America.""
""I've also said I'm a harm reduction voter. I'm a lesser evil voter, and therefore I would vote for Hamas over Israel every single time,"" Piker said in the clip played for Raskin on Sunday.
Piker has also faced renewed criticism for comments involving American Jews. Fox News Digital reported that he warned on a livestream that if American Jews continued presenting themselves as ""singularly invested in Israel,"" someone could eventually ""take action"" against them.
HASAN PIKER INSISTS ABDUL EL-SAYED ASKED HIM TO 'STUMP' FOR MICHIGAN CAMPAIGN AMID BACKLASH
El-Sayed responded to that controversy by stressing that the streamer was not a spokesman for his campaign.
""I want to be crystal clear, nobody speaks for this campaign besides me and my campaign spokespeople,"" El-Sayed said.
El-Sayed has nevertheless resisted calls to fully disavow Piker. During a recent interview with Stephen A. Smith, he said his goal was to bring the streamer's millions of listeners into the electoral process rather than abandon them over disagreements.
""What I'm saying is there are 3 million people who listen to Hasan,"" El-Sayed said. ""I want to offer them a pathway into an electoral movement.""
Rep. Alexandria Ocasio-Cortez, D-N.Y., called the attention devoted to Piker ""absolutely ludicrous,"" while Rep. Pramila Jayapal, D-Wash, said Democrats should engage his audience even if they disagree with some of his views. Other Democrats have urged the party to distance itself from him.
Fox News Digital reached out to Piker for comment, but did not immediately receive a response."
e1492f36cde7,eua,Fox News,2026-09-16T01:16:51Z,https://www.foxnews.com/media/ms-rachel-backlash-gaza-posts-doesnt-faze-calls-out-celebrity-silence,Ms Rachel says backlash over her Gaza posts 'doesn't faze' her as she calls out celebrity silence,en,False,0,618,610,False,"Children's YouTuber star Ms. Rachel told Rolling Stone magazine on Tuesday that the backlash she received for her social media posts on Gaza ""doesn't faze"" her too much anymore.
The magazine reported that although Ms. Rachel, whose real name is Rachel Griffin Accurso, has spoken out on other political issues such as the Trump administration's deportation policies or LGBTQ activism, her comments on the Israel-Hamas war drew the most ""aggressive criticism.""
She remarked that the backlash surprised her initially.
""I thought everyone hated me at one point,"" Accurso said. ""I remember calling friends and family members, Jewish and not Jewish, and just being like, 'Why do people hate that I don't want kids to be killed and starved?'""
YOUTUBE STAR MS RACHEL DECLARES 'I AM POLITICAL' IN NEW MISSION TO SHUT DOWN ICE FACILITY
Accurso continued advocating for Palestinian children in Gaza, calling out celebrities and politicians for not speaking out enough on their behalf.
""'You're gonna lose this partnership. You're gonna lose views.' That doesn't faze me because the kids gave me the platform. I'm going to stand with them no matter what,"" Accurso said. ""People on the ground in Gaza are risking their lives all the time to help kids. I can do it from Manhattan.""
Fox News Digital reached out to Accurso for comment but did not immediately receive a response.
CHILDREN'S YOUTUBE STAR 'MS. RACHEL' TALKS TO ANTI-ISRAEL REPORTER ABOUT GAZA POSTS
The article came days after Accurso accused celebrities who haven't spoken out about Gaza of having a racial double standard in how they value children.
""They probably would say something if these kids were White and from a different place. Please stop being racist and risk something,"" Accurso said on Instagram.
She was also one of several prominent progressives who called out singer Ed Sheeran following Macklemore's removal as the opening act for his tour after he repeatedly called for a ""Free Palestine"" and performed his anti-Israel song ""Hind's Hall"" during his act.
""Ed Sheeran had an opportunity [to] show that we won't be bullied into punishing people for supporting Palestine. Instead, he caved to people who refuse to accept what the world knows. A genocide is happening in Gaza. We all need to speak out against it,"" Accurso wrote.
""If more than 20,000 White children were killed in another part of the world, everyone would be shouting about it at their concerts,"" she added. ""Treating some children's lives as less worthy of outrage is racist. Silence during a genocide is not neutral.""
MS RACHEL CONFRONTED ON ACCUSING ISRAEL OF 'GENOCIDE' IN PARK INTERACTION WITH PODCASTER
Accurso has been criticized by pro-Israel organizations and groups that say her posts have shared anti-Israel propaganda by repeatedly accusing the Jewish nation of committing ""genocide.""
Rabbi Yaakov Menken, the executive vice president of the Coalition for Jewish Values, said in a statement to Fox News Digital, ""To attempt to dress up Jew-hatred as a righteous cause is by no means new. No one is criticizing Rachel Accurso because she doesn't 'want kids to be killed and starved.'""
""She claims to care about 35.5 million children suffering from acute malnutrition across Africa, the Middle East, and Asia, but spends an inordinate amount of time speaking about 0.031 million children in Gaza,"" he added. ""When 0.09% of starving children receive 90% of her attention, something is wrong.""
""She had nothing to say about Israeli children being held hostage until seven months later, when the backlash became too loud to ignore. It is clear that her problem is not a deep concern for children, but that she is using her purported deep concern to mask something much darker,"" Menken concluded."
28f28ca9ffec,eua,Fox News,2026-09-23T12:00:42Z,https://www.foxnews.com/politics/lost-translation-israel-huckabee-blast-macron-over-hamas-comments-france-clarifies-wording,"Lost in translation: Israel, Huckabee blast Macron over Hamas comments as France clarifies wording",en,False,0,1340,1322,False,"President Donald Trump offered a roaring counterbalance to a spate of world leaders bashing Israel or appearing to equivocate between the October 7 Hamas terror attacks and Jerusalem's response - as one world leader was assailed for his comments on Hamas.
Gaza dominated the opening day of the U.N. General Assembly on Tuesday, despite a ceasefire, as world leaders accused Israel of continuing to displace Palestinians and undermine prospects for peace.
French President Emmanuel Macron accused Israel of violating Palestinian rights in the West Bank, questioning the justification for its actions and making a remark that was translated as ""Hamas was never active in the West Bank.""
MIDDLE EAST TAKES CENTER STAGE AT UN AS REGIONAL LEADERS CONFRONT IRAN WAR, GAZA AND HOUTHI THREAT
Israeli U.N. Ambassador Danny Danon challenged his claim about Hamas' presence in the West Bank. ""French President Emmanuel Macron claimed from the UN podium that Hamas has 'never been active' in Judea and Samaria. Just two days ago, a French citizen was murdered there,"" Danon wrote on X. ""Mr. President, Emmanuel Macron, do your homework before lecturing Israel. Check the facts.""
Asked by Fox News Digital to clarify Macron's remarks, a French Foreign Ministry spokesperson said: ""The president meant to say that Hamas does not govern the West Bank. His remarks should therefore not be misinterpreted.""
In response to the comments, U.S. Ambassador to Israel Mike Huckabee reposted Israel's Minister of Diaspora and Combating Antisemitism. Huckabee stated, ""Hard to imagine a more out of touch with reality speech than Macron at UN. corrects the record. Hamas is an evil scourge, and they have killed innocent American citizens.
Chickli's post noted in part that, ""Since 1990, Hamas has carried out more than 80 lethal terrorist attacks originating in or directed from Judea and Samaria, murdering more than 350 Israeli civilians."" Judea and Samaria is another term used for the West Bank.
Macron also accused Israel of violating Palestinian rights in the West Bank and undermining the sovereignty of neighboring Lebanon, where he said villages in the south were being ""razed."" Macron questioned the credibility of the international community's recognition of Palestinian statehood if it failed to act on the situation in Gaza. ""Some claim that peace has been achieved,"" he said, calling the situation ""shameful.""
U.N. Secretary-General António Guterres, in his final address to the U.N. General Assembly (UNGA) as secretary-general, opened fire on Israel's response in Gaza, describing it as ""a scale of killing and destruction unlike anything I have witnessed in all my years as Secretary-General.""
""Amid the turmoil engulfing the region, we must not lose sight of the devastating situation in the Occupied Palestinian Territory,"" he said, as the world approaches three years since the Hamas terror attacks that sparked the Israeli military response he spent much of his speech criticizing.
At the same time, Guterres lamented the ongoing conflict in Sudan, saying the war-torn East African nation is a place the ""world looks away"" from wrongly.
Yet his decision to single out Gaza as ""the worst"" devastation he had witnessed during his tenure raised questions about the international community's uneven attention to two of the world's deadliest conflicts. Approximately 72,000 Palestinians have been reported killed in Gaza, according to the Hamas-run Health Ministry, compared with an estimated 150,000 people killed in Sudan's civil war. Many of those killed in Gaza include terrorists.
King Abdullah II of Jordan, a regional U.S. ally whose country signed a peace agreement with Israel in 1994, doubled down on the anti-Israel tenor, accusing Jerusalem of ""war crimes.""
""In my region, from Lebanon to Yemen, to Sudan, protracted conflict is deepening humanitarian suffering,"" Abdullah said. ""And if anyone had any doubt that a crisis in our part of the world stays there, just look at the energy and grocery bills of ordinary families, from Mumbai to Madrid to Minnesota.""
WORLD LEADERS DESCEND ON NEW YORK FOR UNGA - BUT WHO REALLY HAS AMERICA'S EAR?
Abdullah said Jordanian field hospitals had been targeted during the first 300 days of the ""so-called ceasefire"" and lamented the deaths of Palestinian children.
He also praised Trump for ""pushing hard for peace"" while pivoting to fault Israel for ""moving the goalposts"" and allegedly destroying civilian infrastructure in Gaza.
""The question is, is this the behavior of a democratic state governed by law? What is unfolding across the West Bank is not a series of isolated acts. It is elements of a single policy to compel an entire population to leave their land,"" Abdullah said.
""And there is a name for that: forced displacement. And that is a war crime.""
Abdullah also accused Israel of harboring territorial ambitions in Syria, calling on the international community to act.
Just before Abdullah, President Donald Trump offered a scathing counterweight to the invective directed at the Netanyahu administration and Israel's response to Palestinian terrorism.
BRITAIN'S DRAMATIC CRACKDOWN ON ISRAELI SETTLEMENTS SPARKS FIERCE RESPONSE AS US BLOWBACK LOOMS
""Iran will never have a nuclear weapon"" was a mantra repeated by Trump from the dais, as he noted that the Khamenei regime had also celebrated October 7 as a ""service to humanity"" while murdering thousands of Iranian citizens in recent months, according to the president.
""Just imagine such a vile regime, wherever empowered to carry out large-scale terror attacks from behind a nuclear shield. This was the reality we had to confront, the reality that far too many preferred to ignore,"" he said, taking occasional swipes at nations - and previous U.S. leaders - who refused to help neutralize the Iranian threat.
""Do I drive them into hell with no chance of survival and no hope of future greatness or generations?"" he asked. ""But I believe we'll make a deal right after the election,"" he added, suggesting Iran is waiting to see whether Republicans retain control of Congress while noting that he himself is not on the ballot.
Meanwhile, criticism of Israel continued from the dais throughout the day.
Brazilian President Luiz Inácio Lula da Silva said that former Israeli Prime Minister Yitzhak Rabin and former Palestinian leader Yasser Arafat were ""statesmen"" who sought solutions with courage and clarity.
SIGN UP TO GET THE POLITICS NEWSLETTER
""They were defeated by hatred,"" Lula da Silva claimed, according to the U.N.'s transcript of his remarks.
""Generations of Palestinians will carry the pain and trauma left by the genocide of women and children perpetrated by Netanyahu['s] government in Gaza,"" he said.
Danon told Fox News Digital that, ""Unfortunately, it's not new, but the U.N. is obsessed with Israel.""
""Instead of focusing and dealing with the real issues, they all gather and gang against Israel,"" he said. ""[It is] the weakness of the secretary general. That is why we are grateful for President Trump, who came to the U.N., delivered a very powerful speech with moral clarity, but we are used to it... Unfortunately, instead of taking practical actions to improve the world, it's much easier to blame Israel about everything,"" he said.
Turkish President Recep Tayyip Erdoğan, called Gaza ""the world's biggest graveyard for children"" and compared the situation there to Holocaust-era concentration camps, continuing his history of comparing Israel to Nazi Germany.
Danon said it is legitimate to criticize Israel and that its leaders welcome debate - but that the U.N. instead delved into ""pure hate [and] incitement,"" singling out Erdoğan, who is supposed to be a Western ally.
""[He] comes here every year, compares the Israelis to the Nazis. That's shameful. That's shameful. And he shows that he's an antisemite. He doesn't really care about the Palestinians. He just wants to sow chaos and instigate against the Jewish people.""
As for King Abdullah's remarks, Danon said, ""He should know better. We work with Jordan, we support Jordan, we defended Jordan in the past. But unfortunately, many leaders, when they come here, they don't speak about the cooperation with Israel, the economical or security cooperation. They join the group and they always criticize us."""
d484e350670d,eua,Fox News,2026-09-02T01:37:57Z,https://www.foxnews.com/politics/top-democrat-survives-double-barreled-challenge-partys-israel-divide-hits-home,Top Democrat survives double-barreled challenge as party’s Israel divide hits home,en,False,0,399,391,False,"House Democratic Whip Katherine Clark toppled two progressive challengers Tuesday in Massachusetts' safely Democratic 5th Congressional District, surviving a primary fight that put Gaza and pro-Israel political spending at the center of the race.
Clark, who won handily Tuesday night against fellow Democratic Party contenders Jonathan Paz and Tarik Samman, was first elected in 2013 during a special election and has held her position as House Democratic whip since 2022.
The second-highest ranking Democrat after House Minority Leader Hakeem Jeffries, Clark has helped lead opposition to Republican spending, immigration and healthcare measures, including recent messaging against ICE funding and GOP cuts to Head Start and Medicaid.
MEET THE FAR-LEFT INSURGENTS WAGING WAR ON THE DEMOCRATIC ESTABLISHMENT IN 2026 MIDTERMS
She ran against former city councilor, educator and union organizer Paz and 27-year-old Harvard Law School researcher and union organizer Samman.
Clark fended off two left-wing challengers who sought to make Gaza and pro-Israel political money central issues in the safely blue Boston-area primary.
Her fundraising operation dwarfed both challengers, raising $4.5 million, while Paz raised $88,500 and Samman brought in $43,800, according to FEC filings.
PELOSI-BACKED DEMOCRAT LOSES AFTER $10M FLOOD OF CRYPTO, PRO-ISRAEL MONEY
While AIPAC, the American Israel Public Affairs Committee, endorsed Clark and has contributed to her campaign in the past, she has taken a critical stance toward the Israeli government's handling of the war in Gaza.
AIPAC is an influential pro-Israel lobbying group that has been criticized for advocating for U.S. military aid to Israel amid the war in Gaza.
Last year, Clark used the word ""genocide"" at a district event before clarifying that she was not accusing Israel of genocide. Then, in July, she voted to cut $3.3 billion in U.S. military aid, saying Prime Minister Benjamin Netanyahu's government had failed to meet U.S. interests and values.
Clark has continued to support Israel as a sovereign Jewish state and backed U.S. assistance for some Israeli defensive systems but is critical of Netanyahu.
TOP HOUSE DEMOCRAT SAYS ANTI-ISRAEL ACTIVISTS' THREATS KEPT HIM FROM TOWN HALLS FOR A YEAR
Samman and Paz have argued that while Clark has increasingly criticized Israel's conduct in Gaza, she has yet to renounce the AIPAC money she has accepted.
Clark ran unopposed in 2024. Her most recent general election opponent was Republican Caroline Colarusso, whom Clark defeated 74% to 26% in 2022."
94ee619c611d,eua,Fox News,2026-09-23T21:45:13Z,https://www.foxnews.com/media/new-york-times-faces-shareholder-lawsuit-over-alleged-anti-israel-bias,New York Times faces shareholder lawsuit over alleged anti-Israel bias,en,False,0,1033,1011,False,"New York Times shareholders filed a lawsuit Wednesday against the paper's parent company, demanding that its board hand over internal records concerning how it has handled topics, including the Israel-Hamas war.
The State Board of Administration of Florida (SBA) and conservative nonprofit National Center for Public Policy Research (NCPPR) filed the petition in New York County Supreme Court, seeking to compel The New York Times Company to produce internal records showing how the board oversees editorial standards, fact-checking, corrections, source verification, defamation exposure and reputational risk, with the paper's Gaza coverage being central to the shareholders' concerns.
The petition claimed that The New York Times has had a recent history of ""materially false or baseless factual assertions,"" citing a peer-reviewed study published in 2024 that found the Times admitted 72 errors in its Israel-Hamas war coverage between <DATE> and <DATE>, with 48 of these errors about Israel, and that the ""[c]orrections were late, vague and sometimes evasive.""
""The Company's repeated publication of materially false or baseless factual assertions, many later admitted internally or disproven externally, supports a reasonable inference that the Board has not only failed in its obligation to monitor the Company's internal controls, but it has allowed such flagrantly selective application of the internal controls to support the conclusion that in the absence of any Board-level oversight, journalistic standards have been weaponized within the Company to serve the personal agendas of unchecked editors,"" the petition read.
NEW YORK TIMES LOSES DEFAMATION SUIT, ORDERED TO PAY $9.25M TO FORMER ALABAMA BASKETBALL PLAYER
""That inference is strengthened by what Petitioners' investigation did not find: any Board-level committee, independent oversight function, or other objective third party charged with assessing whether the Company effectively enforces and complies with its own editorial standards,"" the complaint continued.
""Put plainly, although the Company adopted certain internal journalistic controls (including controls against biased reporting and misreporting), Petitioners found no indication that the Board established any mechanism for information about compliance with those controls to reach the Board,"" it added.
""Making matters worse, numerous instances of gross violations of those controls were brought to the attention of Board members who double as Company executives, yet the Board seemingly refused to take any corrective or protective action.""
The petition cites a <DATE>, opinion column by Nicholas Kristof titled ""The Silence That Meets the Rape of Palestinians,"" whose sourcing and claims, the shareholders allege, were publicly criticized and ""shown to be exaggerated, manipulated, and unsupported.""
The petition also claimed that The New York Times fostered an unwelcoming environment for differences of opinion, citing a whistleblower who raised concerns about anti-Israel bias in the paper's reporting with Human Resources and was allegedly told, ""If you don't like our values here, maybe you should go find a place whose values align with yours.""
The New York Times has, according to the petition, rejected prior demands for the requested records, saying the demand ""does not serve a proper purpose and violates the First Amendment"" and that the petitioners' concerns are ""transparently pretextual and made in bad faith"" as well as saying the demands ""are improper on their face because they seek records of the day-to-day business and editorial judgments of The Times"" and qualify as ""coordinated harassment.""
A spokesperson for the Times dismissed the lawsuit in comments to Fox News Digital.
""This lawsuit has no merit and was brought for an improper purpose,"" the paper said in a statement. ""Although it is positioned as a corporate governance petition to inspect the company's books and records, it is a transparent attempt to exert agenda-driven pressure against an independent media organization, level false allegations of bias and chill journalism protected by the First Amendment. We will defend against the suit vigorously.""
Gerard Filitti, senior counsel with The Lawfare Project, a Jewish civil and human rights organization, described the case in more detail in comments to Fox News Digital.
""In May, The Lawfare Project sent The New York Times a seven-page retraction demand on the [Nicholas] Kristof column, documenting that the column's primary source is chaired by a man on Israel's list of Hamas operatives who called the October 7 attackers 'heroic knights,' and that its validating expert left UCLA amid sexual harassment allegations involving minors,"" Filitti said.
""The Times' deputy general counsel answered that he saw 'no basis for a retraction or correction' because the story 'was carefully edited and fact-checked.' Yet less than two months later, the paper's executive editor said the newsroom 'wouldn't have done that exact piece,'"" he continued.
""Shortly after our demand, the paper's own shareholders asked a narrower question - whether anyone above the editors checks that the Times follows its own written standards - and the Times refused to even provide them with the charters and standards handbook it already publishes.
""The petition filed today puts the Times' credibility in front of a judge, along with a record the paper has refused to answer anywhere else: 72 errors the paper admitted in eight months of war coverage, 48 of them about Israel; a front-page caption calling a Gaza child 'born healthy' that the paper walked back five days later; a columnist who quoted his own campaign donors in at least a dozen columns without telling readers; a 10-year Jewish employee told by Human Resources, according to the petition, to 'go find a place whose values align with yours;' and a federal jury that found the Times liable for defamation on <DATE>, the paper's first loss at trial in more than fifty years,"" Filitti added.
""This record comes from the Times' own corrections column, its own personnel and a jury, and it is now a court filing in New York County,"" he continued. ""For the first time, the Times has to give an answer - in sworn papers, to a judge, on a public docket. The likely response, from a paper that sells credibility for a living, is that its own shareholders may not ask how it protects that credibility. The petition is a first step toward accountability, and a larger one toward public recognition that the problem is systemic."""
3b193264dae8,oriente_medio,Al Jazeera,2026-09-26T20:33:05Z,https://www.aljazeera.com/news/2026/9/26/hamas-slams-board-of-peace-for-refusal-to-work-with-unrwa-in-gaza,Hamas slams Board of Peace for refusal to work with UNRWA in Gaza,en,False,0,716,663,False,"Hamas slams Board of Peace for refusal to work with UNRWA in Gaza
Hamas accuses Board of Peace of aligning with Israel after excluding UN agency for Palestinians from Gaza operations.
Palestinian group Hamas has condemned the Board of Peace's decision not to work with the United Nations agency for Palestinians, UNRWA, and for saying that the agency will have no role in Gaza.
The US-created Board's decision is ""a complete alignment with the Zionist [Israeli] position"", aimed at ending UNRWA's operations, preventing it from delivering aid to Palestinians and eliminating the right of return, Hamas spokesperson Hazem Qassem said on Saturday.
On Friday, the Board of Peace said that ""UNRWA's involvement in Gaza is unchanged.""
""We will only work with trusted partners who will deliver for the people of Gaza and contribute to a deradicalized Strip,"" it said in a post on X, adding that ""UNRWA fails on those litmus tests"".
In his statement, Qassem said it was ""strange for the Peace Council to adopt this hostile stance towards UNRWA while simultaneously failing to provide aid to Gaza or compel the occupation to abide by the ceasefire agreement and halt the daily killings of Palestinians in the Strip"".
UNRWA, set up in 1949, has for decades provided aid and education services to Palestinian refugees and preserved their national rights.
Palestinians see the agency as safeguarding their right of return to their homeland, while Israel wants it dismantled.
'UNRWA's days are over'
The Associated Press reported on Friday that Board of Peace members had been more willing to work with UNRWA behind the scenes than their public stance suggested.
At the Board of Peace briefing to the UN General Assembly on Wednesday, officials named several UN agencies as partners. UNRWA was not among them.
However, a Board of Peace official, speaking to The AP on condition of anonymity, confirmed that board members had met UNRWA officials several times.
The official said the agency's programmes could continue if they served Gaza's residents well, but maintained that ""UNRWA's days are over"".
Philippe Lazzarini, who led UNRWA until earlier this year, told The AP that members of the Palestinian technocratic committee appointed by the Board to govern Gaza wanted to work with the agency.
On Thursday, Lazzarini accused the Board of failing to deliver on its mandate, saying in a post on X that Israeli authorities are still blocking basic aid ""as part of a wider plan to keep Gaza unlivable for Palestinians"".
""Grandiose plans is what the Board of Peace does best. Plans however will not keep the people of Gaza warm this winter,"" he added, urging that crossings into Gaza be opened and supplies let in at scale.
Gaza, West Bank attacks continue
On the ground on Saturday, Israel's pattern of violations against Palestinians in Gaza and the occupied West Bank continued.
Israeli attacks killed seven Palestinians across the Gaza Strip in the past 48 hours, including one person who succumbed to wounds sustained prior, Gaza's Ministry of Health said.
In northern Gaza, Israeli forces shot dead a Palestinian in Jabalia, the Palestinian news agency Wafa reported. An Israeli drone strike near Joulis Street and al-Nouri Tower in the Nuseirat refugee camp killed another person and wounded others.
In al-Mawasi in Khan Younis, an Israeli drone strike wounded several Palestinians, including a girl, while Israeli artillery shelled areas east of the city.
An Israeli quadcopter also opened fire on Salah al-Din Street in central Gaza, wounding three people, including another girl.
Meanwhile, in the occupied West Bank, Israeli forces stormed Ramallah-based Birzeit University, raiding one of its buildings while students sat final examinations, according to the Palestinian news agency Wafa.
In Tulkarem, forces arrested resident Bashar Odeh after raiding his home in Shuweika, and interrogated others during home searches in Zeita.
In Bethlehem governorate, Israeli forces closed the military gates at the entrances to western villages, stopping residents, including pedestrians, from passing.
Raids continued across other localities, including the Qalandiya and Am'ari refugee camps."
0230fdabc8c5,oriente_medio,Al Jazeera,2026-09-28T20:35:51Z,https://www.aljazeera.com/video/newsfeed/2026/9/28/aje-onl-nf_slovenias-u-turn-towards-israel-280926,Slovenia’s U-turn towards Israel,en,False,0,53,47,True,"Slovenia's U-turn towards Israel
Slovenia's U-turn towards Israel
Slovenian PM Janez Jansa met Israeli PM Benjamin Netanyahu on the sidelines of the UN General Assembly. With Jansa back in office, Slovenia's policy towards Palestine has changed sharply. Al Jazeera's Nafisa Latic explains what is behind this shift."
834d9fefcb89,oriente_medio,Al Jazeera,2026-09-20T14:00:32Z,https://www.aljazeera.com/opinions/2026/9/20/the-pro-israel-censors-are-starting-to-lose,The pro-Israel censors are starting to lose,en,False,0,852,833,False,"The pro-Israel censors are starting to lose
The Macklemore controversy demonstrates that the cost of speaking up for Palestine is diminishing.
For decades, Israel's greatest advantage in the West was not simply military or political support. It was narrative power.
Israel and its supporters enjoyed enormous influence over the boundaries of acceptable discussion about Palestine: which violent incident received attention, whose security mattered the most, which historical context was relevant and, crucially, what criticism of Israel could be allowed in public.
That power has not disappeared. But the extraordinary controversy surrounding Macklemore's removal from Ed Sheeran's US tour shows how rapidly it is eroding.
The fact that the American rapper was dropped from the tour after he spoke about Palestine on stage meant that the old system worked. A powerful billionaire objected. Venues applied pressure. The artist disappeared from the stage.
What was different this time was the backlash.
In response to the censorship, every remaining support act on Sheeran's tour walked away. Finneas, Lukas Graham, Aaron Rowe and Beoga all withdrew. Meanwhile, ticket prices for Sheeran's remaining concerts plunged, in some cases losing 50 percent of their value, as many fans felt outraged.
Macklemore stood his ground and pledged the $1m he had earned from his appearances to six organisations supporting Palestinians. Subsequently, the media reported Sheeran would donate $2m towards humanitarian relief in the region.
All of this has helped generate further donations and attention for Palestinian aid organisations, including a $1m pledge from children's educator Ms Rachel.
Consider what happened.
An attempt to push ""Free Palestine"" off the stage resulted in Palestine receiving vastly more attention, artists abandoning one of the world's biggest tours and more funds being donated to Palestinian organisations.
The attempt to control the message amplified the message itself. And that tells us something much bigger than how controversy is handled in the music industry.
Amid its genocide in Gaza, Israel is facing a crisis not simply of public opinion, but of narrative control.
For almost three years, the world has watched Palestinians killed, displaced and starved. It has seen neighbourhoods flattened, hospitals overwhelmed and families repeatedly driven from one place to another. A United Nations Commission of Inquiry has concluded that Israel committed genocide in Gaza. The International Criminal Court has issued arrest warrants for Israeli Prime Minister Benjamin Netanyahu and former Defence Minister Yoav Gallant over alleged war crimes and crimes against humanity.
The old narrative increasingly struggles against a force Israel cannot easily control: people can see what is happening themselves.
Palestinian journalists, doctors, parents and ordinary citizens no longer depend entirely on Western governments or established media organisations to narrate their lives. Images, testimony and documentation travel directly from Gaza to millions of phones around the world.
There are limits to propaganda when people can witness the consequences of power for themselves. Public opinion increasingly reflects that rupture.
A Pew Research Center survey across 36 countries this year found a median of 67 percent of respondents held an unfavourable view of Israel. In the United Kingdom, it was 69 percent, Germany - 73 percent, Italy - 75 percent and Australia - 79 percent. Even in the United States, Israel's most important ally, 60 percent viewed Israel unfavourably.
Among younger people, the transformation is more dramatic still. Seventy-four percent of Americans aged 18 to 34 surveyed by Pew viewed Israel unfavourably, as did 78 percent of young Britons and 87 percent of young Australians.
This does not mean everyone supports Palestine or agrees on what a political settlement should look like. It means that the cost of speaking up for Palestine is falling.
For years, the implied question confronting artists, academics and other public figures openly supporting Palestine was: what are you prepared to lose? Your booking? Your sponsorship? Your reputation? Your career?
The purpose of such consequences was larger than the individual. Punish one person publicly and hundreds of others would understand the warning and keep silent.
But deterrence only works when people are deterred.
This time, they weren't. And that put pressure on the censors and those who complied.
The backlash forced Sheeran to speak up publicly about Palestine. On Saturday, during his concert in Philadelphia, where he had to play solo, he called what is happening in Gaza ""unjustifiable"".
The equation has clearly changed.
Speaking for Palestine can still carry a professional cost. Macklemore has just demonstrated that. But increasingly, censors may discover that silencing pro-Palestine voices carries a cost, too.
That is why the Israeli narrative crisis runs deeper than falling approval ratings.
The old power was not merely the ability to silence Palestinians and those who stood with them. It was the ability to determine which account of Palestine the world would hear. That monopoly is breaking.
They succeeded in removing the man who said ""Free Palestine"" from the stage. But ""Free Palestine"" became louder.
And that may be the clearest indication yet that Israel is not simply losing an argument. It is losing its grip on the story."
a546e15eedbe,oriente_medio,Al Jazeera,2026-09-26T17:27:19Z,https://www.aljazeera.com/video/newsfeed/2026/9/26/stop-arming-israel-pro-palestine-protesters-march-on-labour-conference,‘Stop arming Israel’: Pro-Palestine protesters march on Labour conference,en,False,0,67,61,True,"'Stop arming Israel': Pro-Palestine protesters march on Labour conference
'Stop arming Israel': Pro-Palestine protesters march on Labour conference
Pro-Palestine protesters have marched on Labour's annual conference in Liverpool, calling for an end to UK arms sales to Israel and the imposition of sanctions. The protest follows Labour's sanctions on Israeli settlements, but demonstrators say the measures do not go far enough."
f21feed28c67,oriente_medio,Al Jazeera,2026-09-01T15:29:48Z,https://www.aljazeera.com/news/2026/9/1/qatar-says-efforts-under-way-to-end-iran-us-war-and-reopen-strait-of-hormuz,Qatar says efforts under way to end Iran-US war and reopen Strait of Hormuz,en,False,0,494,441,False,"Qatar says efforts under way to end Iran-US war and reopen Strait of Hormuz
Qatar accuses Israel of exploiting regional conflicts to impose new realities in Palestine, Lebanon, and Syria.
Qatar is holding talks with Oman and Pakistan to de-escalate tensions in the region, the country's Foreign Ministry has said, after a recent flare-up in fighting between the US and Iran.
Qatari Foreign Ministry spokesperson Majed Al-Ansari warned on Tuesday against normalising the situation in the Strait of Hormuz, where the war between Iran and the US has seen shipping in the waterway grind almost to a halt.
""We said from the start, any attempt to normalise the closure of the Strait of Hormuz in this way will end with regional escalation, and this is what we saw yesterday and today,"" Al-Ansari said in the press conference.
""Escalation does not benefit anyone, and we are all negatively impacted by the escalation. We encourage all sides to be wise and return to negotiations.""
Around 25 percent of the world's seaborne trade passed through the strait before Israel and the US launched a war on Iran on <DATE>, reducing traffic in the waterway to a trickle.
The US has enforced a blockade on Iranian ports, while Iran has been accused of laying mines and attacking tankers in the waterway. Energy prices have since skyrocketed, affecting economies across the world.
Iran and Oman have held talks on opening a temporary route through the Strait of Hormuz, but Tehran wants the US to first return to a memorandum of understanding agreed in June.
Qatar, which has been economically impacted by the war, has encouraged a peaceful resolution to the crisis and is in contact with regional leaders to encourage dialogue, Al-Ansari said.
Qatari Prime Minister Sheikh Mohammed bin Abdulrahman bin Jassim Al Thani visited Tehran last week to encourage dialogue to end the crisis.
""The [regional] visits [to Tehran]... are all to support mediation efforts, and attempting to return to the negotiation path, and guaranteeing no return to escalation in the region,"" Al-Ansari said about the visit.
""During his visit [the Qatari Prime Minister] confirmed Qatar's consistent position in support of diplomatic efforts to find a solution to this crisis... efforts are ongoing.""
While the US and Iran battle over the waterway, Israel has continued to bomb and occupy Gaza, Syria and Lebanon.
Recent weeks have also seen a spike in pogroms by Israeli settlers in the occupied West Bank, with Palestinian homes and villages besieged.
Al-Ansari accused Israel of using the war on Iran ""to impose a new reality in Palestinian, Lebanese and Syrian territories"" and accused it of beginning a new regional escalation."
6f06b26fb83b,oriente_medio,Al Jazeera,2026-09-17T10:19:24Z,https://www.aljazeera.com/news/2026/9/17/uk-charities-protest-groups-condemn-israeli-ban-threat-after-sanctions,"UK charities, protest groups condemn Israeli ban threat after sanctions",en,False,0,715,714,False,"UK charities, protest groups condemn Israeli ban threat after sanctions
Having warned London of 'consequences' for sanctions, Israel targets UK charities, campaign groups and Palestine Action.
London, United Kingdom - British charities, Palestinian advocacy organisations and the proscribed Palestine Action group have condemned an official Israeli letter maligning their representatives and activists and recommending they be barred from entering Israel.
The document, seen by Al Jazeera, was issued by Israel's Ministry for Diaspora Affairs and Combating Antisemitism. It recommends border authorities bar employees and activists associated with aid organisations including Oxfam, Islamic Relief Worldwide, Save the Children, Medical Aid for Palestinians (MAP) and the Norwegian Refugee Council, which receives UK funding, as well as campaign groups including the Palestine Solidarity Campaign and Friends of Al-Aqsa.
The letter, dated <DATE>, the day the UK banned imports from illegal Israeli settlements in the occupied West Bank, was previously reported by the BBC and Jerusalem Post.
Ismail Patel, founder of Friends of Al-Aqsa, which openly advocates for the Boycott, Divestment and Sanctions (BDS) movement, is accused in the letter of joining anti-Israel demonstrations in London and making ""harsh statements against Israel"" in public appearances and interviews.
""To hear Israel is planning to ban Friends of Al-Aqsa for our BDS campaign clearly shows BDS is working and impacting Israel,"" Patel told Al Jazeera. ""Israeli restrictions will not intimidate us.""
Israel's Diaspora Affairs Ministry did not respond to Al Jazeera's request for comment.
Israel follows through on threat of 'consequences'
Israel had warned the UK against the new sanctions, with its Ministry of Foreign Affairs raising the prospect of ""consequences"" for what it called ""hostile moves"".
Shortly after the trade ban was announced, Israel, which controls access to Gaza and the occupied West Bank, barred 11 British MPs and a lawyer from entering and ordered the closure of the British consulate in Jerusalem. It also announced the removal of British representatives from the International Gaza Support Center located in Kiryat Gat, southern Israel. And it has ended British training of Palestinian Authority forces in the occupied West Bank.
""In light of this [the trade ban], attention should be directed to the ongoing and subversive activities of various British organisations promoting boycotts, sanctions, and economic and political measures against the State of Israel,"" the leaked letter reads.
It makes further accusations against 11 groups in total. The claims against them range from advocating for engagement with Hamas for humanitarian access; demanding an arms embargo against Israel; having ties to the Muslim Brotherhood or working with ""terrorist"" organisations.
Save the Children is accused of describing Israel's actions as ""deliberate starvation"" and ""genocide"".
A spokesperson told Al Jazeera that, alongside other NGOs, it is already unable to secure visas for staff needing to cross Israeli-controlled borders into Gaza or the West Bank, ""at a time when needs have never been greater"".
Israel has intensified restrictions on international aid groups since the genocidal war in Gaza began, including measures affecting the entry of food, medicine, foreign volunteer doctors and humanitarian workers.
MAP said the letter forms part of Israeli authorities' ""wider restrictions on international charities operating in the occupied Palestinian territory"". It noted that two MAP individuals named in the letter had received the humanitarian medals awarded by King Charles.
The letter describes Palestine Action, which has carried out raids against Israeli weapons manufacturer Elbit Systems, as a ""network of radical branches promoting direct action intended to damage the Israeli defence industry"".
""This letter is further proof that we were not banned because of anything to do with 'terrorism',"" Palestine Action cofounder Huda Ammori told Al Jazeera. ""As the letter admits, our activity was always focused on damaging the Israeli defence industry.""
In a related development, UK Lawyers for Israel has called on the government to consider proscribing Doctors Without Borders, known by its French acronym MSF, as a terrorist organisation, The Telegraph reported. The lobby group alleged, in line with Israeli accusations, that MSF had employed people with links to Palestinian armed groups.
MSF said it had been the target of a ""disinformation campaign"" for months. It said staff accused by Israel of having ""ties to terrorism"" were only reported to the organisation after they had been killed, and that Israeli authorities had not shared evidence of military involvement before their deaths."
3cc80710c2e9,oriente_medio,Al Jazeera,2026-09-10T12:16:47Z,https://www.aljazeera.com/opinions/2026/9/10/israel-will-never-stop-me-speaking-up-for-palestine,Israel will never stop me speaking up for Palestine,en,False,0,821,801,False,"Israel will never stop me speaking up for Palestine
Israel's decision to bar British MPs exposes how far it will go to avoid scrutiny over its treatment of Palestinians.
Over my lifetime, it's been my privilege to visit Palestine on several different occasions. I've witnessed what Palestinians endure on a daily basis. Endless checkpoints. Manned watchtowers. Arbitrary arrests. Violent settlers. This is the daily reality of apartheid, which dictates who can and cannot move freely. This is how Israel's occupation operates, denying any vestige of autonomy to the occupied. This is the daily rhythm of Palestinian life.
In Gaza, the Israeli occupation controls most of what goes in and out. Its illegal blockade has resulted in the mass starvation and displacement of Palestinians. As more and more people have woken up to the genocide in Gaza, Israel has also denied entry to UN investigators and international journalists - a transparent attempt to stop the world from finding out the full extent of the war crimes it has committed. Do not forget the thousands of Palestinian refugees, as well, who are still denied the right to return.
This is the real scandal. The Israeli government's decision to ban me - and 10 other British MPs - from entry offered but a tiny glimpse into the authoritarianism that Palestinians are subject to every single day.
I won't lose any sleep over being condemned by Israel. What I deplore is its despicable treatment of the Palestinian people. What I deplore is Israel's denial of freedom of movement to thousands of Palestinians on a daily basis. What I deplore is Israel's denial of entry to UN investigators and journalists, shielding itself from accountability for the crimes of apartheid, occupation and genocide.
What this ban is really about is preventing British MPs from visiting Gaza and the West Bank and stopping the world from seeing what is happening. The Israeli government's decision tells us all we need to know. It tells us that Israel does not want the world to know the truth. It tells us that Israel resorts to increasingly absurd and desperate measures as it loses support across the globe. Above all, it tells us that we should not give up in our pursuit of truth, accountability and justice.
Israel made the decision to ban us in response to the government's welcome decision to impose sanctions on illegal settlement goods. International law is clear. In <DATE>, the ICJ ruled that Israel's presence in the Palestinian territories was unlawful and imposed obligations on the UK not to aid or assist the illegal obligation. This ban on settlement goods is long overdue. It reflects growing opposition to state-backed settler violence against Palestinians in the West. The hysteria from those who oppose it proves just how much impunity Israel has enjoyed so far.
Ultimately, this decision is a first step toward the government finally fulfilling its legal obligations. These obligations, however, go beyond refraining from assistance to illegal settlements. Any meaningful package of sanctions would recognise how ""settlement goods"" are subsumed into Israel's wider economy. That means ending all trade and all forms of support that sustain Israel's unlawful presence as a whole.
I also re-iterate my demand for this government to recognise the genocide in Gaza, end all military coperation (including the sale of F-35 components and the performance of surveillance flights over Gaza) and heed my repeated calls for a public inquiry into British complicity.
I have lost count of the number of demonstrations I have been on in solidarity with Palestine. At each one, I carry the memories of Palestine with me. I endeavour to quote at least one Palestinian in any speech I give. In my mind, it's important to amplify the lived experiences of those enduring occupation, apartheid and genocide. It is their freedom which is egregiously curtailed - and it is their freedoms that we must defend. The Israeli government can ban me, but they can't stop me from exposing the truth: they have been committing genocide and I will never stop campaigning until there is justice for the Palestinian people.
In our discussions of Palestine, we always emphasise the horror stories. But in my visits to Palestine, I have experienced the humanity, the music, the art, the poetry, the joy and the resilience of the Palestinian people. I have no interest in being given a tour of apartheid by the Israeli government. I am, however, unwavering in my determination to campaign for the only path to peace: the end of the occupation. It has been many years since I have visited Palestine. No matter what Israel does to intimidate us into silence and despair, I have not given up hope that one day, I may return to visit the children I once met - in a free and independent Palestine."
919db4915c41,oriente_medio,Al Jazeera,2026-09-04T09:42:02Z,https://www.aljazeera.com/opinions/2026/9/4/israel-takes-its-war-on-palestine-into-the-ai-age,Israel takes its war on Palestine into the AI age,en,False,0,1273,1254,False,"Israel takes its war on Palestine into the AI age
The Hanover affair shows how Israel's propaganda efforts are adapting to the artificial intelligence systems increasingly shaping public understanding.
The battle over Palestine has never been fought only on the ground. For decades, Israel and its powerful political, lobbying and public-relations networks have devoted enormous resources to shaping how the conflict is understood in Washington and across the Western world. But an investigation into an Israeli-funded influence operation suggests that this campaign has entered a new and potentially more consequential arena: the artificial intelligence systems increasingly used by millions of people to determine what is true.
Recent investigations exposed the Hanover Institute for Public Policy as a purported American think tank that appeared to have no real offices, identifiable scholars or meaningful institutional presence. Instead, the institute appears to have been created as a sophisticated propaganda operation aimed at shaping search engine results and influencing the answers generated by AI chatbots.
Documents filed under the Foreign Agents Registration Act (FARA) trace the operation's funding through advertising and public-relations firms to LaPam, Israel's state advertising agency. Piro Inc, the New York advertising firm involved, was operating under a $900,000 digital communications work order on the Israeli account.
What makes the case extraordinary is not simply that an Israeli government-funded operation sought to influence public opinion. Governments have always done that. What is different is the apparent attempt to influence the machines increasingly shaping public opinion.
In just nine days, the Hanover website reportedly produced more than 560,000 words across 124 academic-style reports. The material was structured around questions likely to be submitted to AI systems, including whether Gaza faced a policy of starvation and whether the Israeli military is ""the world's most moral army"".
Piro markets this approach as ""AI Story Optimization"", designed to make material highly visible to search engines and easily digestible to large language models. The site also included technical features designed to make its material easier for AI systems to find and process.
The objective, therefore, was not simply to persuade readers. It was to influence the algorithms that increasingly determine what information those readers receive.
That represents a fundamental shift in the propaganda game.
Traditional propaganda can often be identified by its source, tone or obvious political agenda. More sophisticated propaganda is harder to detect because it disguises advocacy as neutral expertise. The Hanover material reportedly employed statistics, charts and graphs, cited legitimate primary documents and adopted the language of academic research while selectively framing evidence and omitting external links.
That is precisely the kind of material that can acquire artificial credibility when consumed by an AI system.
Consider the implications. A student asks an AI chatbot whether Israel has used starvation as a weapon in Gaza. A journalist requests an assessment of Israel's conduct under international law. A voter seeks a neutral explanation of the Israeli-Palestinian conflict.
If a fabricated research institution has successfully inserted its material into the information ecosystem, an AI-generated answer could reproduce its framing without the user ever knowing the source was manufactured.
That risk is not merely hypothetical: in tests by Politico, both ChatGPT and Perplexity cited Hanover material in response to neutral questions about Gaza, anti-Zionism and anti-Semitism.
The machine does not necessarily understand that an apparently authoritative institute is fictitious. It sees text, citations, statistics and repeated claims. If those materials have been deliberately optimised for discovery and synthesis, propaganda can acquire the appearance of independent knowledge.
That is what makes the episode so disturbing.
For years, Israel and its supporters have fought to shape the vocabulary through which Palestinians are discussed. ""Security,"" ""terrorism,"" ""self-defence"" and Israel's right to exist have often dominated the conversation, while occupation, settlement expansion, dispossession, blockade and Palestinian self-determination have struggled for comparable political weight.
The digital age initially appeared to offer Palestinians a way around traditional gatekeepers. Social media, independent journalism and videos recorded by Palestinians themselves allowed information from Gaza and the occupied territory to reach global audiences without passing through established media institutions.
The response now appears to be moving deeper: not merely controlling what people see, but attempting to influence the systems that determine what information they receive.
That is a far more ambitious form of narrative warfare.
The FARA disclosures are particularly significant because they demonstrate why transparency requirements matter. Investigators reportedly traced the Hanover operation through documents filed by Piro, which described work on the institute's website. The trail led through Havas Media's German operation, reportedly handling a much larger Israeli government account, and ultimately to LaPam.
The paper trail matters because foreign influence becomes especially dangerous when disguised as independent American expertise. Americans are entitled to know when an apparently neutral research organisation is actually part of a foreign government's communications strategy.
But the incident exposes a vulnerability extending far beyond this particular conflict.
Artificial intelligence systems do not possess an independent window into reality. They depend on information ecosystems created by humans. If governments, corporations or political organisations can deliberately flood those ecosystems with strategically crafted material, they may be able to influence the information from which AI systems construct their answers.
Palestine is an especially revealing testing ground because the conflict already unfolds within an intensely contested information environment. Its documentary record encompasses decades of occupation, settlements, displacement, wars, restrictions, humanitarian crises, diplomatic initiatives and international investigations.
A credible information system should expose users to that complexity. A sophisticated propaganda system seeks to manage it.
That is why the Hanover affair should concern far more people than those who follow the Israeli-Palestinian conflict. If a foreign government or its contractors can create a fictitious think tank to influence AI systems today, other governments, political campaigns, corporations and wealthy interest groups may attempt similar operations tomorrow.
The precedent is bigger than Israel.
But Israel's alleged role makes the episode particularly revealing because it shows how an established lobbying and public-relations infrastructure can adapt to a new technological environment. The battle is no longer confined to Congress, television networks, newspapers, universities or social media.
It is moving into the architecture of knowledge itself.
The question facing AI companies is therefore urgent: Who is teaching the machines what to tell us about Palestine - and about the world?
AI developers need stronger safeguards against coordinated influence operations, fabricated institutions and synthetic bodies of research. Search engines must improve their ability to distinguish genuine institutional expertise from websites created primarily to manipulate algorithms. Journalists and academics should scrutinise authoritative-looking sources that lack verifiable institutional foundations. Governments must enforce foreign agent disclosure requirements when foreign states seek to shape American public discourse.
Most importantly, users must understand that an AI-generated answer is not automatically an independent assessment. It reflects the information available to the system - and that information can be deliberately engineered.
The Hanover investigation should therefore be understood as more than another episode in the long-running struggle over Israel's image.
It is a warning about the future of the Palestinian question.
For decades, Israel and its supporters have fought to shape the narrative surrounding Palestinians through politics, lobbying, diplomacy and public relations. The new frontier is algorithms.
If the objective is to manufacture an alternative reality - one in which inconvenient facts disappear, contested claims are recast as consensus, and Palestinian experiences are erased or rewritten - the battlefield has become far larger and more dangerous. The most insidious propaganda may no longer be what we recognise as propaganda, but information an AI system confidently presents to us as neutral fact."
a3295351a80f,oriente_medio,Al Jazeera,2026-09-13T21:02:14Z,https://www.aljazeera.com/video/newsfeed/2026/9/13/pro-palestine-protest-demands-australia-increases-pressure-on-israel,Pro-Palestine protest demands Australia increases pressure on Israel,en,False,0,60,54,True,"Pro-Palestine protest demands justice for Australian aid worker killed by Israel
Pro-Palestine protest demands Australia increases pressure on Israel
A pro-Palestine protest in Sydney demanded that the Australian government take further action and implement sanctions against Israel. Australian activists called out the government's inaction over Israel's killing of Australian humanitarian aid worker Zomi Frankcom."
de55c3ae7858,oriente_medio,Al Jazeera,2026-09-27T21:41:59Z,https://www.aljazeera.com/sports/2026/9/27/ireland-defeats-israel-in-controversial-uefa-nations-league-match,Ireland defeats Israel in controversial UEFA Nations League match,en,False,0,412,361,False,"Ireland defeats Israel in controversial UEFA Nations League match
Ireland's players wore black armbands in support of Palestinians, bowed their heads during the Israeli anthem, and refused pre-match handshakes.
The Republic of Ireland has won the first of two football matches against Israel at the UEFA Nations League, defeating the Israeli team 3-0 after calls to boycott the match drew international attention.
Ireland's players wore black armbands at the game in Hungary on Sunday in support of Palestinians killed during Israel's genocidal war on Gaza. Irish players also bowed their heads during Israel's national anthem and did not shake the hands of the Israeli team. Ireland's captain, Dara O'Shea, has also pledged to donate all of his earnings from the match to aid Gaza.
On Saturday, Football Association of Ireland (FAI) chief executive David Courell said the players would wear black armbands ""in recognition of all lives lost in the conflict"" as he confirmed that the match would take place after hours of talks and a vote among the team. Israel was informed in advance by the FAI that Ireland's players would not shake hands, and UEFA accepted the arrangement.
After the FAI confirmed that it would participate in the match, the Republic of Ireland's first-choice goalkeeper, Gavin Bazunu, became the only player to publicly opt out of the fixture.
Bazunu posted a statement on social media on Saturday, saying he felt ""it would be wrong to participate in the upcoming fixtures against Israel"".
He withdrew from both legs of the fixture, including the next match set to take place on <DATE> in Backa Topola, Serbia.
The match on Sunday proceeded despite months-long pressure on the FAI to boycott the match due to Israel's genocide in Gaza.
Since May, leading Irish footballers have joined a campaign run by Irish Sport for Palestine, urging Ireland to boycott the match against Israel. More than 160 Irish athletes signed an open letter urging the FAI to reconsider its decision to proceed with the games.
The campaign says Israel has breached UEFA and FIFA statutes by allowing teams to play on occupied Palestinian land and should be stripped of its membership at both football bodies."
11a7e9fab752,oriente_medio,Al Jazeera,2026-09-08T13:30:59Z,https://www.aljazeera.com/video/newsfeed/2026/9/8/macklemore-defends-free-palestine-call-after-ed-sheeran-concert-backlash,Macklemore defends ‘Free Palestine’ call after Ed Sheeran concert backlash,en,False,0,66,60,True,"Macklemore defends 'Free Palestine' call after Ed Sheeran concert backlash
Macklemore defends 'Free Palestine' call after Ed Sheeran concert backlash
US rapper Macklemore is facing backlash from pro-Israel groups after saying 'Free Palestine' while opening for Ed Sheeran at a concert in New Jersey. The Israeli-American Council is petitioning for him to be dropped from the rest of the tour."
c41a2ed3a1c3,oriente_medio,Al Jazeera,2026-09-18T08:49:16Z,https://www.aljazeera.com/opinions/2026/9/18/israel-would-rather-not-watch-naza,Israel would rather not watch NAZA,en,False,0,1052,1033,False,"Israel would rather not watch NAZA
The backlash against the Gaza documentary is part of a broader refusal to confront the reality of the genocide.
NAZA (Hebrew acronym for ""collateral damage""), the documentary made by Yuval Avraham and Rachel Szor, has yet to secure an Israeli distributor or a public screening, despite its creators' stated intention to show it widely in the country. Various senior executives, from the Israeli military chief of staff to the minister of culture, promised that they were about to ""take steps"" against the creators of the film. Other than stripping them of their Israeli citizenship (considered a remarkably rare measure), what those ""steps"" could be was unclear. However, one refrain dominated the outrage directed at Avraham and Szor: Those condemning the film had no intention of watching it.
It is important to emphasise that this oath to refrain from watching the film was authentic. In a way, it is a variation on a theme that became prevalent throughout the first months of the ""war"". When images of devastation began to emerge from Gaza, many Israelis wrote that they could feel no pity for the children of Gaza (at the end of 2023, the number of children killed and orphaned was already known and difficult to grasp, as were military ""procedures""). These Israelis said they had ""closed their hearts"" in response to the huge, intentional death toll in the Israeli towns and villages surrounding Gaza. They claimed they would not and could not feel pity for anyone who had committed such atrocities, or for anyone related to them. Activists on the Israeli left believed that if Israelis were exposed to images from the already nearly deleted Gaza, they would head for the streets and call for a stop to the war. These activists were soundly rebuffed.
NAZA was, itself, a rebuttal of the position actively taken by the Israeli media - ""Yes, the Israeli military had made mistakes but these should be investigated by the military and the Israeli legal system, both very much capable of carrying out the task."" Raviv Drucker, perhaps Israel's most prominent investigative journalist, when asked by Yuval Avraham (during an interview of Avraham himself conducted by Drucker) why Israeli media had done nothing to expose the methods of killing documented by NAZA, said with visible embarrassment that doing so was ""difficult"" for a host of reasons. However, Drucker was also quick to add that if it were up to him, he would not have aired the film because he believed it lacked journalistic professionalism, relying as it does on anonymous testimony. This line of criticism was quickly taken up by other journalists considered a part of the Israeli left. They attacked the film and its creators, accusing them of everything from seeking money and attention to actively working for Israel's downfall in the service of Netanyahu and Qatar. They were called ""useful idiots"", meaning people who work for a worthy cause but are unwittingly used in the service of another. Journalists like Uri Misgav acknowledged the importance of criticism but implied that NAZA served the goals of Israel's enemies. They suggested that its disregard for journalistic standards showed that the creators had already reached their conclusion: That Israel was the root of all evil and solely responsible for the state of Gaza.
For Israelis, not watching NAZA is a point of pride. Some will cite the lack of journalistic standards (this from a country that assassinated more than 200 journalists over the course of its genocide in Gaza). Other Israelis will suggest that they recognise ""treason"" when they see it. Many Israelis will apply the following wondrous excuse: ""Even if some of this is true, you wash your dirty laundry at home; you don't entertain others by using that dirty laundry to demonstrate that Israel really is responsible for the killing of 20,000 children and more than 70,000 Palestinians in Gaza."" The fact that the military and the Israeli legal system have proven themselves to be incompetent at best (and thoroughly politicised at worst) when investigating war crimes and crimes against humanity is beside the point for many Israelis. After all, one could offer up such incompetence as an excuse for the strategies exposed by NAZA. Israelis wouldn't hear of it. This is yet another example of the world's hatred for Israel (""anti-Semitism"", if you like) that makes international accusations levelled against Israel completely irrelevant. No matter what we do, we will emerge at fault, so why encourage this state of affairs by having lengthy discussions about a critical movie? We've heard the criticism countless times. We know there is a web of detractors all over the world (perhaps funded by Qatar, perhaps by the Red-Green alliance between the woke left and radical Islam). It doesn't matter.
Just as Israelis ""closed their hearts"" when the genocide began, so they are shutting their eyes and ears now. They take pride in their ignorance of the film's content. They feel it misrepresents them. How do they know? They don't, but that only makes them even more convinced of the one-sidedness of the whole episode. It is enough to hear that the directors received an unprecedented 25-minute standing ovation at the Venice Film Festival, where they won a special jury prize. Special, eh? Everything about Israel is special. A special prize can simply be invented on the spot to present Israel negatively. It isn't as though Avraham and Szor walked away from the podium with the Silver Lion, one of the festival's major awards, is it? Their film is not art. Nor is it a documentary because it doesn't observe the codes of documentary filmmaking. Its only purpose is to discredit Israel, isn't it? If that is the case, why should an Israeli with any sense of identity do the enemy's work: The ultimate destruction of Israel as a Jewish state (democracy was abandoned right at the start), for them? Better to deny and reject reality. It isn't just that we do what we want - we are the ones who define the very nature of reality itself. When we don't like it, we close our eyes and wait for the threat to pass. It always does."
da98123a62a2,oriente_medio,Al Jazeera,2026-09-16T17:42:00Z,https://www.aljazeera.com/news/2026/9/16/uk-trade-unions-back-motion-to-boycott-and-sanction-israel,UK trade unions back motion to boycott and sanction Israel,en,False,0,531,489,False,"UK trade unions back motion to boycott and sanction Israel
Motion demands taking action to oppose the 'catastrophic destruction of Gaza' and Israeli settler violence.
The umbrella organisation for trade unions in the United Kingdom has passed a motion calling for an end to complicity in Israel's genocidal war on Gaza and settler violence in the occupied West Bank.
The Trades Union Congress, representing more than 5.3 million workers, voted in favour of the motion on Wednesday during its annual conference in Brighton, southern England. The vote marks the first time the congress has backed the Palestinian-led movement Boycott, Divestment, Sanctions known as BDS.
""It's essential for the trade union movement to answer the call from the BDS movement, to challenge all complicity and to use our collective powers, to stand shoulder to shoulder with Palestinians to Free Palestine,"" said Zita Holborne from Artists' Union England, which put forward the motion.
The unanimous vote demands that the Trades Union Congress take action to oppose what the motion described as the ""catastrophic destruction of Gaza"" and Israeli settler violence ""supported by the IDF [Israeli army]"".
The steps include campaigning to end military cooperation and arms deals with Israel, calling on the government to impose wide-ranging sanctions on Israel and backing trade union-led campaigns in support of Palestine.
Co-founder of the BDS movement, Omar Barghouti, welcomed the development.
""This mass movement of solidarity with the people of Palestine, led by Palestine Solidarity Campaign with many trade unions affiliated to it, is the reason why your government was compelled to adopt minor measures in the right direction to end its complicity,"" Barghouti said.
""But it's way short of the UK's legal obligations to end complicity in genocide, in apartheid, in illegal occupation. So, we must work further to grow our BDS movement.""
The motion puts additional pressure on the government to take a stronger stance against Israel's actions in Gaza and the occupied West Bank.
Last week, UK Foreign Secretary Ed Miliband announced a ban on importing goods from Israeli settlements, which are illegal under international law. Addressing Parliament, Miliband denounced ""settler terrorists"" for carrying out what he described as ""ethnic cleansing"" in parts of the West Bank.
However, the foreign secretary said he ""wholeheartedly"" opposes BDS, stressing that the UK would continue to ""support important and valued trade"" with Israel that adheres to international law.
Peter Leary, deputy director of the Palestine Solidarity Campaign, told Al Jazeera that Wednesday's vote marked a ""tipping point"".
""In marked contrast to Foreign Secretary Ed Miliband's attempt to dismiss the Palestinian BDS movement, trade unions are paving the way to secure real change, and we must keep up the pressure to force the government to take meaningful action and end all military, diplomatic and economic support for Israel,"" he said.
Al Jazeera has reached out to the Trades Union Congress and the UK government but did not receive a response at the time of publication."
d7706f50793b,oriente_medio,Al Jazeera,2026-09-02T15:45:54Z,https://www.aljazeera.com/video/newsfeed/2026/9/2/israeli-pm-netanyahu-in-gaza-we-are-not,"Israeli PM Netanyahu in Gaza, ‘we are not withdrawing’",en,False,0,57,51,True,"Israeli PM Netanyahu in Gaza, 'we are not withdrawing'
Israeli PM Netanyahu in Gaza, 'we are not withdrawing'
Israeli Prime Minister Benjamin Netanyahu has said Israel does not plan to withdraw from territory its military controls in Gaza, as he vowed to continue efforts to disarm Hamas and demilitarise the enclave."
1c5a70012a3b,oriente_medio,Al Jazeera,2026-09-16T12:56:42Z,https://www.aljazeera.com/gallery/2026/9/16/photos-gaza-building-collapse-kills-20-including-women-and-children,"Photos: Gaza building collapse kills 20, including women and children",en,False,0,218,218,False,"In Pictures
Photos: Gaza building collapse kills 20, including women and children
Israeli-hit apartment building collapsed in Gaza City, killing 20 and leaving dozens trapped under the rubble.
At least 20 people, including women and children, have been killed and dozens more are feared trapped under the rubble after a Gaza apartment building collapsed following damage sustained in earlier Israeli attacks, authorities in the Palestinian enclave have said.
The six-storey building, which had four apartments on each floor, crumbled on Wednesday onto nearby homes and tents in the Tal al-Hawa area of Gaza City, according to the Civil Defence.
Mahmoud Basal, a spokesperson for the agency, told Al Jazeera, ""Civil Defence teams are still working to recover martyrs from under the rubble and search for missing people. Until now, there are nearly 100 Palestinians still under the rubble of this building.""
Local media reported that the building had previously been hit by Israeli strikes, leaving it cracked and structurally unsound before it collapsed.
Israel's genocidal war on Gaza has destroyed or damaged thousands of buildings across the besieged territory, and Israel has severely restricted the entry of construction materials needed for repairs.
With so many Palestinians left homeless and severe shortages of construction materials, many displaced families have been forced to return to homes damaged by Israeli bombardment."
18c1e3d107eb,oriente_medio,Al Jazeera,2026-09-07T13:26:28Z,https://www.aljazeera.com/news/2026/9/7/why-has-nicaragua-taken-germany-to-the-icj-over-gaza-genocide,Why has Nicaragua taken Germany to the ICJ over Gaza genocide?,en,False,0,860,804,False,"Why has Nicaragua taken Germany to the ICJ over Gaza genocide?
Nicaragua accuses Germany of violating the Genocide Convention by supporting Israel amid its onslaught on Gaza.
Germany is back before the International Court of Justice (ICJ) at The Hague over its support for Israel, more than two years after Nicaragua accused Berlin of ""facilitating"" the Gaza genocide by supplying Israel with weapons.
Filed in 2024, the case alleges Germany has breached the Genocide Convention and international humanitarian law.
Germany, Israel's biggest arms supplier after the US, denies the accusations and is seeking to stop the case from proceeding, challenging the admissibility of some of Nicaragua's claims, as well as the court's jurisdiction.
The ICJ, or World Court as it is widely known, which was set up to rule in disputes between nations, has become a key player in Israel's genocide in Gaza, following the Hamas-led October 7, 2024 attacks. A case of genocide brought by South Africa against Israel is ongoing.
The hearings in the Netherlands do not yet decide whether Germany, Europe's largest economy, violated international law. They will determine whether the case can move towards a fuller examination of the allegations.
Here is what you need to know:
What is Nicaragua accusing Germany of?
Nicaragua says Germany has violated its obligations under the 1948 Genocide Convention by providing Israel with military equipment, despite being aware of the risk that genocide could be committed in Gaza.
It has also accused Germany of breaching international humanitarian law.
""By sending military equipment and now defunding UNRWA ... Germany is facilitating the commission of genocide,"" Nicaragua said when it filed the case in <DATE>.
Germany has long been one of Israel's strongest international supporters, despite widespread acknowledgement from human rights groups and top genocide scholars that Israel is committing genocide in the Palestinian territory.
Carlos Jose Arguello Gomez, Nicaragua's ambassador to the Netherlands, argued in 2024 that Germany had failed ""to differentiate between self-defence and genocide"".
Nicaragua initially sought emergency orders requiring Germany to halt military assistance to Israel and resume funding for UNRWA.
However, the ICJ rejected those provisional measures in <DATE>, but refused to dismiss the broader case.
In <DATE>, the World Court ruled - as part of a separate case brought by South Africa - that there was ""a real and imminent risk that irreparable prejudice"" would be caused to the rights of Palestinians in Gaza under the Genocide Convention.
What does Germany claim?
Germany rejects Nicaragua's allegations and has asked the court to throw out the case.
On Monday, Germany told the ICJ that Nicaragua had failed to follow the required steps before bringing the case, and that large parts of its complaint lie beyond the court's jurisdiction under the Genocide Convention.
""Germany respectfully requests the court to reject Nicaragua's claims,"" legal adviser of the German foreign ministry, Julia Monar, told the court's judges.
Berlin has argued that its weapons exports undergo detailed legal scrutiny.
During the 2024 hearings, German lawyer Christian Tams said 98 percent of exports to Israel since October 7, consisted of general military equipment such as helmets, vests and binoculars.
Germany is now making ""preliminary objections"", arguing that the ICJ lacks jurisdiction and that some of Nicaragua's claims are inadmissible. The full details of those objections have not been made public.
What is the latest situation in Gaza?
A US-brokered ceasefire has been in place since last October, but Israeli attacks have continued.
Israeli attacks killed at least four Palestinians on Sunday, including an eight-year-old girl and a three-year-old boy.
Gaza's Ministry of Health says at least 1,344 Palestinians have been killed and 4,464 wounded since the ceasefire took effect. The ministry puts the overall Palestinian death toll since <DATE> at 73,470, with at least 174,540 wounded.
The UN Satellite Centre says 82 percent of Gaza's buildings have been damaged or destroyed, while Gaza health authorities, UN agencies and aid groups estimate that 10,000 to 14,000 people remain missing beneath rubble.
How long will the case take to conclude?
The immediate jurisdictional dispute could be decided much sooner than the overall case.
The ICJ is holding four days of hearings, after which judges must decide whether Germany succeeds in having the case thrown out. Such preliminary rulings take an average of about six months.
If Germany loses this stage, Nicaragua's allegations would move towards consideration ""on the merits"" - a process that can take years.
For comparison, in South Africa's separate genocide case against Israel, the ICJ has given South Africa until <DATE> for written pleadings and Israel until <DATE> to respond, meaning hearings on whether Israel committed genocide are unlikely before late 2029 at the earliest.
There is therefore no firm date for a final judgement in Nicaragua's case against Germany - and, if it survives Berlin's current challenge, a conclusion could still be years away."
4e9e17713b58,oriente_medio,Al Jazeera,2026-09-02T21:19:32Z,https://www.aljazeera.com/news/2026/9/2/israel-still-wants-to-remove-palestinians-from-gaza-defence-minister-says,"Israel still wants to remove Palestinians from Gaza, defence minister says",en,False,0,596,549,False,"Israel still wants to remove Palestinians from Gaza, defence minister says
Israel Katz says 'there is no real solution for Gaza' without de-populating the territory.
Israel is still working to remove Palestinians from the Gaza Strip, Israeli Defence Minister Israel Katz has admitted, saying that US President Donald Trump has only frozen a plan that rights advocates say amounts to ethnic cleansing.
Speaking at a conference organised by Israeli publication Ynet on Wednesday, Katz said de-populating Gaza - which some Israeli officials euphemistically describe as voluntary ""immigration"" or ""migration"" of Palestinians - remains the ""only solution"".
""In the end, there is no real solution for Gaza without this migration,"" Katz said, according to the Times of Israel.
Palestinian rights advocates have argued for nearly three years that the ultimate goal of Israel's genocidal war on Gaza is to ethnically cleanse the Palestinian territory.
Some far-right Israeli officials have previously openly called for depopulating Gaza, and Trump backed the idea early in his presidency, saying that the United States would take over the enclave and ""own"" the territory once Palestinians are removed.
The proposal was met with outrage from Middle Eastern countries, including governments allied with Washington.
Trump subsequently sponsored a ""ceasefire"" deal that explicitly asserted Palestinians' right to remain in their land.
""No one will be forced to leave Gaza, and those who wish to leave will be free to do so and free to return,"" the 12-point agreement says.
""We will encourage people to stay and offer them the opportunity to build a better Gaza.""
Since the ceasefire came into effect in <DATE>, Israel has continued to restrict aid to Gaza, and it has prevented reconstruction in the territory while carrying out near daily attacks against Palestinians.
Katz said the Israeli government is prepared to take Gaza ""by sea, by air and by any means to do it"". But Egypt - which borders the Palestinian territory - is refusing to take in Palestinian refugees.
He added that other countries that may accept displaced Palestinians require US support but emphasised that Washington has not dropped the proposal altogether.
""At the moment, Trump has not canceled it; he has frozen it,"" he said.
Katz said the ethnic cleansing plan is ""being discussed all the time"".
""I think that ultimately there is no other solution, for everyone's benefit. But for that to happen, we need the United States, and the moment will come,"" he added.
Over the past three years, the US has given Israel about $25bn in military aid and defended the Israeli government at international forums, including by imposing sanctions on International Criminal Court officials investigating the atrocities in Gaza.
In July, Trump announced an agreement to disarm Hamas as part of a US-backed process that would include an Israeli withdrawal and an end to the deadly attacks on the Palestinian territory.
But Israel rejected the proposal, saying that it would not make any concessions until Gaza is fully demilitarised.
Responding to Katz's statement, US Senator Chris Van Hollen said he and fellow Democratic Party Senator Jeff Merkley warned that Israel is planning to ethnically cleanse the Palestinian enclave after visiting the Gaza-Egypt border last year.
""Now the Israeli [Minister] of Defense confirmed that's the goal,"" Van Hollen wrote in a social media post. ""We must end our complicity."""
12105026b802,oriente_medio,Al Jazeera,2026-09-22T05:15:34Z,https://www.aljazeera.com/video/newsfeed/2026/9/22/why-does-the-us-want-to-send-israel-40000-bombs,"Why does the US want to send Israel 40,000 bombs?",en,False,0,71,65,True,"Why does the US want to send Israel 40,000 bombs?
Why does the US want to send Israel 40,000 bombs?
Al Jazeera spoke with former US special envoy David Hale and Arms Control Association's Daryl Kimball about whether the planned $2.8 billion US arms deal is proportionate to the threat Israel says it faces, or whether it could lead to more civilian casualties in Gaza."
d5d10493fc45,oriente_medio,Al Jazeera,2026-09-18T10:29:34Z,https://www.aljazeera.com/opinions/2026/9/18/israel-is-killing-the-people-who-could-end-its-wars,Israel is killing the people who could end its wars,en,False,0,1115,1089,False,"Israel is killing the people who could end its wars
From Iran to Gaza and Lebanon, assassinations have repeatedly removed figures capable of negotiating an end to conflict.
In international politics, it is often assumed that wars end when the fighting becomes unbearable and the parties turn to diplomacy. But diplomacy requires interlocutors - figures with the standing to negotiate and the authority to deliver. Remove them, and a war loses not only its potential mediators but the very possibility of a settlement.
This is worth keeping in mind after a striking recent assessment. In early <DATE>, Sir John Sawers, the former head of Britain's foreign intelligence service, told The Financial Times that Israel had deliberately killed Ali Larijani. In his reading, Larijani was targeted not because he ran Iran's war effort, but because he was among the few Iranian figures capable of reaching a deal both sides could accept.
Coming from a career intelligence officer rather than an advocate, the judgement invites a larger question: does the killing of Larijani belong to a pattern in which Israel removes, at moments of possible negotiation, the very people through whom a war might have been ended?
A pattern, not an incident
Consider what such killings actually produce. Assassinating the head of a government or an army opens a vacuum that others rush to fill. Assassinating a designated negotiator opens a narrower and more damaging one: a vacuum of moderation.
The successor to a killed negotiator is rarely more flexible than the person removed. More often, he is harder, because the hardliners are the ones who survive and inherit. The channel loses its author, and the hardening that follows is then read, on both sides, as proof that diplomacy was never possible in the first place. The tactic becomes self-fulfilling: it does not merely interrupt a negotiation; it manufactures the evidence that negotiation was futile.
The precedent is old. In <DATE>, Count Folke Bernadotte, the United Nations mediator for Palestine, was assassinated in Jerusalem by members of Lehi, the Zionist underground whose leaders included the future Israeli prime minister, Yitzhak Shamir. Bernadotte had been shuttling between the parties with truce and partition proposals. His killers regarded any compromise as betrayal.
The same logic reappeared in <DATE>, when Mohsen Fakhrizadeh, the leading figure in Iran's nuclear programme, was killed near Tehran in an operation widely attributed to Israel. The timing - weeks after Joe Biden was elected president of the United States, having committed to reviving the 2015 nuclear agreement - led many to read it less as counterproliferation than as an obstacle deliberately placed in the path of diplomacy.
Larijani's killing in <DATE> fits the same template. He had been Iran's nuclear negotiator two decades earlier and had defended the 2015 deal as speaker of parliament. After the assassination of Supreme Leader Ali Khamenei on the war's opening day, he had become the country's effective decision-maker. Western diplomats who dealt with him described him as tough but pragmatic - precisely the kind of counterpart with whom an American off-ramp might have been negotiated.
This is not a method confined to states. Israel applies the same logic to the non-state actors it fights, and the results reveal both the strategy and its ambiguities.
In <DATE>, Israel killed Hezbollah's secretary-general, Abbas al-Musawi. His successor was Hassan Nasrallah, who, over three decades, built the movement into the most capable non-state armed force in the region - a vacuum filled by a far harder man. In <DATE>, Israel assassinated Ismail Haniyeh, the head of Hamas's political bureau and its lead negotiator in the Gaza ceasefire talks, while that diplomacy was still under way; authority passed to Yahya Sinwar, and the negotiating track never recovered. Weeks later, Israel killed Nasrallah himself.
In each case, the target was the point of coordination - the figure through whom the adversary organised and, at times, negotiated. Removing him produced the same short-term disarray and, at least twice, a successor even less inclined to a deal.
Seen through Israel's own strategic lens, this is coherent rather than merely vindictive. For a state that regards Iran's system as an existential threat, the preferred outcome is that system's collapse, not a negotiated accommodation with it. A durable deal brokered by a credible pragmatist would stabilise the very order Israel wants to see fall, and it would foreclose the American military pressure on which the hope of collapse depends.
The effect is visible inside Iran itself. External pressure has tended to harden the very indecision it claims to break, widening the split between a political leadership that acknowledges the war's costs and a security establishment that treats every strike as vindication of defiance. Removing the pragmatists tilts that balance further towards the second camp - and towards the conclusion that there is nothing left to negotiate.
Israel's stated rationale, in each case, has been military and preventive: the decapitation of a hostile leadership. That claim is not baseless. Larijani was no dove - he helped run a war effort and presided over harsh repression at home. Haniyeh led a movement responsible for the <DATE> attack. The intent to foreclose diplomacy is inferred, not proven, and the returns are uncertain: as the al-Musawi killing showed, removing a leader can produce a stronger and more implacable successor rather than a pliable one.
Uncertain strategy
Yet something more consistent runs beneath these cases. Eliminating politicians whose trajectories threaten Israel is not new; their complete removal has become almost a priority, on a par with waging the full-scale military war in which Israel believes it holds a decisive advantage over any adversary in the region and perhaps beyond.
But military superiority alone has not been enough. In the Iranian case, despite the devastation Israel and the United States have inflicted, Tehran has not raised the white flag. And this is where a second definition of victory takes shape: the manufacture of internal political chaos capable of driving the Iranian system towards complete political collapse. That, more than any single assassination, is the essence of Israel's strategy in its war on Iran.
How that strategy ends is still uncertain. But if the figures capable of closing a deal are removed as fast as they emerge, and the centres through which adversaries govern and negotiate are hollowed out by design, one question becomes unavoidable: who is left to make peace with - and does a strategy that keeps winning on the battlefield by emptying the negotiating table eventually run out of anyone able to end the war at all?"
33896cc89fe0,oriente_medio,Al Jazeera,2026-09-15T19:26:55Z,https://www.aljazeera.com/news/2026/9/15/israel-lacking-respect-for-dead-buried-in-gaza-rubble-un,Israel lacking respect for dead buried in Gaza rubble: UN,en,False,0,575,523,False,"Israel lacking respect for dead buried in Gaza rubble: UN
Human rights chief reiterates concern over war crimes evidence as remains from entire families are unearthed.
Areas in war-devastated Gaza continue to be razed by Israeli bulldozers with ""no respect for the dead"", the United Nations' human rights chief has said.
Volker Turk criticised Israel's actions in clearing rubble in the enclave in a statement issued on Tuesday. His words come as the discovery of ""extensive"" remains have heightened concerns that evidence of war crimes is being destroyed or concealed.
""Much of Gaza has been flattened by Israeli bombing or demolition and clearing by heavy machinery and explosives,"" he said, warning that areas where the Israeli military remains deployed ""continue to be levelled by bulldozers with no respect for the dead under the rubble"".
The UN human rights chief said the remains of what appeared to be entire families were being unearthed from sites that were destroyed during Israeli attacks, adding that many victims were women and children.
""It is heartbreaking that the loved ones of those missing for so long are only now having their worst fears confirmed,"" he said.
Israel's genocidal war on Gaza has generated about 61 million tonnes of wreckage and debris. It could take seven years to clear the debris, the UN has estimated.
A US-brokered ""ceasefire"" in <DATE> has failed to halt regular Israeli strikes and attacks, with more than 1,300 Palestinians killed since the ""truce"" came into effect, according to Gaza officials.
Widespread destruction
Palestinian Civil Defence says more than 630 bodies and human remains have been recovered from beneath destroyed buildings across Gaza since <DATE>.
Palestinian authorities estimate more than 8,000 people remain buried in the wreckage.
Turk said he feared the remains recovered so far could be ""only the tip of the iceberg,"" noting that large parts of Gaza had been flattened by Israeli bombing or later demolition and clearance operations.
The UN official also reiterated his concerns over Israel's conduct, including its extensive use of explosive weapons in densely populated areas, which he said failed to effectively distinguish between civilians and fighters.
""The discovery of extensive remains under the rubble in Gaza City resurfaces these concerns of war crimes and other atrocity crimes,"" he added.
""The reported killing of large numbers of family members, including children, women and persons with disabilities, in attacks on residential buildings, raises grave concerns regarding compliance with the rules governing the conduct of hostilities,"" he said.
On <DATE>, Palestinians in northern Gaza held funerals for about 100 people, including 60 children, whose remains were recovered from the rubble of destroyed buildings.
Continued violence
Despite last year's agreement to halt the hostilities, the Israeli military continues its operations in Gaza.
One Palestinian was killed by sniper fire in the north of the enclave on Tuesday.
The man was in the Jabalia refugee camp when he was shot by a sniper positioned on a high-rise crane, Al Jazeera reporters said.
At least two other people were killed in an Israeli drone attack on an industrial area of Gaza City, according to a source from the enclave's Ambulance and Emergencies service."
f8b04926ca97,oriente_medio,Al Jazeera,2026-09-13T20:33:28Z,https://www.aljazeera.com/video/newsfeed/2026/9/13/09-13-kushner-doha-attack-comments-clip,US Envoy Jared Kushner says Doha attack left Israel ‘globally isolated’,en,False,0,72,66,True,"US Special Envoy Jared Kushner says Doha attack left Israel 'globally isolated'
US Envoy Jared Kushner says Doha attack left Israel 'globally isolated'
The US Special Envoy for Peace, Jared Kushner, says Israel's failed attack on Hamas leadership in Doha was 'terrible' and left the country 'globally isolated'. He added that this allowed US mediators to use international outrage to force Israel into a Gaza deal."
194c4f724e4d,oriente_medio,Al Jazeera,2026-09-08T17:26:33Z,https://www.aljazeera.com/news/2026/9/8/nicaragua-urges-icj-to-reject-germanys-bid-to-throw-out-gaza-genocide-case,Nicaragua urges ICJ to reject Germany’s bid to throw out Gaza genocide case,en,False,0,527,470,False,"Nicaragua urges ICJ to reject Germany's bid to throw out Gaza genocide case
Nicaragua maintains that German arms exports to Israel facilitated Gaza genocide as Germany's tries to halt the case.
Germany says ICJ lacks jurisdiction in Nicaragua genocide case
Nicaragua has urged the International Court of Justice (ICJ) to allow its case against Germany to continue, saying its arms exports to Israel violate the 1948 Genocide Convention and humanitarian law, as they were used in the genocidal war on Gaza.
The appeal came on Tuesday as public hearings on the preliminary objections raised by Germany took place in The Hague. Germany told the court on Monday that the case was improperly filed and should be thrown out.
""Nicaragua's conduct indicates that it was not interested in hearing Germany's view on its allegations, but simply in bringing Germany before this court,"" Julia Monar, Germany's top lawyer, told the judges.
Countries are typically expected to attempt to resolve disputes before bringing them to the court.
Lawyers for Nicaragua denied this, pointing to documents sent to the German foreign ministry as well as press releases describing the dispute.
Two years have passed since Nicaragua filed the case against Germany for ""facilitating"" the genocide in Gaza. Germany is the second-largest supplier of arms to Israel after the United States.
Nicaragua's top lawyer, Carlos Jose Arguello Gomez, told the court that ""it is impossible"" Germany was not aware of the ""serious risk that acts that could amount to genocide were being committed by Israel"".
Germany suspended all military exports to Israel in August last year, but resumed a few months later, referencing the stability of the ceasefire agreement between Israel and Hamas. Israel continued daily deadly attacks on Gaza immediately following the ceasefire.
Nicaragua says that German arms sales went up significantly after the beginning of the war on Gaza on October 7. Court documents show that export licenses worth $378m were issued in the last three months of 2023 compared to $45m in the first three months.
In <DATE>, a German lawyer told the ICJ that 98 percent of arms exports to Israel since <DATE> were general equipment like vests, helmets and binoculars.
South Africa's case
Nicaragua's case against Germany builds on South Africa's ongoing genocide case against Israel. In an interim ruling, the ICJ said it was plausible Israel violated some rights guaranteed under the Genocide Convention.
Nicaragua and Germany are both signatories of the Genocide Convention, which includes an obligation on states to act to prevent possible genocide - but it is unusual for the court to hear cases where neither party is directly involved in the conflict at the heart of it.
A ruling on Germany's objection to jurisdiction is expected later this year. If the ICJ rejects Germany's bid, it can take until 2030 before a judgement is delivered."
80c2940645a1,oriente_medio,Al Jazeera,2026-09-26T13:22:33Z,https://www.aljazeera.com/video/newsfeed/2026/9/26/girl-disabled-by-israeli-strike-urges-wheelchairs-be-let-into-gaza,Girl disabled by Israeli strike urges wheelchairs be let into Gaza,en,False,0,66,60,True,"Girl disabled by Israeli strike urges wheelchairs be let into Gaza
Girl disabled by Israeli strike urges wheelchairs be let into Gaza
Disabled and amputee children injured in Israeli attacks in Gaza are unable to get new wheelchairs, because Israel is refusing to allow them in. We spoke to 8-year-old Layan Asaliya, who urges Israeli authorities to let wheelchairs in."
fe58773fd477,oriente_medio,Al Jazeera,2026-09-23T17:45:03Z,https://www.aljazeera.com/news/2026/9/23/board-of-peace-plans-2-4bn-gaza-reconstruction-as-israel-kills-seven,Board of Peace plans $2.4bn Gaza reconstruction as Israel kills seven,en,False,0,652,605,False,"Board of Peace plans $2.4bn Gaza reconstruction as Israel kills seven
Violations against Palestinians in the Strip continue even as world leaders call on Israel to adhere to ceasefire deal.
The United States-backed Board of Peace has proposed a $2.4bn plan to begin reconstruction in the Gaza Strip, even as Israeli attacks kill seven Palestinians across the enclave.
The body tasked with overseeing the ceasefire and Gaza's reconstruction unveiled on Wednesday a 66-project blueprint at a meeting of the group's board on the sidelines of the United Nations General Assembly.
The full cost of the reconstruction from the damage inflicted on Gaza by Israeli attacks is expected to cost about $35bn over the medium term and an additional $71.4bn in the next 10 years, according to the Board of Peace plan.
The Board of Peace's high representative, Nikolay Mladenov, said the proposed plan depends on Hamas's disarmament.
Hamas and other Palestinian factions in July agreed to a document setting out a plan for their disarmament in Gaza, in what United States President Donald Trump has called ""a monumental step"" towards peace and security.
""I want to be very clear that we are not bound by a calendar,"" Mladenov said. ""We want to make sure that this works.""
Reporting from the Board of Peace news conference in New York, Al Jazeera's Kristen Saloomey said ""little progress has been made on the ground"" in Gaza. ""What we've been hearing from the experts in this meeting is what a daunting task is ahead,"" she said.
While efforts to alleviate the dire conditions in Gaza were endorsed by the international community in July, ""Israel has not lived up to its commitment to withdraw its troops on the ground, and so recovery really has yet to begin,"" she said.
Continued Israeli attacks
On Wednesday, an Israeli drone attack on a vehicle in the al-Mawasi area near the city of Khan Younis in the south of the coastal enclave killed two people. Medics identified the dead as Osama Abu Khater and Mohammad Abu Elwan.
Israeli Prime Minister Benjamin Netanyahu claimed in a statement that the attack had killed a senior Hamas finance official.
Reporting from Gaza City, Al Jazeera's Ibrahim Al Khalili said that ""the situation is going from bad to worse in the wake of these Israeli attacks.""
The attacks are happening near ""displacement camps where hundreds of thousands of Palestinians sought refuge, believing that these tents will offer them a sense of normalcy and safety, but ended up being affected by these ongoing ceasefire violations"", he added.
An aerial attack on another vehicle in central Gaza's Deir el-Balah killed at least two Palestinians, and an additional strike in Gaza City killed at least one more.
A man and a woman also succumbed to wounds sustained from Israeli gunfire in previous days. In Khan Younis, an infant and an elderly woman were both wounded by Israeli gunfire in separate incidents.
Growing diplomatic backlash
Israel's routine violations in Gaza and the occupied West Bank have drawn a string of condemnations from world leaders convening for UNGA.
On Tuesday, the leaders of the United Kingdom, France and Canada criticised Israel for blocking a two-state solution through its policy of illegal settlement in the West Bank and said that the suffering in Gaza had to be alleviated.
UN chief Antonio Guterres denounced Israel's actions in the Palestinian enclave, adding that ""the United Nations need to be allowed to perform our mandates in Gaza.""
Turkish President Recep Tayyip Erdogan reaffirmed his country's commitment to the Gaza ceasefire agreement as a signatory, demanding that reconstruction of the devastated territory must start ""as soon as possible""."
abe4493b1aac,oriente_medio,Al Jazeera,2026-09-24T14:36:02Z,https://www.aljazeera.com/sports/2026/9/24/ireland-vs-israel-football-match-nations-league-controversy-explained,Why are Ireland vs Israel football matches so controversial?,en,False,0,1432,1370,False,"Why are Ireland vs Israel football matches so controversial?
Ireland and Israel will play two football matches despite growing Irish calls for a boycott due to the genocide in Gaza.
When European football's governing body announced the schedule for its upcoming Nations League competition in February, one fixture became an instant point of contention.
The Republic of Ireland and Israel were allocated the same group in League B of the UEFA Nations League 2026-27, provoking strong opposition from Irish fans, footballers and celebrities due to Israel's genocidal war in Gaza. It also led to calls for a boycott of the fixture regardless of the consequences.
Seven months on, the Ireland vs Israel game is expected to be played as scheduled but amid vociferous criticism, louder calls for Irish football officials not to send a team to the game and bitter Israeli responses to the backlash.
What's happening between Ireland and Israel?
They will play two matches in the space of eight days amid tense political relations and in the face of increasing opposition from the Irish public.
The fixtures will be played on a home-and-away basis, with Ireland ""hosting"" its home leg in Debrecen, Hungary, on Sunday, <DATE>. Israel's ""home"" match will be played in Serbia on <DATE>.
Why does Ireland have to play against Israel?
Ireland and Israel are members of UEFA, European football's governing body. As UEFA members, and in order to progress to the top tier of European football competitions and improve their rankings in international football, both nations participate in UEFA-run tournaments.
The UEFA Nations League pits closely ranked nations against each other in groups, where all teams face each other twice in round-robin-style matches.
Ireland and Israel were drawn together in Group B3 along with Austria and Kosovo.
Who is leading the calls to boycott the Ireland vs Israel match?
Ever since the fixture was first confirmed on <DATE>, the Football Association of Ireland has been under pressure to boycott the matches due to Israel's genocide in Gaza and Ireland's status as a Palestine ally.
In May, leading Irish footballers joined celebrities in a campaign by Irish Sport for Palestine, urging Ireland to boycott the match against Israel. A United Nations inquiry confirmed in <DATE> that Israel was committing a genocide in Gaza.
The campaign group says Israel has breached UEFA and FIFA statutes by allowing teams to play on occupied Palestinian land and should be stripped of its membership at both football bodies.
Last November, 93 percent of FAI members voted for its leadership to pressure UEFA to suspend Israel under those statutes, a mandate campaigners say the Irish governing body should ""respect and represent"".
The letter, entitled ""Stop the Game"", was signed by League of Ireland players, former men's coach Brian Kerr and twice women's player of the year Louise Quinn.
The letter includes a statement from Shamrock Rovers captain and Professional Footballers' Association of Ireland (PFA) chair, Roberto Lopes.
International rights organisations have also called on UEFA and FIFA to exclude Israel from its competitions.
""It's unconscionable that Israel will participate despite clear evidence that Israel's football association continues to support illegal settlements,"" Amnesty International said in a statement.
""When rules are broken, when occupation, apartheid and genocide are ongoing, we cannot look the other way,"" it added.
What have Ireland's officials said about the match?
Ireland's Prime Minister Micheal Martin gave a green light to the matches, citing the challenges of mixing sport and politics.
""We have been critics and have opposed very strongly Israeli government policy within Gaza in particular. We condemned the Hamas attack on Israel, which was absolutely horrific,"" the PM or taoiseach told The Irish Times.
""I think sport is an area that can be challenging when it crosses into the realm of politics.""
In February, FAI Chief Executive David Courell said the national team had no choice but to fulfil its obligations or risk harming the long-term sporting interests of Irish football, including potential disqualification from future competitions.
Last week, Ireland manager Heimir Hallgrimsson responded to the boycott calls, saying his team were not ""playing with genocide"".
""We're playing against genocide,"" Hallgrimsson said.
What is the public sentiment in Ireland?
The rights groups calling for a boycott of the match have cited several public polls, run by local newspapers, footballers' bodies and individuals online, which indicate that a vast majority are in favour of opting out of the Nations League fixtures.
A poll by the PFA in February showed that 63 percent of those surveyed did not want Ireland to play the fixtures. A similar poll by the Irish Mirror newspaper indicated that 71 percent of the public would support the FAI if they refused to play the game.
Bohemian FC, an Irish football club with a strong pro-Palestine stance, have thrown their weight behind the calls for a boycott and have urged the FAI to call off their participation.
Bohemian's Director of Football Pat Fenlon believes it is up to the FAI to ""take a stand for what's happening in Gaza"".
""What an opportunity it would be to be the first country to stand up and say this is totally wrong,"" Fenlon told Irish Sport for Palestine.
""The game shouldn't be played,"" he said.
According to officials at the club, the Irish public is aware of the potential consequences, but believe that boycotting is ""the right thing to do"".
""It is not acceptable to put a price on standing up for what is right and in solidarity with the Palestinian people,"" the club's communications director Luke O'Riordan told Al Jazeera.
He accused the FAI of showing ""sheer cowardice"".
O'Riordan said the boycott calls have been supported by trade unions representing workers, particularly those employed by the FAI, the PFA and the Irish Football Supporters Partnership, who represent Ireland's football supporters.
In the country's political sphere, Mary Lou McDonald, leader of Ireland's main opposition party, Sinn Fein, has also called for the FAI to ""do the right thing by its players"" by telling them not to take the field.
How did Israel respond?
The Israeli FA responded to Hallgrimsson's statement on Monday by saying: ""We are not playing with ignorance, hypocrisy and stupidity; we're playing against the coach who embodies them"".
Martin defended Hallgrimsson, describing Israel's remarks as ""unacceptable"", adding that ""Israel can't keep denying what the world knows"".
Why are the matches being played in Hungary and Serbia?
The first leg of the fixture will be held at the Nagyerdei Stadion in Debrecen, Hungary, and the second, which is Ireland's ""home"" game, will be played at the TSC Arena in Backa Topola, Serbia.
Israel has not played an international fixture at home since <DATE>, as it has been barred by UEFA from hosting teams due to security concerns.
While the <DATE> fixture was scheduled to be held in Dublin, the FAI moved it following the protests and boycott calls. That game will be played behind closed doors.
Irish state broadcaster RTE, which has contractual obligations to show the games, will provide stripped-back coverage.
There will be no studio presentation or punditry, and commentary will be taken from the international feed. RTE has not taken advertising or sponsorship around either game.
What would happen if Ireland boycotted the match?
UEFA does not have a fixed fine for refusing to play a Nations League match, and forfeiting teams could face a mix of fines, point penalties and forfeitures.
Officials at Bohemian FC pointed towards a recent report in the Irish Examiner newspaper, which highlighted that the punishment given to Lithuania, Latvia and Estonia when they refused to fulfil recent UEFA fixtures against Belarus was a 3-0 walkover and, in one case, a fine of 5,000 euros ($5,684).
O'Riordan said there was ""real anger"" among grassroots towards the FAI.
""The FAI exaggerated the potential consequences to force their delegates to vote in favour of proceeding with fulfilling these fixtures,"" he said.
Meanwhile, Bohemians' Director of Football Fenlon believed such a stance would always come at a cost.
""[They are] talking about losing money, about losing points and punishment, but we're talking about more than 20,000 children killed [in Gaza],"" he said.
""There will be a cost. Stand on the right side. We shouldn't be playing Israel in anything."""
64743523ad5f,oriente_medio,Al Jazeera,2026-09-03T20:31:08Z,https://www.aljazeera.com/news/2026/9/3/israel-kills-3-in-gaza-as-far-right-minister-plans-for-palestinian-removals,Israel kills 3 in Gaza as far-right minister plans for Palestinian removals,en,False,0,502,456,False,"Israel kills 3 in Gaza as far-right minister plans for Palestinian removals
Israeli drone strike and gunfire kills and injures people across the Gaza Strip despite 'ceasefire'.
Israeli attacks have killed at least three people and injured several others across Gaza, as Israeli officials push a plan calling for the removal of Palestinians from the Strip.
An Israeli drone strike on Thursday in the Rimal neighbourhood of western Gaza City killed one person and injured several others, medical sources told Al Jazeera reporters on the ground.
The Palestinian Wafa news agency said the Israeli drone had fired at least two missiles at a group of civilians in the neighbourhood.
Separately, two Palestinians were killed and others were injured in the northern town of Beit Lahia when Israeli forces opened fire at a group of Palestinians, Wafa reported.
Nour Khaled, an Al Jazeera reporter in Gaza, said one of the two victims was a 13-year-old child and the other was an adult who was seriously injured in the attack and passed away after being transferred to a medical point.
The Israeli military meanwhile claimed that its forces had identified two ""terrorists who crossed the Yellow Line"" in northern Gaza, who they then ""eliminated in order to remove the threat they posed"". The so-called Yellow Line is a buffer zone within Gaza established as part of the ""ceasefire"".
The ongoing Israeli attacks come despite a United States-brokered ""ceasefire"" that came into effect in October.
Although major fighting halted in the strip after the agreement, deadly Israeli strikes have continued.
Israeli plan to remove Palestinians from Gaza
While Israeli attacks continue, Israel's National Security Minister Itamar Ben-Gvir revealed on Thursday a plan for the removal of the roughly two million Palestinians from the Gaza Strip within seven years.
According to his office, Ben-Gvir's plan aims to establish a dedicated ministry, as well as secure agreements with countries to take in people from Gaza.
The initiative foresees the departure of 250,000 people in the first year, some 1.1 million within three years and around 1.9 million within seven years, the far-right minister said.
Ben-Gvir said the plan is ""realistic"" and sought to ""encourage the emigration of Gaza's inhabitants"" as a solution to the Israeli-Palestinian conflict.
Israel's Defence Minister Israel Katz admitted on Wednesday that Israel is still working to remove Palestinians from Gaza.
Forced displacement of civilians in occupied territory is considered a war crime under the Geneva Conventions.
Israeli attacks have already internally displaced the vast majority of Gaza's people since the start of the genocidal war in Gaza in <DATE>.
Israel's offensive has since claimed at least 73,470 lives in Gaza since then, with more than killed 1,330 since the ceasefire began, according to the Gaza Health Ministry."
4db6eaaed74c,oriente_medio,Al Jazeera,2026-09-14T21:12:07Z,https://www.aljazeera.com/news/2026/9/14/israel-probing-naza-film-on-gaza-for-inciting-antisemitism,"Israel probing Naza film on Gaza for treason, inciting anti-Semitism",en,False,0,582,519,False,"Israel probing Naza film on Gaza for treason, inciting anti-Semitism
Film alleges mass civilian deaths routinely built into military decisions amid Israel's genocidal war on Gaza.
Israeli officials have slammed a new documentary film on the military's conduct in Gaza and called for legal action against the filmmakers and their sources.
Prime Minister Benjamin Netanyahu on Monday called the documentary, Naza - which alleges that mass civilian deaths were routinely built into targeting decisions during Israel's genocidal war on Gaza - a ""shocking"" film and accused it of being part of a wave of global anti-Semitic incitement.
Israeli military chief Eyal Zamir has ordered the launch of a legal probe to hunt down sources, which include members of the military and Israeli intelligence with their identities hidden. The culture minister suggested that the government could seek to press treason charges against the filmmakers and others involved.
The documentary, directed by Israeli journalists Yuval Abraham and Rachel Szor, won the Special Jury Prize at the Venice Film Festival on Saturday, having received a 25-minute standing ovation when it was screened two days previously.
""It's shocking. We are fighting global anti-Semitic incitement, and when it comes from within us it is intolerable,"" Netanyahu said in a video posted on Telegram.
""And now two Israeli directors portraying the [Israeli military] as war criminals receive applause at the Venice festival.""
'Blood libels'
Netanyahu's comments followed a statement from Zamir asserting that the film constituted an attack on the state of Israel.
""Based on what has been published thus far, this is not a film offering criticism of the [military], nor is it an attempt to establish the truth. It is based on blood libels, deliberate distortions of reality, and grave, false accusations against [Israeli] soldiers and commanders,"" Zamir said.
The military chief has instructed the Military Advocate General, whose legal powers are confined within the military, ""to examine and advance possible legal measures concerning the film and those involved in it"".
Culture Minister Miki Zohar stated that he has asked authorities to ""investigate how the materials were obtained, who is behind them, and whether in the process of obtaining or publishing them, actions were taken that amount to aiding the enemy during wartime"".
He also said he had requested the Interior Ministry to consider revoking the citizenship of the two filmmakers on account of ""treason"".
The film takes its title from an Israeli military term for expected ""collateral casualties"" and is built around anonymous interviews with intelligence officers and soldiers involved in the war.
Those interviewed describe how targets in the Gaza Strip were selected and how many civilian casualties were factored into attacks.
""We believe that the denial of a crime is what helps it persist, and this is why it is especially important for us that Israelis watch this film; it is our country that is doing these crimes,"" Abraham said in his acceptance speech at the Venice festival on Saturday.
Gaza health authorities report that more than 73,700 Palestinians, most of them civilians, have been killed in Israel's devastating war that has left much of the besieged enclave in ruins."
39dca337b5d2,oriente_medio,Al Jazeera,2026-09-19T07:50:44Z,https://www.aljazeera.com/news/2026/9/19/naza-why-are-old-gaza-allegations-causing-new-fury-in-israel,NAZA: Why are old Gaza allegations causing new fury in Israel?,en,False,0,888,833,False,"NAZA: Why are old Gaza allegations causing new fury in Israel?
Israeli soldiers' Gaza testimony causes backlash across much of the country's political establishment.
Israel's bitter political divisions are particularly sharp before the country's October elections. But the furious response to a new documentary about the military's actions in the genocidal war on Gaza has revealed an issue that much of Israel's political and media establishment appears united on.
Few of the central allegations in NAZA, made by Israeli filmmakers Yuval Abraham and Rachel Szor, are new. Reports that the Israeli military was relying on artificial intelligence systems to generate targets in Gaza, often killing the inhabitants of entire buildings to kill just one individual identified by the system, were reported in <DATE>.
Other accusations against Israel, such as committing genocide, deliberately causing a famine, and unlawfully killing children, have also not received much attention in Israel.
In contrast, NAZA has unleashed a litany of abuse from across Israel, and brought the allegations to the centre of Israel's political debate.
Culture Minister Miki Zohar reacted to the film's premiere at the Venice Film Festival - where it received a 25-minute standing ovation - by calling for the directors to be stripped of their citizenship and to be investigated by the internal intelligence service for treason.
Army chief Eyal Zamir has dismissed the film as being built on blood libel and ordered a legal probe to hunt down its military and intelligence sources.
Prime Minister Benjamin Netanyahu also cited the film when advancing legislation to revoke citizenship from anyone deemed to be smearing the country's soldiers, while in the coastal city of Ashdod, graffiti branding the directors ""traitors"" has appeared on the walls.
""You can't really understand the extent of the madness from outside of the country,"" Orly Noy, an editor at Local Call, which first carried many of the accusations contained in the film, said. ""They're attacking the friends and families of [the filmmakers] Yuval Abraham and Rachel Szor. They're talking about revoking their citizenship. They're asking the Shin Bet to investigate them - for making a film, and it isn't just the politicians. Journalists, who you might expect to show some kind of solidarity with them, are competing to attack them. It's scary.""
Denial
In late 2025, the Committee to Protect Journalists reported escalating censorship and harassment in Israel, with Israeli journalists telling the organisation that the media's approach had become ""part of the war effort"" and, by extension, significantly shaped Israeli view of their war on Gaza.
In <DATE>, a study by the Israeli think tank Molad found that only 3 percent of Channel 12's coverage of the first six months of the war mentioned Gaza's humanitarian crisis. Of 206 war-related images and video clips broadcast by the network, Israel's most-watched channel, only two showed Palestinian civilian casualties.
Nevertheless, before the film's release, polls found that most Israelis believed the coverage they were receiving of the military's conduct in Gaza was balanced.
""I guess it was because the mainstream media outlets in Israel did not investigate the conduct of the army during the war in Gaza, and hardly covered the war from the Palestinian point of view,"" Anat Saragusti, the Israeli jurist and journalist responsible for press freedom at the Union of Journalists in Israel, said of the shock that had accompanied the release of the film. ""[The Israeli media] hardly reported on the human toll and the scale of the humanitarian crisis in Gaza.""
Compounding the gap, Saragusti said, was a deep-seated national narrative: that the war had been imposed on Israel, that Hamas had carried out a massacre on October 7, and that Hamas's use of civilians as human shields made mass casualties in Gaza all but unavoidable.
Palestinian deaths, in this telling, were framed less as the product of Israeli conduct than as collateral damage forced on Israel by its enemy's tactics, she said.
Lynch mobs
""Even journalists that usually support the anti-Netanyahu bloc have criticised the filmmakers,"" Israeli political sociologist Daniel Bar-Tal said.
""Israeli Jews deny the genocide,"" he continued, ""Even all the opposition parties joined the vicious criticism of the filmmakers.""
The language used against the filmmakers has been echoed by some of Netanyahu's most prominent political rivals.
On Monday, former military chief and one of Netanyahu's principal rivals Gadi Eisenkot denounced the film for ""moral blindness, a detachment from reality, and harm to the State of Israel in a difficult hour"".
Former Prime Minister Naftali Bennett, who is also running in October's election, called the film a ""horrific blood libel against our sons and daughters"".
""Everything gets heightened the closer to the election we get,"" Noy said. ""But I think only now, for those of us who live here, is the extent of the fascism becoming clear. Journalists, politicians and the media are forming some kind of incitement machine.""
""I've had anxieties over where Israel had been going for a long time,"" she said, ""but right now I'm genuinely worried for my friends and colleagues."""
79586e265275,oriente_medio,Al Jazeera,2026-09-08T11:21:13Z,https://www.aljazeera.com/news/2026/9/8/as-sweden-heads-to-polls-israel-and-palestine-policies-are-on-the-ballot,"As Sweden heads to polls, Israel and Palestine policies are on the ballot",en,False,0,1071,1015,False,"As Sweden heads to polls, Israel and Palestine policies are on the ballot
With the left-wing coalition ahead in polling, the current right-wing government's policies could soon be up for debate.
Stockholm, Sweden - This Sunday, Sweden will vote in a knife-edge general election that could change the country's stance on Israel.
In 2014, Sweden became the first European Union member state to recognise Palestine.
The decision strained relations with Israel, with then Foreign Minister Avigdor Lieberman stating that Sweden did not understand that relations in the Middle East are more complicated than assembling IKEA furniture.
Now, as Swedes head to the polls, the far-right Sweden Democrats, the Nordic nation's second-largest political party, want that recognition revoked.
But a Novus survey released on Monday suggested 50.3 percent support a left-wing coalition compared with 47.9 percent for the current right-wing government.
The Israel-Palestine conflict has been baked into the political landscape ever since Sweden's Count Folke Bernadotte, the United Nations' first mediator for Palestine, was assassinated in 1948 by the Zionist paramilitary group Lehi, widely known as the Stern Gang, in Jerusalem.
Forty years later, Sweden brokered talks in Stockholm between Palestinian leader Yasser Arafat and a delegation of prominent American Jews. Days later, Washington opened dialogue with the Palestine Liberation Organization (PLO).
Sweden's politics run in two blocs.
On the right: The governing Moderates, Christian Democrats and Liberals, plus the Sweden Democrats, who have propped up the government from outside since all four parties signed an agreement in 2022.
Current Prime Minister and Moderate leader Ulf Kristersson and Sweden Democrats leader Jimmie Akesson announced earlier this year that an election victory would see a four-party cabinet, with the Sweden Democrats promised significant portfolios.
On the left: The Social Democrats, the Left Party and the Greens, with the Centre Party a possible fourth.
What could happen if the right-wing bloc wins?
The current right-wing government does not regard Israel's conduct in Gaza as genocide and has not joined South Africa's genocide case against Israel at the International Court of Justice (ICJ).
The government suspended Sweden's funding to UNRWA, the UN agency for Palestinian refugees, after Israel alleged that a number of UNRWA staff took part in the deadly October 7 attack led by Hamas on southern Israel.
It resumed funding later and then ended core funding in <DATE>.
In <DATE>, the government allocated about $83m to the humanitarian response in Gaza and the region for 2026, bypassing UNRWA.
When Israeli forces intercepted the Global Sumud Flotilla in international waters in <DATE> and arrested more than 400 people on board, among them Sweden's Greta Thunberg, the government acknowledged reports of Israeli abuse towards the activists but said it had long advised against travel to Gaza and stated the group had ""clear personal responsibility"".
Some MPs in the right-wing bloc appear to be favouring Israel.
Christian Democrat MPs have filed motions calling for Jerusalem to be recognised as Israel's capital and the Swedish embassy to be moved there, for UNRWA's responsibilities to be transferred to UNHCR, and ultimately for UNRWA to be wound up entirely.
The party's leader, Ebba Busch, was photographed about 2009 in front of a military vehicle in the occupied Golan Heights wearing an Israeli army T-shirt.
Alice Teodorescu Mawe, a Christian Democrat member of the European Parliament, argued in <DATE> that people applying for Swedish citizenship should recognise Israel's right to exist and ""embrace the Judeo-Christian values on which Swedish democracy rests"".
In August, she shared a clip published by a pro-Israel media enterprise, The Free Press, that questioned the famine in Gaza. An expert interviewed by SVT, Sweden's public broadcaster, concluded that the video was misleading.
But the current government is not uniformly pro-Israel. It has pushed for EU sanctions against ""extremist"" settlers and ministers, and in April proposed extra tariffs and export certificates on settlement products.
However, the Sweden Democrats, a party with neo-Nazi roots, if it were to get into government, would represent the most pro-Israel views in the bloc.
Their motions this session call for moving the Swedish embassy to Jerusalem and ending all Swedish aid to Palestinians.
Akesson also said in January that if it were up to him, recognition would absolutely be withdrawn, and that he would raise it in coalition talks.
In practical terms, recognition is a declaration by a state, and that can be changed, Zina al-Dewany, a political commentator and editorial writer for the Swedish newspaper Aftonbladet, told Al Jazeera.
It is something that could be a possibility given the government has not shown much of a ""backbone"" in standing up to Sweden Democrats' wishes, she said.
If the Sweden Democrats join the government, she added, they could theoretically end up in charge of foreign affairs, and ""our foreign policy is decided by the government, not the parliament,"" which means it would not need a parliamentary vote.
What might happen if the left-wing bloc wins?
The left, currently ahead in polling, is aligned on several key issues, including the resumption of UNRWA funding.
Within the bloc, the Left Party and Green Party have called for Sweden to join South Africa's genocide case against Israel at the ICJ.
Anfal Mahdi, an opposition councillor in Malmo, told Al Jazeera that her Left Party had been an outlier in its explicit support of Palestine, and that the Social Democrats have been fearful of adopting a clearer stance.
""If the left bloc comes to power, you will see a trade boycott of Israel, more money to UNRWA, and we want more funding to the ICC,"" Mahdi said, referring to the International Criminal Court, which issued in 2024 an arrest warrant for Israeli Prime Minister Benjamin Netanyahu over war crimes.
All parties have condemned the October 7 Hamas-led attacks on Israel and state the armed group should hold no role in any future Palestinian government.
The Social Democrats, Sweden's dominant party for a century and architect of the welfare state that still defines Swedish politics, support elements of these issues, but have erred more on the side of caution, focusing more on targeted sanctions against Israeli officials and ""extremist"" settlers."
c1338d754662,oriente_medio,Al Jazeera,2026-09-25T02:26:16Z,https://www.aljazeera.com/video/newsfeed/2026/9/25/contrasting-treatment-of-israel-and-palestine-on-display-at-the-un,Contrasting treatment of Israel and Palestine on display at the UN,en,False,0,66,60,True,"Contrasting treatment of Israel and Palestine on display at the UN
Contrasting treatment of Israel and Palestine on display at the UN
Israel's Prime Minister addressed the UN General Assembly in person, despite having an International Criminal Court (ICC) arrest warrant issued against him. Palestinian President Abbas meanwhile was forced to address the Assembly virtually. Al Jazeera's James Bays reports."
20aab4ea678c,oriente_medio,Al Jazeera,2026-09-17T15:10:12Z,https://www.aljazeera.com/news/2026/9/17/kosovo-israel-ties,‘Kosovo’s moves towards Israel are the price of aligning with US policy’,en,False,0,955,897,False,"'Kosovo's moves towards Israel are the price of aligning with US policy'
Kosovo's decision to join a US-led Gaza force exposes the pull of its alliance with Washington, according to analysts.
Kosovo, a small majority-Muslim country in the Balkans, has signed up to United States President Donald Trump's controversial Board of Peace and the planned International Stabilization Force for Gaza, after Israel gave its approval.
The proposed force is, in theory, expected to help maintain security, support demilitarisation and train Palestinian police, though its mandate and composition remain unclear.
For Kosovo, the decision has a particular resonance.
Its statehood and security depend on international support and NATO protection, as well as the right of a population under pressure from a stronger neighbour to decide its own future. It is now joining a Gaza framework whose legitimacy is contested by Palestinian actors and legal experts, and in which Israel retains decisive influence.
A debt to repay?
Kosovo was an autonomous province within Serbia in the former Yugoslavia until Slobodan Milosevic stripped it of much of its self-government in 1989. Repression and the political marginalisation of Kosovo Albanians culminated in the 1998-99 war, after the Kosovo Liberation Army launched a rebellion against Serbian and Yugoslav forces.
Serbian and Yugoslav forces responded with killings, expulsions and mass displacement; more than 10,000 Kosovo Albanian civilians were killed. The Hague tribunal later convicted senior Serbian and Yugoslav officials for war crimes and crimes against humanity. After NATO's 78-day 1999 air campaign, Serbian and Yugoslav forces withdrew.
NATO's KFOR force, Kosovo's principal external security guarantor, arrived that June.
Nexhmedin Spahiu, a university professor and political analyst in Pristina, says Kosovo's approach to Israel reflects a perceived obligation to Washington and, in his view, to the pro-Israel lobby in the US.
NATO and US intervention, Kosovo's recognition, and the assistance received from the United States are consequences of the lobby's ""influence"", he said. ""People in Kosovo feel they have a moral debt ... and that is the reason for Kosovo's approach to Israel.""
For many Kosovo Albanians, the US is associated with the end of repression, the return of refugees and the conditions that made independence possible.
With Serbia still refusing to recognise Kosovo and periodic tensions continuing, US backing and NATO deterrence remain central to Pristina's security.
""Kosovo's moves towards Israel are the price of aligning with American policy,"" Spahiu said. ""It is about repaying old debts.""
From recognition to partnership
Relations with Israel developed within this US-centred logic. Under the Washington agreement of <DATE>, Kosovo committed to opening an embassy in Jerusalem. Israel formally recognised Kosovo in <DATE>, and Pristina opened its embassy there the following month, becoming the first majority-Muslim country to do so.
Donika Emini, a research fellow at the University of Graz's Centre for Southeast European Studies, said recognition was ""unquestionably a major diplomatic and political achievement"" for Kosovo.
Israel's recognition carried strategic value beyond the bilateral relationship. For Pristina, she added, it helped counter the argument used by states with their own territorial disputes that they could not recognise Kosovo, showing that domestic sovereignty concerns need not prevent such a political decision.
""The relationship has, therefore, been moving beyond recognition towards a broader strategic partnership,"" she said, citing Kosovo's interest in closer security cooperation with Israel.
For Kosovo's leadership, Israel's recognition was a concrete victory, while the Jerusalem embassy formed part of a package linked to the first Trump administration. Emini said the calculation was also about strengthening its relationship with Washington.
Artan Muhaxhiri, a Kosovo political analyst, describes this as ""proxy politics"": a relationship shaped by, and contingent on, Pristina's ties with the US rather than an autonomous bilateral policy.
From security consumer to provider
Pristina presents the Gaza role as an opportunity to give back. In March, Prime Minister Albin Kurti said Kosovo was ready to help Gaza because it had benefitted from international forces since 1999.
Emini said Kosovo has long desired to contribute to peace and security, but its lack of UN membership narrows its options.
""Joining a US-led international initiative offers Kosovo something it has been seeking for years: international visibility and an opportunity to demonstrate that it can contribute to international security,"" she said. ""There is also a degree of reciprocity here.""
She cautioned against a simple comparison with Gaza, where the political and security environment is fundamentally different.
Muhaxhiri expects a symbolic payoff.
""A significant military role is not a realistic expectation,"" he said. Still, participation in high-profile initiatives can help consolidate Kosovo's state identity, build relationships and advance its wider international integration, he added.
An unresolved contradiction
Kosovo's national story rests on international protection for civilians exposed to state violence and on self-determination.
Israel's genocidal war on Gaza, launched after the Hamas-led attacks of October 7, has killed tens of thousands of Palestinians. Israel faces a genocide case at the International Court of Justice; the International Criminal Court has issued arrest warrants for Prime Minister Benjamin Netanyahu and former Defence Minister Yoav Gallant over alleged war crimes and crimes against humanity.
For Emini, Pristina has not resolved the tension between its language on Serbia and its position on Gaza.
""The question in Pristina has been less about whether the two positions can be reconciled in purely legal terms, and more about where the United States stands, what Kosovo's strategic interests are - and what alliances Kosovo can build,"" she said."
9f6ca54621ee,oriente_medio,Al Jazeera,2026-09-16T12:09:45Z,https://www.aljazeera.com/features/2026/9/16/us-set-to-approve-60000-heavy-bombs-for-israel-what-that-means,"US set to approve 60,000 heavy bombs for Israel: What that means",en,False,0,1504,1497,False,"US set to approve 60,000 heavy bombs for Israel: What that means
The US taxpayer-funded package of 2,000-pound bombs comes amid Israel's genocidal war on Gaza and its occupation of southern Lebanon.
United States President Donald Trump's administration is preparing to sell 60,000 highly destructive, 2,000-pound (907kg) bombs to Israel in a multibillion-dollar package which will be funded by American taxpayers.
US media has reported that the Trump administration has approved the sale, which features some of the most destructive munitions in Western arsenals, and has informally notified Congress.
This is one of the biggest US munition packages to Israel and comes after nearly three years of genocidal war on Gaza, ongoing pogroms by Israeli settlers in the occupied West Bank and a mighty assault on southern Lebanon - which together have killed tens of thousands and displaced millions in the region.
It also comes as the US's own munitions stockpile has been depleted due to its war on Iran, with the crisis worsened by Russia's war on Ukraine.
So, what bombs are the US sending to Israel, and what can Israel do with them?
What weapons are the US planning to sell to Israel?
The Trump administration has not officially confirmed this sale yet. A senior administration official told AFP news agency that ""all foreign arms sales are moving through the appropriate process"", but refused to comment on pending transactions.
Meanwhile, a State Department spokesperson told AFP that ""as a matter of policy, the Department does not confirm or comment on proposed arms sales until they have been formally notified to Congress"".
However, Washington is reported to be on track to deliver a munitions package to Israel that is believed to include 60,000 warheads, including 20,000 MK-84s, 20,000 BLU-117s and 20,000 I-2000 Penetrator.
The sale is worth $2.8bn, the majority of which will be paid for by the US's Foreign Military Financing scheme, wherein Washington pays Israel from its own taxpayers' funds to buy American-made weapons and military equipment.
The three types of bomb are:
- MK-84: The largest among the Mark 80 series of bombs, this unguided, 2,000-pound (907kg) general-purpose bomb is designed primarily for maximum blast and fragmentation against buildings and moderately protected targets. It can destroy buildings and kill or injure people hundreds of metres from the bomb site.
- BLU-117: A 2,000-pound (907kg) general-purpose bomb which looks very similar to the MK-84 but has a different explosive filler and can also be fitted with precision-guidance kits. It also has a thermal protective coating, designed for safer storage, particularly by the US Navy.
- I-2000 Penetrator: Also referred to as a ""bunker buster"", this roughly 2,000-pound-class, hard-target penetrator is designed to punch through hardened structures before detonating; its casing is substantially thicker and harder than an MK-84.
In 2024, then-President Joe Biden's administration paused the delivery of some 2,000-pound-class bombs to Israel amid growing international criticism by rights groups about the disproportionate number of civilians being killed in attacks.
Trump ended the pause when he returned to the presidency the following year - and bypassed a usual congressional review process to approve a nearly $3bn arms sale to Israel that included more than 35,500 of these powerful bombs. In January this year, Washington approved a further package of arms sales to Israel worth $6.67bn.
When has Israel used 2,000-pound US bombs before?
Israel had been using 2,000-pound-class bombs, especially in the occupied Palestinian territory and in Lebanon, for at least four decades prior to the Hamas-led attack on southern Israel on October 7, which triggered Israel's war on Gaza.
In 1981, Israel used this bomb during the Osirak bombing, known as Operation Opera, in an air strike which destroyed an unfinished Iraqi nuclear reactor near Baghdad. The next year, Israel dropped these bombs in Lebanon and Syria, accounting for a high civilian toll during attacks.
According to the Project on Defense Alternatives (PDA), which conducts defence policy research and analysis, a 2,000-pound blast will severely damage, injure or kill everything or anyone within 35 metres (115 feet).
Averaged across different types of surfaces, a 2000-pound bomb will carve out a crater 50 feet (15 metres) across and 16 feet (5 metres) deep.
Since Israel's genocidal war on Gaza began in <DATE>, preliminary research suggests that Israel has used these powerful and destructive bombs more frequently.
For instance, on <DATE>, Israel dropped a 2,000-pound bomb on the Jabalia refugee camp in a densely populated area of Gaza City, leaving a giant crater amid bombed-out buildings, and killing dozens of civilians. The UN human rights office said the Israeli air attack could amount to a war crime.
The International Criminal Court (ICC) in The Hague issued an arrest warrant for Israeli Prime Minister Benjamin Netanyahu for alleged war crimes and crimes against humanity in <DATE>. Washington has ridiculed the court's jurisdiction.
How lethal are these bombs?
According to an Al Jazeera investigation, The Rest of the Story, civil defence teams in Gaza have documented 2,842 Palestinians who witnesses say in effect ""evaporated"" in the blast of bombs since the war began in <DATE>, leaving behind no remains other than blood spray or small fragments of flesh.
Experts and witnesses have attributed this phenomenon to Israel's systematic use of internationally prohibited thermal and thermobaric weapons, often referred to as vacuum or aerosol bombs, capable of generating temperatures exceeding 3,500 degrees Celsius (6,332 degrees Fahrenheit).
The investigation detailed how specific chemical compositions in Israeli munitions turn human bodies into ash in seconds - and identified specific US-manufactured munitions used in Gaza that are linked to these disappearances, including MK-84 and BLU series bunker busters.
Vasily Fatigarov, a Russian military expert, explained that these weapons do not just kill; they obliterate matter. Unlike conventional explosives, these weapons disperse a cloud of fuel that ignites to create an enormous fireball and a vacuum effect.
""To prolong the burning time, powders of aluminium, magnesium and titanium are added to the chemical mixture,"" Fatigarov said. ""This raises the temperature of the explosion to between 2,500 and 3,000 degrees Celsius [4,532F to 5,432F].""
How significant are 60,000 bombs?
Very. Together, 60,000 2,000-pound-class bombs weigh 54,400 tonnes.
That is about the weight of the entire steel skeleton of New York's Empire State Building. Or seven times the weight of the iron structure of the Eiffel Tower.
Its mass also far exceeds the most infamous single conventional air raid of the 20th century. The <DATE> Tokyo firebombing, which killed more than 80,000 people in one night, used roughly 1,600 tonnes of bombs.
On a broader scale, 54,400 tonnes is nearly the total weight of bombs dropped on Berlin throughout World War II, and also roughly one-third of all bombs that fell on Japan's home islands.
Isn't the US running short on munition stockpiles?
Yes, a Pentagon watchdog report released on Monday confirmed earlier media reports that the war on Iran is burning through Washington's munitions - especially the costly Patriot surface-to-air missile defence system - and creating ""bottlenecks"" in supply chains.
""To mitigate these constraints,"" the report said, the Pentagon is ""working to streamline procurement processes and production lead times, and to stockpile critical materials, components, and selected munitions to respond rapidly to a contingency.""
President Trump wrote on Truth Social that the US is ""producing more Exquisite and Elite Weapons than at any time in our History. They are being delivered on a daily basis to our Forces in the Middle East and beyond.""
What reactions have there been to this weapons sale?
News of the sale has been condemned by figures on both sides of the political spectrum in the US.
""By any definition, what the Netanyahu government has done in Gaza is genocide,"" conservative commentator Tucker Carlson, who has been highly critical of the US support for Israel's war on Palestine, wrote on X.
""The 40,000 new bombs the Trump administration is sending will be used to do the same in Lebanon, and likely in other countries in the region. If you wanted to extend the Iran war into the indefinite future, this is exactly what you'd do.""
US Senator Chris Van Hollen, a Democrat, said he would work to block the sale, and accused the Trump administration of ""sending bombs paid for by American taxpayers to a government led by a wanted war criminal"".
Former Congresswoman Marjorie Taylor Greene, who was affiliated with the Republican Party when in the House of Representatives, wrote: ""We did not vote for this. America does not support this. Our tax dollars and weapons have been used to kill tens of thousands of innocent people.""
The US-Israel war on Iran, which started in late February with the assassination of then Supreme Leader Ayatollah Ali Khamenei, is widely unpopular in the US, with President Trump's approval ratings dipping.
A June Quinnipiac University poll found 48 percent of voters and 66 percent of Democrats believe the US is too supportive of Israel, up from 16 percent and 20 percent when the question was first asked in 2017."
8a1b46991d41,oriente_medio,Al Jazeera,2026-09-05T16:17:47Z,https://www.aljazeera.com/news/2026/9/5/gaza-teams-recover-remains-of-55-people-nearly-3-years-after-israeli-strike,Gaza teams recover remains of 55 people nearly 3 years after Israeli strike,en,False,0,685,624,False,"Gaza teams recover remains of 55 people nearly 3 years after Israeli strike
The victims, all members of the Malka family, had been sheltering in the family home when it was hit by Israel in <DATE>.
The remains of 55 Palestinians have been recovered from the rubble of a residential building in Gaza City destroyed in an Israeli air strike nearly three years ago, according to Gaza's civil defence.
The recovery operation, which concluded on Saturday, marks the latest in a slow, largely manual campaign to retrieve the dead from beneath Gaza's ruins. Such efforts are hampered by a chronic shortage of the heavy machinery needed to clear broken concrete.
Rescue teams said the remains were found beneath the rubble of the Malka family home, the Palestinian Wafa news agency reported.
Colonel Muhammad Abu Dan, who has been supervising the rescue teams, said they had been searching for more than 60 bodies of victims from the Malka family over the past 72 hours.
Situated in the Zeitoun neighbourhood, Israeli forces struck the building on <DATE>, as the family members sought shelter inside after being displaced from their own homes over the course of Israel's genocidal war, said Wafa.
According to the United Nations Satellite Centre, 82 percent of all buildings in Gaza have been destroyed or damaged during the war.
Gaza's Ministry of Health, along with UN agencies and aid organisations, estimate that between 10,000 and 14,000 people remain missing under rubble across the territory.
Abu Dan has called on international humanitarian organisations to provide as much equipment as possible so that his teams can recover the largest number of people possible from the rubble, as reported by Gaza's Government Media Office.
As most of the bodies have been recovered, a joint funeral procession is expected to take place next weekend.
'No plan' to displace people from Gaza
The recovery operation took place after United States ambassador to Israel, Mike Huckabee, said there was no plan to force Palestinians to leave Gaza after two Israeli ministers earlier in the week floated proposals for the mass removal of people from the besieged territory.
""I can tell you categorically there is no plan of the Israelis to displace people out of Gaza against their will,"" Huckabee told reporters in Turmus Ayya, a town in the Israeli-occupied West Bank.
""Nobody is suggesting that there will be forced displacement. The Israelis are not. The Americans are certainly not. I know of no one who supports that.""
Earlier this week, Defence Minister Israel Katz said there was ""no real solution for Gaza in the end without this migration"", while National Security Minister Itamar Ben-Gvir outlined a seven-year plan for expelling Gaza's population through what he described as ""voluntary emigration"".
Meanwhile, Gaza's Ministry of Health said hospitals in the strip received 17 bodies over the past 48 hours as well as 27 injured people, according to figures compiled from admissions.
The latest casualties included five new fatalities, one person who died from previous wounds and 11 bodies recovered from beneath debris. Additional victims remain trapped under rubble or lying in the streets, with ambulance and civil defence teams still unable to reach them, it added.
At least three Palestinians were injured in Israeli attacks on Saturday, two in an Israeli attack on a beach in the al-Khalidi area, north of Gaza City, and one in a targeted attack on the al-Sudaniyya area, northwest of Gaza City.
Since the ""ceasefire"" took hold last October, at least 1,344 people have been killed and 4,464 injured while at least 815 bodies have been recovered from the rubble, according to the Health Ministry.
The overall death toll since <DATE> has risen to 73,470, with at least 174,540 injured, according to the latest available figures."
93217dedc9c1,oriente_medio,Al Jazeera,2026-09-28T01:39:02Z,https://www.aljazeera.com/video/newsfeed/2026/9/28/27-09-sv-ireland-beats-israel-ie,Ireland beats Israel 3-0 wearing black armbands to support Gaza,en,False,0,66,60,True,"Ireland beats Israel 3-0 wearing black armbands to support Gaza
Ireland beats Israel 3-0 wearing black armbands to support Gaza
Ireland scored a 3-0 victory over Israel in a politically-charged UEFA Nations League match played in Hungary. The game went ahead despite calls for a boycott with the Irish players wearing black armbands in support of the people of Gaza."
d3a18a45f6ca,oriente_medio,Al Jazeera,2026-09-07T21:00:58Z,https://www.aljazeera.com/news/2026/9/7/israels-removal-of-gaza-rubble-risk-to-war-crimes-evidence-un,Israel’s removal of Gaza rubble risk to war crimes evidence: UN,en,False,0,376,312,False,"Israel's removal of Gaza rubble risk to war crimes evidence: UN rapporteur
International Court of Justice ordered Israel in 2024 to prevent the destruction of evidence related to war crimes.
Israel's clearance of rubble in Gaza could destroy evidence of war crimes, the United Nations special rapporteur on the occupied territories has warned.
States and companies removing the rubble ""could incur international criminal responsibility"" for destroying evidence of crimes committed during Israel's genocidal war on the enclave, Francesca Albanese said on Monday.
It has been two years since the International Court of Justice ordered Israel to take effective measures to prevent the destruction of evidence relating to allegations under the Genocide Convention.
""It is unacceptable that the reconstruction of Gaza is conditioned upon the erasure of its past and the evidence required to secure justice for its victims"", said Albanese, a harsh critic of Israel.
The Israeli military carried out a huge operation in August to crush, mix and transport millions of tonnes of rubble from numerous sites, including cemeteries and other known locations of human remains.
A report by the Euro-Med Human Rights Monitor issued last month said the removal of debris from Gaza could be an attempt at demographic engineering and erasing evidence of the genocide.
Palestinian authorities estimate that more than 8,000 people remain buried under the debris, with many in Gaza still searching for the remains of loved ones. Israel continues to block the heavy machinery and forensic supplies needed to recover bodies.
On Sunday, Palestinians in northern Gaza held funeral ceremonies for about 100 people, including 60 children, whose remains were recovered from the rubble of destroyed buildings in Gaza City.
The head of Gaza's civil defence service, Raed al-Dahshan, told Al Jazeera that with proper equipment, recovering remains from under the rubble could be completed in about 90 days, but it could take years without it."
f5aeef8deac0,oriente_medio,Al Jazeera,2026-09-15T15:25:39Z,https://www.aljazeera.com/opinions/2026/9/15/canada-the-uk-and-australia-should-investigate-the-wck-attack-in-gaza,"Canada, the UK and Australia should investigate the WCK attack in Gaza",en,False,0,845,826,False,"Canada, the UK and Australia should investigate the WCK attack in Gaza
Israel has made clear it is unwilling to hold to account those responsible for the deaths of seven humanitarian workers.
The Israeli army has concluded its probe into the 2024 drone strikes that killed seven humanitarian workers from the World Central Kitchen (WCK). The verdict? No criminal investigation is warranted. No explanation was provided.
The decision not to pursue criminal responsibility for the attack was slammed by Western states as ""shameful"". Canadian Foreign Minister Anita Anand called it ""unacceptable"". The Australian government said it was ""outraged"". The Polish Ministry of Foreign Affairs declared it was ""disappointed"".
If Western states are indeed dissatisfied with the outcome of the Israeli probe, then they should investigate the crime themselves. They have the institutional capacity and legal right to do so. Not pursuing an investigation would mean they accept Israeli impunity for the killing of their aid workers in Gaza.
Images taken in the wake of the drone strikes on the WCK convoy show a charred hole where Israeli missiles breached the roof of the organisation's vehicles - right next to its logo. The three cars in the WCK convoy were clearly marked, and their movements across the Gaza Strip were coordinated in real time with Israeli forces.
Such precautions were not enough to protect the lives of Lalzawmi Frankcom (Australia, 43 years old), Damian Sobol (Poland, 35), Saifeddin Issam Ayad Abutaha (Palestine, 25), Jacob Flickinger (dual citizen of the US and Canada, 33), or British citizens John Chapman (57), James Henderson (33) and James Kirby (47). They are among the more than 1,000 humanitarian aid workers killed in Gaza since 2023.
The attack on the WCK convoy has the hallmarks of a potential war crime. Canada's Anand intimated as much when she referred to the laws of armed conflict in stating that ""Canada expects international humanitarian law to be upheld"".
Importantly, even if the attack was conducted in error, as Israel has claimed, it may still constitute a war crime. Calling an attack a ""tragic mistake"" is not a magic wand that absolves perpetrators of responsibility. If those involved in the strikes were acting recklessly, with clear disregard for civilian life, they may be liable for war crimes under international law.
The commander who ordered the strikes on the WCK convoy, Colonel Nochi Mendel, said in an interview, ""I am not sorry for what I did.""
That an Israeli officer is showing no remorse for taking civilian life is hardly surprising. A culture of impunity breeds under such conditions, one in which perpetrators do not fear the consequences of their actions.
Indeed, it is almost certain that the Israeli army has calculated that, however angry Western powers are over the decision not to pursue a criminal investigation, it is just hot air and will not be met with action. Those powers should prove them wrong.
London, Canberra and Ottawa have stated they will ""continue to seek answers"" on behalf of the families of those slain in the WCK attack. But they should not waste their time seeking them from those who have clearly demonstrated no interest in holding those responsible for the WCK attack accountable. They should instead act themselves.
The United Kingdom, Canada and Australia have the legal authority, expertise and resources to exercise jurisdiction over atrocity crimes committed in Gaza. They can do so by exercising what is called universal jurisdiction, which allows states to investigate and prosecute international crimes - war crimes, crimes against humanity and genocide - even when committed abroad by foreigners against foreigners. In this instance, those killed include their own citizens. Their obligations and interest to pursue accountability are thus even more obvious.
So, what should happen next? Canada, the UK and Australia should announce a joint criminal investigation into suspected war crimes committed in the WCK attack. They can also invite other states to join in. Poland, for example, also has the legal ability to exercise universal jurisdiction.
Canada has already taken some steps in investigating war crimes in Palestine. In 2024, the Canadian police launched a ""structural investigation"" into international crimes committed in Gaza. This process collects evidence that can be used later in cases against perpetrators who enter Canadian jurisdiction.
Of course, just opening a criminal investigation does not mean that anyone will be prosecuted. But it could provide the victims' families their best shot at seeking justice. It would be a sign that states are willing to dedicate resources to holding perpetrators accountable.
Moreover, if warrants are ultimately issued by Canada, the UK and Australia, and if any of the suspected perpetrators travel abroad, they could potentially be subject to extradition to one of the countries to be prosecuted.
The decision to dismiss a criminal investigation into the WCK attacks is indeed unacceptable. And those states whose citizens were killed must pursue their own criminal inquiry into the suspected war crimes committed against humanitarians in Gaza."
e573c09f98c9,oriente_medio,Al Jazeera,2026-09-27T19:35:30Z,https://www.aljazeera.com/sports/2026/9/27/pubs-in-ireland-refuse-to-screen-israel-match-in-protest-over-gaza-genocide,Pubs in Ireland refuse to screen Israel match in protest over Gaza genocide,en,False,0,1104,1104,False,"Pubs in Ireland refuse to screen Israel match in protest over Gaza genocide
The Republic of Ireland has been thrust into the global spotlight over two controversial Nations League football games against Israel.
On match days, Peadar Browns pub in Dublin's historic Liberties area is usually jam-packed with football fans piling in to watch the game on various screens.
As kickoff approached in the Republic of Ireland's Nations League game against Israel on Sunday, there was a similarly busy crowd.
With one significant difference, though: none of the televisions were on.
The pub has made a deliberate decision not to show the game tonight in protest against Israel's genocidal war in Gaza.
""We committed about a month ago not to show any of the upcoming Nations League fixtures until Ireland made a stand against Israel,"" says owner Aidan Brown. ""We didn't show the Kosovo game, and we've absolutely no intention of showing the Israel games.""
Brown has been compiling a list of venues refusing to screen the match. At his last count, it included 140 pubs and bars in Ireland and abroad. He expected the number had risen before kickoff as tumultuous events within the Ireland team reverberated around the country.
Ireland, a staunch and long-standing ally of the Palestinian cause, has been thrust into the global spotlight over whether the team will play the two scheduled games against Israel.
Brown compares the atmosphere in Dublin to one of the most enduring sporting dramas in modern Irish history.
""I think this is just as big as Saipan and the Roy Keane saga in 2002,"" he says.
Saipan became a national drama when Ireland captain Roy Keane left the 2002 World Cup squad in Japan after a confrontation with manager Mick McCarthy over training facilities.
This time the public debate across the island of Ireland is not about football standards, but moral ones.
In Derry, in the north of Ireland, Liam Doherty, another pub owner refusing to show the game, describes a similar sense of mobilisation.
""It has to come from the bottom up, and it has to come from a small nation,"" says the owner of the Delacroix bar. ""I think that we have to be the one that shows that this is just wrong.""
Rebecca O'Keeffe, chair of Irish Sport for Palestine, which has led the Stop the Game campaign, says the past week has shown just how far that mobilisation has spread.
""It's a mass movement,"" she says. ""It's reached corners of Ireland that maybe wouldn't have been engaged with this issue before. It's all people can talk about. We are past the point of symbolic gestures and hollow words.""
It's not unanimous, but Irish public opinion is clearly against tonight's fixture taking place.
A poll of Irish football supporters found 76 percent opposed to the match going ahead. Among athletes, 63 percent of members of the Professional Footballers' Association of Ireland voted against playing the game.
But that groundswell of public sentiment has been ignored by those in charge of the sport in the country, the Football Association of Ireland (FAI).
In November, 93 percent of FAI members voted for the association to seek Israel's suspension from UEFA competitions.
Yet when the FAI voted in July on whether the Republic of Ireland should play Israel, it chose to proceed with the fixtures. The motion passed 75 votes to 32, with three abstentions. The FAI cited the consequences non-fulfillment could have for Irish football, such as potential points deductions.
Daniel Lambert, the Bohemian FC chief commercial officer who helped propose the original November motion, says the sequence explains much of the anger towards the FAI.
""It's been mishandled from the very first day by the FAI,"" he says. ""The November vote was a very clear instruction from the membership, but they never really entertained not playing the games.""
Lambert argues that the FAI also failed to recognise what it could have gained by taking a stand.
""There are huge benefits to not playing,"" he says. ""Not only would it have the support of the Irish people ... this would have enhanced the FAI's reputation, not damaged it.""
Susan Shalabi, vice president of the Palestinian Football Association, believes the buck stops even higher up.
""The deeper issue is that the FAI and many others should never have been placed in this position,"" she told Al Jazeera. ""Had football's international governing bodies [FIFA and UEFA] consistently applied their own rules, this dilemma would not exist.""
Bazunu's 'staggering courage'
Instead, the decision has been left not with the governing bodies, but with the Irish players themselves.
Earlier this week, more than 160 Irish sportspeople signed an open letter calling on the squad to boycott the fixtures. Team coach Heimir Hallgrimsson said some players were ""really uncomfortable"" playing, while midfielder Jason Knight said the games should not be happening.
Then, on Saturday, the fault line inside the squad became public.
Goalkeeper Gavin Bazunu told his teammates he did not want to play. The players subsequently voted to fulfil the fixture, with reports suggesting eight had voted against playing. Bazunu was the only one who ultimately refused.
Lambert says Bazunu's decision to stand alone was extraordinary.
""To do that on your own in a group of 25 players is staggering courage,"" he says. ""He's represented Ireland more than those 24 players ever will. He has the respect of the Irish people forever.""
Amid the turmoil inside the Ireland camp, there have also been reports of players facing pressure from agents over the potential consequences of refusing to play, including concerns about their future careers.
Lambert, who is also the manager of hip-hop trio Kneecap, sees a parallel with what has happened in Irish music. When Irish-American rapper Macklemore was removed from Ed Sheeran's US tour after speaking out for Palestine, the other supporting acts - including Irish artists Aaron Rowe and Beoga - subsequently withdrew in solidarity.
""We've seen a real watershed moment in music,"" Lambert says. ""I think this still has the potential to be one of those moments in sport.""
Next week, the Republic of Ireland has another Nations League game scheduled against Israel. Before then, they face Austria in Dublin, where the players will have to confront an angry home crowd. The pressure to boycott the second Israel game is only set to intensify.
Back at Peadar Browns, the televisions will stay off. Owner Aidan Brown sums up the sentiment of the country when he explains why.
""The points are just not important at all,"" he says. ""Football is just football. Sadly, it just doesn't mean that much when a genocide is going on."""
59df878fa9a9,oriente_medio,Al Jazeera,2026-09-07T02:17:17Z,https://www.aljazeera.com/video/newsfeed/2026/9/7/eight-year-old-gaza-girl-killed-by-israel-on-first-day-of-school,Eight-year-old Gaza girl killed by Israel on first day of school,en,False,0,68,62,True,"Eight-year-old Gaza girl killed by Israel on first day of school
Eight-year-old Gaza girl killed by Israel on first day of school
Sunday was the first day of school for eight-year-old Wafaa Akila. Wafaa never made it home. She was killed alongside her father by an Israeli strike on their car in western Gaza. Israel says it was targeting a Hamas militant."
57ca2680d735,asia_oriental,Channel News Asia,2026-09-24T07:41:56Z,https://www.channelnewsasia.com/world/israel-faces-mounting-diplomatic-pressure-netanyahu-united-nations-address-6407436,Israel faces mounting diplomatic pressure ahead of Netanyahu’s UN address,en,False,0,976,971,False,"Israel faces mounting diplomatic pressure ahead of Netanyahu's UN address
Trade measures targeting Israeli settlements and growing criticism over Gaza show signs of a widening divide between Israel and some of its Western allies.
BRUSSELS: Israel is facing growing diplomatic pressure at this year's United Nations General Assembly, as some of its closest Western allies take a tougher stance over Gaza and Israeli settlements in the West Bank.
But Prime Minister Benjamin Netanyahu is showing little sign of backing down.
Netanyahu has said he would defend Israel's military actions against the Palestinians at the UN this week. He is slated to speak at the General Assembly on Thursday (<DATE>) evening.
""I'm coming to the UN,"" Netanyahu said in a video statement on Tuesday. ""I'm going to tell the truth about our heroic soldiers.""
Nearly 130 heads of state and government are attending the UN's High-level Week in New York, with the General Debate running from Tuesday (<DATE>) to <DATE>.
For Israel, this year's gathering comes against a markedly different diplomatic backdrop.
Ahead of last year's gathering, several Western countries with longstanding ties to Israel, including the United Kingdom, Canada and Australia, formally recognised Palestinian statehood, marking a break with longstanding policy.
France did the same at a high-level conference at the UN in New York.
A year later, as the Gaza war approaches its third year, Israel finds itself increasingly isolated on the international stage.
Public opinion of Israel has deteriorated in many countries, according to a Pew Research Center survey this year. The findings showed that across 36 countries, a median of 67 per cent of adults had an unfavourable view of Israel.
PRESSURE OVER WEST BANK SETTLEMENTS
The Israeli government's support for settlement expansion in the West Bank has also prompted concern and condemnation from some of its closest allies.
On <DATE>, the foreign ministers of 12 countries, including the UK and France, said they would support or consider restrictions on trade in goods with Israeli settlements in the West Bank that are illegal under international law.
The move marked a toughening of the Britain's stance on Israel under new Labour Prime Minister Andy Burnham.
Britain's Foreign Secretary Ed Miliband, who took up the post in July, also criticised settler violence, saying the UK believed there is ""ethnic cleansing"" of Palestinians in areas of the West Bank.
""Today we refuse to be bystanders to further suffering and to the destruction of the two-state solution,"" Miliband said.
Kaja Kallas, the European Union's High Representative for Foreign Affairs and Security Policy and Vice-President of the European Commission, said: ""Settler violence against Palestinians continues to rise, and too often goes unchecked.
""The E1 settlements will further undermine the prospect of the two-state solution by driving a wedge through the West Bank.""
But the EU's 27 member states remain divided over taking tougher action against Israel.
Countries such as Spain and Ireland have pushed for punitive measures, while getting countries that have historically maintained closer ties with Israel, such as Germany, on board has proven more difficult.
NETANYAHU NOT BACKING DOWN
The Israeli prime minister has made it clear the country will not bend to international pressure, particularly when it comes to Gaza and its position on Hamas.
""The IDF (Israel Defense Forces) will continue to thwart the threats against our forces and our citizens, because once again, the existence of Israel and the security of all the citizens of Israel are not up for negotiation,"" Netanyahu said in August.
There have also been signs of tension between Israel and its most important ally, the United States, after it refused to withdraw from Lebanon - one of Iran's conditions in the memorandum of understanding with the US in June to end their conflict.
This did not go down well in the Trump administration.
""Donald J. Trump is the only head of state in the entire world who is sympathetic to the nation of Israel at this moment in time,"" said US Vice President JD Vance in June.
""If I was in the cabinet of the Israeli government, I might not be attacking the only powerful ally that I have anywhere left in the entire world.""
US-ISRAEL TIES
Despite such tensions, experts say the longstanding ties between Israel and the US remain intact.
Elisa Ewers, senior fellow for Middle East studies at American think-tank, the Council on Foreign Relations, said disagreements between the two governments have not fundamentally altered the relationship.
""We see these momentary revelations of tensions but the underlying foundation in the relationship, especially between the two presidents, is still very much there,"" said Ewers.
""So, the question becomes, how does this affect ... election cycles in both countries?""
The US is heading into midterm elections on <DATE>, with opinion polls suggesting that Democrats could wrest control of the Senate from Republicans, many of whom have maintained strong support for Netanyahu.
For Israel, analysts say its government's position is unlikely to soften ahead of October's general election, particularly as Netanyahu seeks to bolster his reputation as a defender of Israel.
Oliver McTernan, director of Forward Thinking, a UK-based charity that deals with conflict resolution, said opposition to Palestinian statehood remained strong among Israeli voters.
""A good 70 per cent of the Israeli population would be in empathy with Netanyahu's plan to finish the job,"" said McTernan.
""They'll say: 'We'll never feel secure if we go back to what the situation was before, or if we have a Palestinian state'.""
Sanctions and diplomatic rebukes may increase the pressure on Israel as it faces growing criticism from countries with which it has traditionally had close ties.
But whether they will lead to substantive impact on Israel's foreign policy remains uncertain.
With an election approaching, observers say the government's next moves are likely to be shaped as much by domestic voters as the international community."
64289dd5d894,asia_oriental,Channel News Asia,2026-09-23T00:44:39Z,https://www.channelnewsasia.com/world/israel-west-bank-shooting-macron-un-6403701,Israel denounces 'grotesque absurdity' of Macron UN remarks on West Bank,en,False,0,427,425,False,"Israel denounces 'grotesque absurdity' of Macron UN remarks on West Bank
JERUSALEM: Israel shot back angrily Tuesday (<DATE>) at French President Emmanuel Macron, who criticised Israeli actions in the West Bank by saying Hamas was not active in the territory that is home to the Palestinian Authority.
""The grotesque absurdity of Emmanuel Macron's statement is staggering,"" said a statement by the office of Prime Minister Benjamin Netanyahu, who is expected to deliver a defiant address to the world body on Thursday.
""Hamas terrorists carry out attacks against Jews almost every day. They have murdered countless Israeli civilians in Judea and Samaria,"" it said, using the Biblical name for the West Bank, which Israel seized in 1967.
Netanyahu's office pointed to the shooting death on Sunday, on the eve of Judaism's holiest day of Yom Kippur, of an Israeli settler in the West Bank. Israel said that the victim, father of six, Netanel Shukrun, also had French citizenship.
The Israeli military said it arrested the Palestinian gunman at a hospital and troops later raided his village. A minister in Netanyahu's government called for his execution under a new law.
Extremist Israeli settlers frequently attack and steal from West Bank Palestinians. The United Nations said there were about six settler-related violent incidents against Palestinians or their property daily through mid-2026 in the territory.
Macron, in his speech to the United Nations, deplored the humanitarian situation in Gaza - from which Hamas led the October 7 attack, the deadliest ever against Israel - as well as actions by Israel in the West Bank.
""What is our credibility worth if we remain inactive on Gaza? Some claim that peace has been achieved, but this has not opened up humanitarian deliveries. It is a spectacle that shames us all,"" Macron said.
""Look at what is happening in West Bank, where there are violations every day. In the name of what? Hamas has never struck in the West Bank. This every day makes it more impossible to achieve respect for the Palestinian people's legitimate right to exist.""
The Palestinian Authority, led by Hamas's rivals, have semi-autonomy in major urban areas of the West Bank, with Israel controlling most of the territory.
Hamas took over Gaza in 2007, two years after Israel pulled out and dismantled settlements.
Netanyahu has poor relations with Macron, who led a push by Western nations at last year's UN General Assembly to recognise a Palestinian state.
France recently joined Britain in imposing sanctions on products from Israeli settlements in the West Bank, again angering the Israeli government."
4bb33f01a970,eua,CNN,2026-09-08T15:35:45Z,https://www.cnn.com/2026/09/08/middleeast/netanyahu-report-warning-uae-hamas-attack-intl,Netanyahu faces backlash over report he was warned of Hamas attack days before October 7,en,False,0,941,938,False,"Israeli Prime Minister Benjamin Netanyahu faced a fierce political backlash Tuesday over a report that the president of the UAE had warned him of a major Hamas operation days before the October 7 attack.
The Prime Minister's Office dismissed the report as an ""absolute lie."" But with Israel's October elections less than two months away, Netanyahu's rivals seized on it as the latest evidence of what they say is a growing list of warnings he had ignored.
The four opposition party leaders - Gadi Eisenkot, Naftali Bennett, Avigdor Lieberman and Yair Golan - issued a rare joint statement calling for ""an immediate and thorough investigation"" into Netanyahu's ""failures and malfunctioning.""
""The Israeli public is entitled to know: What did Netanyahu know, when did he know, why he didn't update the security establishment, and why he didn't act to protect Israeli civilians?"" the statement said.
Former Prime Minister Naftali Bennett said the report is ""true,"" writing on X that Netanyahu's alleged disregard for the warnings amounts to ""criminal negligence."" Bennett's political ally, former Prime Minister Yair Lapid, said he too had publicly warned of an attack before it happened, as had top Israeli security officials as well as Egyptian officials. ""If Netanyahu had fulfilled his role, the massacre would have been prevented,"" Lapid said in a statement.
The report, published in the Haaretz newspaper, was based on findings from an upcoming book by Israeli journalists Shlomi Eldar and Ruti Yuval. It said UAE President Sheikh Mohammed bin Zayed called Netanyahu about 10 days before October 7 and, during a 45-minute call, warned him that Hamas' Gaza leader Yahya Sinwar was planning a major move against Israel that could cause bloodshed and destabilize the region. The report cited a message Sinwar conveyed to the UAE and Israel through a Palestinian mediator in mid-<DATE>, warning of an upcoming ""earthquake.""
Haaretz reported that Netanyahu reacted ""relatively calmly"" to the information, and assured Bin Zayed that Israel was prepared for any scenario.
The UAE's Foreign Ministry issued a statement on Tuesday evening saying that it ""does not comment on media stories or speculation regarding conversations between government leaders"" but did not deny the call. ""When necessary, all relevant intelligence has been and continues to be communicated between the relevant entities,"" the statement said.
An Israeli source familiar with the matter said Netanyahu's office had tried to get the UAE to deny the Haaretz report, but the UAE only agreed to put out a statement about intelligence sharing.
The Prime Minister's Office strongly denied the report, stating Netanyahu ""did not speak with the president of the United Arab Emirates during the period in question and did not receive any warning from him.""
Eldar, one of the journalists behind the report, pushed back on Netanyahu's denial of the report.
""It's true,"" he told CNN's Jake Tapper. ""I worked on this report for almost a year and a half,"" he said.
""I have the document, I have records, I have everything that shows that the president of the UAE called Netanyahu a week an a half before October 7 and gave him a warning that Yahya Sinwar is planning a major attack on Israel,"" Eldar said.
Israeli Prime Minister Netanyahu faces amplified political backlash over a report that the president of the UAE warned him of a major Hamas operation days before the October 7 attack. CNN's Oren Liebermann reports.
Accountability as an electoral issue
The report comes as Netanyahu's rivals work to make accountability for October 7 - the deadliest attack in Israel's history, during which over 1,200 people were murdered and more than 250 abducted to Gaza - a central campaign issue.
Netanyahu has now outlasted nearly every member of Israel's top security leadership from that day. Since the attack, the defense minister, the military chief of staff, and the directors of military intelligence, the Mossad and the Shin Bet, have all either resigned, been ousted, or reached the end of their terms.
Gadi Eisenkot, currently polling as Netanyahu's leading challenger, said the Haaretz report shows Netanyahu ""led Israel blindly"" toward the October 7 failures and renewed his pledge to establish a state commission of inquiry if elected.
Nearly three years after the attack, Netanyahu has resisted demands from bereaved families and October 7 survivors to establish an independent commission to investigate the security and intelligence failures that enabled Hamas to conduct the operation.
He and his associates have instead promoted a narrative blaming security chiefs for not waking him up the night before the attack despite intelligence indications that a Hamas offensive was imminent.
Last month, his wife, Sara Netanyahu, suggested that Yair Golan - a retired major general and the leader of the left-wing Democrats party who independently rushed to the Gaza border on October 7 to rescue survivors - had advance knowledge of the attack.
In an interview with the pro-government Channel 14, she questioned how Golan was ""already dressed and ready"" at dawn that day to head south, ""while others knew nothing, including the prime minister.""
Golan demanded an apology for what he called a ""vile conspiracy theory"" and said he would pursue a defamation suit, calling the allegation part of Netanyahu's attempt to ""rewrite"" the events of October 7 and deflect responsibility.
Following the Haaretz report, Golan wrote on X that the prime minister's ""they-didn't-wake-me-up narrative is over. He knew, he was warned."" He called it ""not an error in judgment, but a conscious and criminal abandonment.""
Hours later, the Democrats party sharpened its electoral campaign against Netanyahu, erecting a giant billboard over Tel Aviv's main highway bearing the headline: ""The 1,200 murdered file - Causing death by negligence."""
664c01f3a7c0,eua,CNN,2026-09-13T04:01:29Z,https://www.cnn.com/2026/09/13/middleeast/israel-sanctions-allies-relations-intl,"An ambassador in Ljubljana, but not in London: Israel’s foreign policy shifts away from longstanding allies",en,False,0,1041,1040,False,"Gideon Saar smiled as he cut the blue ribbon outside the newly inaugurated embassy of Nauru in Jerusalem. Israel's foreign minister described the tiny Pacific island nation of some 12,000 people as ""one of Israel's greatest friends in the international community.""
Two days later, it was Slovenia's turn, as Saar cut the ribbon on a new embassy in Ljubljana. He praised the new center-right government for standing by Israel in the European Union, especially after the country had previously been one of Israel's harshest critics. A large business delegation was brought along to show appreciation.
There was no such celebration in London, where Israel faced one of its sharpest diplomatic rebukes in years: a coordinated move by the United Kingdom and 11 other countries to impose sanctions and trade restrictions on Israeli settlements in the occupied West Bank. Israel has had no ambassador in London for nearly a year. Prime Minister Benjamin Netanyahu's intended envoy, his chief of staff Tzachi Braverman, was barred from leaving Israel due to a criminal investigation, leaving the post vacant.
The split-screen moment reflects a broader pattern in Israel's foreign relations: As traditional partners in Western Europe grow distant, losing patience with the settlement expansion and surging violence in the West Bank, the right-wing government is cultivating ties with smaller or what it sees as more ideologically aligned countries, redirecting its diplomatic energy to other arenas.
UK Foreign Secretary Ed Miliband tied the new measures, announced in parliament on Tuesday, directly to Israel's decision to push ahead with the E1 settlement project, which critics say would cut the West Bank in two and close off the possibility of a contiguous future Palestinian state.
But the move is part of a longer-term shift. In <DATE>, Britain, Canada, France and more than a dozen other Western states recognized Palestinian statehood. And this June, the UK, Canada, France, Norway, Australia and New Zealand announced a wave of coordinated sanctions targeting individuals and networks accused of financing and enabling settler violence.
Some of the states announced additional punitive measures: France barred far-right Finance Minister Bezalel Smotrich from entering the country, Italy opened an investigation into National Security Minister Itamar Ben Gvir over the treatment of detained activists, including Italians, after Israel intercepted an aid flotilla on its way to Gaza. The Netherlands declared both Ben Gvir and Smotrich ""persona non grata"" and approved its own ban on imports of settlement goods.
Not every proposal has succeeded, and Israel has so far managed to stall broader actions from the EU. For years, Israel used Viktor Orban's government in Hungary to block EU measures. Now, following a change in leadership in Budapest, Slovenia has effectively taken Hungary's place as Israel's representative in Brussels. A push by France and Sweden for an EU ban on settlement trade was stalled, as were efforts to expel Israel from the EU's flagship Horizon research program.
Dr. Rémi Daniel, from Israel's Institute for National Security Studies (INSS) says the one comfort for Israel is that Germany and Italy have so far stuck to statements rather than joining the sanctions. ""They are the most important EU member states because they have the power to block plans at the European level,"" he said.
But the trend was still concerning, he said, because looking at the balance of power within the EU, ""the swinging center is going more against Israel.""
Even as ties with some Western European allies fray, others are deepening their alliance with Israel through defense trade. Last month, Israel signed a $3.5 billion air-defense deal with Greece, one of the largest arm agreements in Israel's history. And in early 2026, Israel Aerospace Industries signed a $3.1 billion deal with Germany to expand its supply of Arrow missile interceptor systems.
Israel's response to the new sanctions - and its attitude towards one of its oldest allies in general - has been openly combative.
Saar swiftly announced he would close the British Consulate General in Jerusalem, end UK training for Palestinian Authority security forces, and ban entry to a dozen British officials and lawmakers. ""The British move is morally distorted and constitutes a blatant interference in the affairs of a sovereign state and its electoral process,"" Saar said Tuesday.
Netanyahu labeled the UK the ""Islamic Republic of Britain"" on a podcast last month and has accused French President Emanuel Macron of fueling antisemitism by recognizing a Palestinian state.
While relations with some Western allies cool, and even the friendly Trump administration in the United States appears to be growingly frustrated with settler violence, Israel has been pouring energies into other regions and redrawing its map of relationships.
Declaring 2026 ""The Year of South America,"" Saar has toured Argentina, Ecuador, Paraguay and Colombia and restored relations with Bolivia, Chile and Honduras. He also opened a communication channel with Venezuela for the first time since 2009, sending rescue teams to assist with earthquake relief last month.
New Israeli embassies opened in Zambia, Estonia, Moldova, Fiji and Slovenia. And Israel became the first country in the world to recognize the self-declared Republic of Somaliland as an independent state. Somaliland then opened an embassy in Jerusalem, where fewer than 10 countries have embassies, including the US. Argentina, Colombia, Costa Rica and the Democratic Republic of Congo have declared their intent to join the list.
Daniel Shek, a former Israeli ambassador to France, argues that this pivot comes at a real cost and says the government is damaging relationships built over decades on shared interests in economy, science, culture, security.
""They are sacrificing the alliances with the most significant countries,"" he said. ""If Saar thinks the Paraguayan economy can replace France as a partner for export and import, good for him.""
The countries involved in the sanctions, he said, are not ideologically hostile to Israel, just its actions under Netanyahu, Ben Gvir and Smotrich. ""France, Britain, Italy, the Netherlands, are friendly countries fed up with this Israeli government's behavior.""
Shek notes that the sanctions target the settlements, and not Israel itself, and that their practical bite, for now, is limited. Still, he says, they should not be underestimated.
""Once sanctions have been imposed, it is significant,"" he said. ""There are things that have been opened and cannot be put back in the bottle."""
1a433348cd94,eua,CNN,2026-09-07T12:15:21Z,https://www.cnn.com/2026/09/07/politics/jeffries-challenges-left-progressives,Democrats might win in the midterms — but a whole new set of problems await,en,False,0,2319,2318,False,"The left wing of the Democratic Party flourished this summer as fed-up liberals in key races across the country have eschewed traditional, more moderate candidates in favor of hard-charging progressives.
But behind the scenes, ultra-progressive House members and candidates are pushing their own party leaders to reflect more of that mood - arguing that Democratic leader Hakeem Jeffries and his allies are, so far, failing to grasp the demands of far-left voters who showed up in droves this summer.
Those liberals watched in alarm in recent weeks as Jeffries publicly disavowed their marquee ""Medicare for All"" bill while a pro-Israel Democrat was elevated to a key foreign policy role within the caucus. They also argue his allies were working to undermine a pair of progressive candidates in Michigan and California.
""I was very confused and surprised by that,"" Rep. Pramila Jayapal, a senior progressive and author of the House's ""Medicare for All"" bill, told CNN about the leader's comments about her signature bill. She added that she has been having ""direct"" conversations with Jeffries about it.
The emerging frustrations on the left offer a preview of some of the pressures that await Jeffries if the party can flip the chamber next year, particularly as a new crop of far-left progressive candidates threaten not to support him for leader post-election.
""I think what we've seen around the country is that people all over are dissatisfied. They're not happy with the administration. They're not happy with the current leadership in the Democratic Party - and are looking for a change,"" Dr. Adam Hamawy, a progressive candidate who is likely to win a deep blue seat in New Jersey this November, told CNN. Hamawy is among several candidates fresh off primary victories who have not decided whether to back Jeffries.
""Most Democrats, I think, agree that the current leadership is failing to face the moment,"" Hamawy told CNN when asked if he'll support Jeffries. ""I have to see what the choices are and what the situation is.""
Tensions have long simmered within the Democratic Party, including in its fractious House caucus, where many centrists are privately pleased with what they see as Jeffries' effort to distance the party from a far-left agenda ahead of a critical election. But the rise of the democratic-socialist wing of the party has drawn new urgency to a major question now facing Jeffries: How much should the party embrace its insurgent left when it's also trying to win dozens of seats in GOP turf in November?
Nearly all progressives who spoke to CNN said Jeffries is still on track to become speaker next January if Democrats flip the chamber, according to conversations with more than a dozen Democrats. Privately, Jeffries has already met or made plans to meet with five of those insurgent Democrats: Hamawy in New Jersey, Claire Valdez and Darializa Avila Chevalier in New York, and Melat Kiros in Colorado, according to people familiar with the discussions.
Still, the recent frustrations on the left illustrate the challenge for Jeffries and his leadership team as they navigate the anti-establishment midterm mood within their party. The dissatisfaction goes beyond the upper echelons of leadership: there are preliminary internal discussions among current progressive members about challenging committee leaders and, possibly, instituting term limits for key roles, multiple people told CNN.
""Defeating 10, 30-year incumbents should be a wake-up call to the Democratic establishment that the base is moving underneath them,"" Usamah Andrabi, a spokesperson for a group helping to power the far-left wins, Justice Democrats, told CNN. (This cycle, nine of the group's endorsed candidates won primaries, its biggest year to date.)
Andrabi specifically pointed to Jeffries' comments on ""Medicare for All"" - in which Jeffries recently said he did not support the legislation: ""Unfortunately, it often feels that the Democratic leadership and establishment don't even want to acknowledge the ground is moving.""
Progressives, including Hamawy and Avila Chevalier, made clear in interviews with CNN they are coming to Washington to make real progress on an ambitious agenda on affordability and anti-corruption - not to simply antagonize leadership.
""We're not really going in to fight, we're going in to deliver on what people want,"" Hamawy said.
Yet even Jeffries' allies acknowledge the challenge awaiting him in January: navigating an intraparty battle over the party's ideological future. While an emboldened left wing is pushing for a major shake-up in Congress, Jeffries could also face an expanded centrist bloc that humiliated leadership last week when some of its members showed they were willing to defy the party line on key priorities - even if it meant helping Republicans.
That centrist rebellion has since triggered a messy internal feud among House Democrats. Privately, Jeffries and his team are discussing ways to crack down on any of their members voting for procedural motions that hurt the party - a proposal that has infuriated the left and centrists alike, according to Democrats from both factions.
A tense debate has since unfolded over whether party leaders should create new rules for next year to punish members who defy leadership. In a closed-door meeting on Wednesday about leadership's push, Progressive Caucus Chair Greg Casar of Texas pushed back firmly, arguing that members need to be able to voice dissent, according to multiple people familiar with the discussions. But he was immediately confronted by others, including Rep. Debbie Wasserman Schultz of Florida, who argued Democrats shouldn't be willing to go rogue on the floor.
Those dynamics will be on full display starting with the speaker's vote in January, if Democrats win the majority.
Avila Chevalier, a community organizer who shook New York City politics by unseating a long-time incumbent this summer, told CNN that she recently had a ""positive"" conversation with Jeffries.
But she said she hasn't ""come to any final decisions on that yet,"" when asked whether she would support Jeffries as party leader, adding: ""It'll be the first vote I make. It'll set the tone for the kind of representative that my district will have, and I want that vote to mean something to my community.""
Even if many of the far-left incoming Democrats ultimately do support Jeffries, it's to their advantage not to show their cards just yet - creating what could be powerful leverage to negotiate for their priorities when they first arrive in Congress.
Asked more broadly about her agenda for next year, Avila Chevalier offered a range of ""day one"" priorities such as ending the sale of weapons to Israel, the Green New Deal for Public Housing and abolishing super PACs - as well as other ideas that are widely backed by the party like universal childcare and raising the minimum wage.
""It's time that folks who are in DC or elsewhere who might be comfortable with the status quo to recognize that the vast majority of the people of this country are hungry for something different,"" she said.
Angst over the emerging Democratic agenda
Many liberal Democrats are careful not to openly criticize their own leadership just ahead of a must-win midterm election.
But privately, progressive members and candidates remain concerned by Jeffries' comments publicly disavowing ""Medicare for All"" and saying he does not support the Democratic Socialists of America agenda in an interview last month with NBC's ""Meet the Press.""
Asked if he supports the bill, Jeffries said: ""No, as you indicated, I haven't cosponsored the 'Medicare for All' legislation that has been introduced over the last several years,"" adding: ""I do think we need to figure out how to fix our broken health care system and then build something better.""
Jeffries' allies said his comments also reflect one of his long-time beliefs - that House leaders should not support major bills until there's broad support in the caucus.
Other progressives are concerned that party leaders are not adequately responding to the movement's vocal pro-Palestine push. They are, in particular, concerned about the recent elevation of prominent Israel supporter, Rep. Jared Moskowitz of Florida, to a Foreign Affairs subcommittee post that could give him influence over foreign policy next year.
Multiple Democrats told CNN that Jeffries was not involved in the move - saying instead that it was arranged by Rep. Brad Sherman, another Israel ally, who inherited the role after a colleague's resignation. Moskowitz, who's facing a tough reelection, asked Sherman if he could have the spot on the panel to help him with pro-Israel voters back home, those people said.
Rep. Gregory Meeks, the top Democrat on the Foreign Affairs Committee, dismissed the left's criticism, calling the hand-off ""standard committee procedure."" He added that Moskowitz had already held an important role on the committee - the top Democrat on the oversight subcommittee, which has since been passed off to Rep. Jonathan Jackson of Illinois.
""I don't know what the left's problem is,"" Meeks said, adding that he believes his committee is ""very balanced"" on the issue of Israel.
Still, the rise of Moskowitz has emerged as a major flashpoint among progressive lawmakers and candidates, especially after Jeffries had appealed to the left earlier this year by declaring that ""American policy in the Middle East must change"" after he opposed cutting taxpayer aid to Israel during a landmark vote earlier this year.
A 'shocking' intervention in California
Then there are party leaders' recent moves on the campaign trail.
In California, progressives are furious that their state's delegation leader, Rep. Zoe Lofgren, tried to tank a left-wing candidate in a bitter fight to fill the seat of former Rep. Eric Swalwell.
Progressive candidate, state Sen. Aisha Wahab, won the state party's endorsement and secured the most votes in two separate primaries for the seat (including a special election) - though she failed to top the 50 percent needed to avoid a runoff.
Ahead of that <DATE> runoff, Lofgren, a leadership ally, released a video statement questioning Wahab's fitness to serve in Congress and instead endorsed a more moderate candidate for the upcoming runoff.
The drama began after Lofgren and others, including No. 3 House Democrat Rep. Pete Aguilar, argued that California Democrats needed to fill the seat as quickly as possible and should install a ""placeholder"" Democrat to the seat temporarily.
But progressives argued Lofgren was simply trying to keep Wahab out of the role, giving the more moderate - and AIPAC-backed - candidate a better chance of winning a full term for the seat in November. (A person familiar with the subject said the congresswoman wasn't opposing her due to her progressive policy stands, but rather because of Wahab's refusal to back the push to install a ""placeholder"" Democrat to the seat through January.)
Wahab still won and was sworn into the House last week. But the cost, progressives say, was millions of dollars in spending in the election that could have gone toward defeating Republicans.
Wahab has since spoken with both Lofgren and Aguilar and they congratulated her on her win, she told KCRA 3 News. But one of Wahab's most vocal supporters, Amar Shergill, a prominent progressive activist in California, told CNN that he still blames party leaders for allowing such a ""shocking"" intervention against the candidate endorsed by the state party.
""I've never seen anything like it, it was unprecedented,"" Shergill said. ""Lofgren leads the largest congressional delegation in the country. When she makes moves behind the scenes, everybody hears about it. It's impossible for DC leadership not to know what she's doing.""
""It was a tough primary but we're looking forward to everyone coalescing around her and putting the primary behind us,"" said Evan Brown, executive director of the Congressional Progressive Caucus PAC.
Frustrations after bitter primary in Michigan
Meanwhile, in Michigan, progressives are fuming that the House Democrats' campaign arm has refused to publicly promote left-wing Democrat, Will Lawrence, roughly a month after he won a nasty three-way primary there.
At issue: The Democratic Congressional Campaign Committee has so far declined to add Lawrence to a coveted list of their priority House candidates, in part out of deference to leaders of the Congressional Black Caucus, multiple people involved in discussions about the issue told CNN.
The CBC has yet to endorse Lawrence after their public battle with him during the primary over his 2024 comments criticizing Black political leaders. Lawrence, a White climate activist who recently let his DSA membership lapse, came under fire from senior Black Democrats, including Jeffries and Meeks for saying Black political leaders ""defang the White left.""
Lawrence, in previous interviews with CNN, has apologized for his ""choice of words"" in that statement. And some House progressives are ""absolutely apoplectic"" that party leaders have not yet backed him, according to one of those people.
""We're working on a path forward when it comes to being able to support him,"" a Black Caucus strategist with knowledge of the situation told CNN.
The list, run by the Democratic Congressional Campaign Committee, is effectively seen as a ""stamp of approval"" from party leaders - a flashing sign for party groups and donors to put their support behind the strongest candidates. Lawrence's absence, progressives say, is depriving him of a big fundraising boost to help defeat GOP Rep. Tom Barrett.
The flare-up in Michigan comes after party leaders did get behind a slew of other progressive candidates in key races - including some who defeated party-preferred candidates - such as Randy Villegas in a pivotal California swing seat.
The DCCC and Lawrence's campaign declined to comment. But one person familiar with the inner-workings of the DCCC told CNN that the group has been ""working every day"" with Lawrence's team to defeat Barrett in November.
Meeks, who runs the Black Caucus's PAC, said he's had ""good conversations"" with Lawrence over the phone and is looking forward to sitting down with him in Washington soon.
""We'll talk. I think we're going to get that resolved,"" he said. ""If you look at him, compared to who he's running against, we want him to win."""
6198438bbdf5,eua,CNN,2026-09-11T04:49:47Z,https://www.cnn.com/2026/09/11/politics/takeaways-from-night-2-of-gop-midterm-convention,Trump steps on Vance’s primetime moment and other takeaways from RNC convention’s second night,en,False,0,2185,2182,False,"Vice President JD Vance offered Republicans a glimpse of what could be the party's future on Thursday night, as he hammered home a midterm message with overtures to disaffected voters, a pro-family pitch in personal terms, and plenty of red-meat attacks on Democrats.
Then President Donald Trump stepped on stage.
And he stayed there, for more than 25 minutes, riffing about his favorite opera singers, how ugly he thinks Texas Republican Senate nominee Ken Paxton is and urging attendees at one point to ""cheat like hell"" to keep Republicans in control of Congress - all a night after he covered many of the same topics in a rollicking speech of his own.
President Donald Trump closed out the GOP's midterm convention Thursday night by calling on its attendees to vote and pledge to ""cheat like hell"" to help Republicans keep control of Congress.
It was a jarring end to the GOP's unusual two-day midterm convention in Dallas, which came less than two months before Americans will decide whether the party will retain its House and Senate majorities or hand Democrats power for the last two years of Trump's term.
Faced with an unpopular president, a war with Iran that has sent gas prices rising and historical headwinds, Republicans are seeking to make the midterm elections about the Democrats - casting even the party's more moderate nominees in key races as beholden to its progressive insurgency.
""It's about sending a message to the Democratic Party that if you send your crazies, we're going to send you packing,"" Vance said of the stakes of November's elections.
But since Trump's ascension a decade ago, Republicans have performed poorly in many elections when his name hasn't been on the ballot. So even as some GOP candidates in competitive races seek to shift voters' focus away from the president, Trump urged the party faithful on Thursday night to pretend he is on the ballot this year.
He led the crowd in an extended pledge to vote, asking them to promise to ""go out with my family, my friends ... I don't care if I'm registered or not, I'm going to try and cheat like hell, like they (Democrats) do.""
""You know what happens if you don't vote?"" Trump said. ""You go to hell.""
Here are key takeaways from the final night of the GOP's midterm convention:
Vance's 2028 audition
Just as important as what Vance said in his keynote speech closing Thursday night is that he was chosen to fill the most important slot on the schedule aside from Trump's appearances.
The 2028 presidential race will kick into gear immediately after the midterms. Vance hasn't yet said whether he will run, but he is viewed by many Republicans as Trump's heir apparent.
It was on the crowd's mind. At one point during his speech, some Republicans broke into a ""48"" chant. The president who succeeds Trump will be the nation's 48th.
""We've got to take care of business this November. Then we'll worry about what comes next,"" a laughing Vance told them.
From the personal references Vance peppered about his wife, Usha, their children, and his grandfather, to the kinds of jokes he delivered, the stylistic differences between the vice president and Trump were obvious.
Like Trump, he waded eagerly into culture wars. But unlike Trump, he focused his message on faith and family values - detailing at length the nation he wants for his newborn son.
""What I want for my family, I want for your family, too,"" Vance said.
One of the strongest crowd reactions to Vance came in an unscripted moment. A protester interrupted the vice president's speech, and Vance told viewers at home that the protester was holding a Mexican flag.
""If you love Mexico so much, get your ass over there. I'll buy you a plane ticket,"" Vance said, as the crowd erupted in a ""USA"" chant.
The convention's big theme: We're more normal than the Democrats
Throughout the two-day convention, most Republican speakers skirted by the Trump administration's most controversial moves, including the war with Iran, a failure to roll back high prices, and tariffs and mass deportation efforts that many voters say have gone too far.
Instead, they highlighted the ascendance of far-left progressives and democratic socialists, and ascribed some of their positions - including policies involving transgender people, calls to defund the police and efforts to disband US Immigration and Customs Enforcement - to the entire Democratic Party.
""Don't give the country over to a bunch of crazy people because you happen to disagree with us on a policy issue here or there,"" the vice president pleaded with those listening to his remarks. ""I'm not asking anybody to agree on every single policy of the administration; what I am asking you to do is to recognize the contrast with the radicals and recognize the achievements of the last 18 months.""
The president's eldest son, Donald Trump Jr., highlighted the rise of democratic socialists who have won a handful of House primaries, mostly in deep-blue districts, as well as the Democratic Senate nomination in Florida.
""We should call it what it is: communism,"" Trump Jr. said.
Health and Human Services Secretary Robert F. Kennedy Jr. drew on his family lineage as he argued Democrats have abandoned the values of his uncle, President John F. Kennedy, and his father, Robert Kennedy.
""I mourn the fact that neither my father nor my uncle would recognize the Democratic Party of today,"" he said.
Abdul El-Sayed and Hasan Piker focal points ahead of 9/11 anniversary
The most mentioned Democrat of the night Thursday was Abdul El-Sayed, the Michigan Senate nominee.
His prominence is no surprise: Democrats' hopes of netting the four seats they need to take control of the Senate depend in part on El-Sayed retaining the seat of retiring Democratic Sen. Gary Peters. And as Republicans look to cast Democrats as too extreme, they've zeroed in on the progressive firebrand and strident Israel critic as their favorite example.
Repeatedly, Republicans linked El-Sayed to far-left Twitch streamer Hasan Piker, who has campaigned with El-Sayed, including appearing with him the day before Michigan's Democratic primary.
Piker is a pro-Palestinian activist and one of the loudest critics of the Israeli government's bombardment in Gaza following Hamas' October 7, attacks. He once said the United States ""deserved 9/11"" - comments he later acknowledged as ""inappropriate,"" and said he was trying to make a more nuanced point about US foreign policy. El-Sayed has distanced himself from the streamer as his general election campaign has gotten underway.
The day before the 25th anniversary of the <DATE>, attacks, GOP speakers repeatedly invoked those remarks and linked El-Sayed to Piker.
""I never imagined that 25 years after 9/11, I would be running against somebody that campaigns with Hasan Piker, who thinks America deserved it,"" said El-Sayed's opponent, Republican former Rep. Mike Rogers.
""El-Sayed's biggest booster, a man named Hasan Piker, he said, and I quote: 'America deserved 9/11.' Well, ladies and gentlemen, my mom has a saying: 'You are who you hang with,' and let me tell you, Hasan Piker is who Abdul El-Sayed hangs with,"" said Michigan Rep. Lisa McClain.
Vance also dedicated several minutes of his remarks to an ongoing feud with El-Sayed.
The vice president had mused in a speech last month that he'd have difficulty going back in time and explaining the current Democratic Party to his late grandfather, who he called ""Papaw."" Vance in the speech also falsely accused El-Sayed, a practicing Muslim, of wanting to impose Sharia law.
El-Sayed later responded to the speech on X, writing: ""So do we think JD is taking Usha with him back in time to meet Papaw, or no?"" in reference to Vance's wife, who is Indian American and was raised in a Hindu household.
Vance on Thursday night detailed the back-and-forth and said that ""that is what he thinks of my grandfather.""
""Abdul looks at him, sees the color of his skin, sees his background, and decides that he could never have loved my wife,"" Vance said. ""Abdul himself was raised by his own white step-grandparents. He knows exactly that kind of bond and what it looks like in a family, and he chose anyway to say that a man like my grandfather couldn't have loved from the bottom of his heart someone who looks like Usha.""
El-Sayed previously addressed Vance's response to his critique in an interview with CNN's Kaitlan Collins.
""I believe in an America where any of us - me, his wife, any of us with different-colored skin or who pray different ways - can be just as American as JD and his papaw,"" El-Sayed said. ""But he's not making that argument. He likes to dog-whistle about these things, but when you actually call him out on it, he acts like he would never bring anything like that into our political conversation, despite he and his boss doing that every single day.""
Trump's the only one talking about his $5,000 pitch
Trump on Thursday night re-upped the surprise pitch he included in Wednesday night's speech - one that dominated news coverage of the convention: $5,000 for every American adult if Republicans retain their House and Senate majorities in November.
Perhaps more notable is that his vice president didn't once mention the idea.
Nor did other Republican speakers throughout the convention's second night - most of whom had likely prepared their remarks before Trump blindsided many of his administration's own officials with his proposal.
Trump's proposal ignited controversy for a number of reasons: Democrats decried it as a blatant attempt to buy votes. Economists warned it would cause inflation. Trump vacillated in interviews Thursday about whether or not the checks would need the approval of Congress. And no one knew how Trump would pay for the proposal. He said it would come from tariff revenue, but those revenues don't come close to covering the $1 trillion bill for such checks.
""We can do that because our country has never done better. We are taking in trillions of dollars,"" Trump said Thursday night, dramatically inflating tariff revenues.
A play for independents
Most of the two-day GOP convention was red meat - attacks on Democrats and pitches for Trump's signature achievements, aimed at ginning up the party's base for the sprint to November.
In pictures: The first-ever Republican midterm convention
But New York Rep. Mike Lawler, one of three GOP House members who represents a district former Vice President Kamala Harris won in the 2024 election, had a much different target in mind: Independents and moderate Democrats.
Or, as Lawler put it, voters ""who are deeply concerned about the rise of socialism and extremism on the left, but they aren't exactly sold on Republicans either.""
He used his own public and private disagreements with Trump to make his case. He acknowledged that Trump had called him a ""pain in the ass"" and even did a convincing impersonation of Trump mocking him.
Lawler advocated for lifting the cap on the amount of state and local taxes residents could deduct on their federal income tax returns - an issue that matters to high-income states like New York. He threatened to oppose Trump's One Big Beautiful Bill Act if the measure was not included.
""The truth is that the president and I don't always agree, and that's OK. After all, we're both New Yorkers. We argue. We tell each other what we think,"" Lawler said. ""There's even some profanity.""
""What I learned about President Trump behind closed doors is that if you're willing to make your case and fight for what you believe in, he's willing to listen,"" he said.
The speech stood out as a rare example of a Republican candidate even acknowledging any daylight between themselves and Trump at the convention. For the most part, speakers either lavished praise on the president or avoided mentioning him and attacked their own Democratic opponents in this year's elections.
Speakers remember Charlie Kirk, one year after his assassination
Thursday marked one year since a gunman shot and killed conservative activist Charlie Kirk during a Turning Point USA event on a college campus in Utah.
Trump paid tribute to Kirk's widow, Erika Kirk, on Wednesday night. And several speakers acknowledged Kirk on Thursday.
""History will record that your father was a great man,"" Vance said in a message aimed at Kirk's children. He called Kirk a friend, and recalled him cheering Vance on when he last spoke at a Republican convention, after accepting the vice presidential nomination in 2024.
Trump Jr. said Kirk was a good friend, and said he ""had already inspired hundreds of thousands of young people to take up the cause of liberty and to fight for it.""
Other speakers, including Kennedy and former White House press secretary Karoline Leavitt, also remembered Kirk.
Leaders of the organization he co-founded vowed to continue with his mission.
""One year later there is something wonderfully defiant about the fact that his voice has not grown quieter - it has multiplied,"" Lucas Miles, the vice president of Turning Point USA, said at the convention."
45432a459e9b,eua,CNN,2026-09-15T21:35:16Z,https://www.cnn.com/2026/09/15/entertainment/ed-sheeran-macklemore-palestine-openers-quit-cec,"Ed Sheeran tour: Macklemore dropped, other openers quit",en,False,0,1139,1139,False,"Ed Sheeran's international tour has been thrown into crisis, with one opening act, the rapper Macklemore, dropped from the tour's US dates for his onstage support of Palestine, and all of the British singer's other openers quitting to protest the removal.
On Monday, Robert Kraft, the billionaire owner of the New England Patriots, said he would bar Macklemore from performing at Gillette Stadium in Massachusetts this month. Macklemore, who made pro-Palestinian remarks during shows in New Jersey, said he had been removed from the rest of Sheeran's American tour as well.
""Based on Macklemore's recent actions, material shared from the stage during Ed Sheeran's shows in New Jersey, and a broader history of antisemitic rhetoric and imagery that we believe has been deeply offensive and hurtful to the Jewish community, we determined that his participation in the September 25th and 26th concerts at Gillette Stadium would cross that line,"" Kraft said in a statement.
In 2014, Macklemore publicly apologized for performing while wearing a hooked false nose, wig and fake beard, which he called a ""random costume"" but which observers widely read as an antisemitic caricature. Kraft did not respond to a question about whether he was referring to that incident or to something else when he accused Macklemore of past antisemitism.
On Tuesday, Finneas, a producer who is also Billie Eilish's brother, the Irish singer-songwriter Aaron Rowe, the Irish band Beoga and the Danish band Lukas Graham all withdrew from their opening slots on the tour, expressing support for both Macklemore and the Palestinian people.
Macklemore, a rapper best known for 2012's ""Thrift Shop,"" has publicly advocated for Palestinian rights since Israel began its years-long bombing campaign in Gaza after the October 7 attacks. Opening for Sheeran earlier this month at MetLife Stadium in New Jersey, the rapper wore a black-and-white keffiyeh tied around his neck.
""A big part of the reason why I wanted to do this tour in the first place, was so I could stand up in stadiums like this and say two words that are very near and dear to my heart: Free Palestine,"" he said, according to video of the event. He added that ""to all of my Jewish brothers and sisters, criticism of Israel, criticism of apartheid, being against genocide in no way is a criticism of you.""
Macklemore has regularly performed at pro-Palestinian rallies since 2023. In 2024, he released ""Hind's Hall,"" named after the building taken over by Columbia student protesters, who renamed it in honor of Hind Rajab, a 5-year-old Palestinian girl killed by Israeli soldiers in Gaza.
His comments at Sheeran's show prompted criticism from the singer Pink and a petition against his appearances. On Monday, Macklemore announced on Instagram he'd been dropped from Sheeran's remaining US tour dates.
Macklemore has pointed the blame squarely at Kraft, who owns Gillette Stadium, where Sheeran and Macklemore were scheduled to perform later this month. Kraft, Macklemore said, had ""rallied some of the other stadium owners"" and given Sheeran an ultimatum: ""if Macklemore stays on the tour, you will not be allowed to play in our venues.""
Kraft, an advocate for Israel who withdrew funding for Columbia University to rebuke the school for its handling of protests against the war in Gaza, confirmed that he chose to cancel Macklemore's performances at Gillette Stadium. He didn't address Macklemore's claims that he had ""rallied"" other stadium owners, and did not respond to requests for more information.
""This decision is not about diminishing the suffering of innocent Palestinians or denying anyone the right to advocate on their behalf,"" Kraft said in his statement. ""Too many lives have been lost and there has been too much suffering, but only sharing selective information and ignoring the actions of Hamas is not honest and only advances more divisiveness and hate.""
Sheeran placed the blame on the concert promoter, who he said forced his hand. ""After Macklemore's performances at my New Jersey shows, venues on my upcoming tour dates communicated that they would pull the shows if he was still supporting,"" he said on Instagram Tuesday. ""Macklemore coming off tour was the promoter's decision, it was not mine."" The promoter didn't respond to a request for comment.
Chilling effect
Legally, under the First Amendment, Kraft and other people who privately own stadiums have the right to choose who performs at their venues, said Lee Rowland, the executive director of the National Coalition Against Censorship. But ""that doesn't mean that that's healthy for our democracy or good for free expression,"" Rowland said.
Rowland said the cancellation of Macklemore's tour dates ""illustrates the immense power that money has over our public discourse.""
Macklemore was scheduled to open for Sheeran at seven more stadiums in the US. Several of those are publicly owned. The remaining venues did not respond to requests for comment.
Among them is AT&T Stadium, which is owned by the city of Arlington, Texas. AT&T Stadium is scheduled to host a sold-out show later this year by Ye, who made a spate of antisemitic comments that he now attributes to a brain injury and untreated bipolar disorder, and who is selling out shows in the US.
The Macklemore cancellation will likely have a chilling effect on other artists, Rowland said.
""We are undoubtedly going to see widespread self-censorship, so that artists ensure their content is uncontroversial and anodyne enough not to offend a promoter or a stadium owner that would then deprive the audience of their performance.""
In his statement, Sheeran, one of the world's best-selling and most-streamed artists, said he was ""not complicit"" and defended his silence around ""the conflict between Israel and Palestine.""
""I have my personal views on this devastating conflict,"" he said. ""Just because I choose not to speak publicly, it doesn't mean I don't have them, and it doesn't mean I don't care.""
The children's entertainer and advocate Ms. Rachel, who has been a leading humanitarian critic of the war in Gaza, called Sheeran out for his public neutrality, writing on Instagram, ""Ed Sheeran is making a political statement to his fans when he does a concert to support Ukraine, but considers Palestine too dangerous and political.""
Beyond his fellow tour members quitting in protest, Macklemore received nods of support from Reps. Ilhan Omar and Pramila Jayapal and the musicians Zara Larsson and PinkPantheress.
In his statement, Macklemore sought to refocus attention on Gaza, where more than 70,000 people - many of them women and children - have been killed.
Sheeran ""told me that the words 'Free Palestine' and the image of the Palestinian flag were hurtful to a lot of people he spoke with,"" Macklemore said.
""I told him that if those words were more offensive than tens of thousands of Palestinian children being killed by Israel, then there was a fundamental disconnect between where those people stood and where I stood."""
eee92afdd872,eua,CNN,2026-09-23T17:11:14Z,https://www.cnn.com/2026/09/23/world/son-of-israeli-ambassador-to-the-us-injured-intl,Son of Israeli ambassador to US critically injured in West Bank ramming attack | CNN,en,False,0,498,496,False,"The son of Israeli Ambassador to the US Yechiel Leiter was critically injured in a ramming attack in the occupied West Bank on Wednesday afternoon, according to regional authorities, one day before Prime Minister Benjamin Netanyahu's scheduled speech at the United Nations.
Neria Leiter, a reserve soldier manning a checkpoint near the settlement of Beit Horon, was rushed to a hospital in Jerusalem, according to emergency response services.
""Neria needs a miracle,"" Leiter said in a statement on social media. ""I believe in the power of prayer, and I believe that when the people of Israel unite, miracles happen.""
The driver of the car, 29-year-old Mahmoud Muhammad Mahmoud Suleiman, a Palestinian from the nearby village of Beit Ur al-Tahta, was shot and killed at the scene of the attack, according to the Palestinian Ministry of Health.
Hamas praised the attack in a statement Wednesday, describing it as a ""natural response"" to Israeli actions in the West Bank and Jerusalem. The militant group in the Gaza Strip called for increased resistance against Israel but did not claim responsibility for the attack.
Leiter's elder son, 39-year-old Moshe Yedidya Leiter, was killed fighting in Gaza in <DATE> in the first weeks of the war triggered by the Hamas-led attack on Israel the month before.
The ramming attack occurred just days after a shooting in the West Bank on the eve of the Jewish high holiday of Yom Kippur. On Sunday morning, Netanel Shukrun, a father of six from the settlement of Alei Zahav, was shot and killed while bathing at a natural spring in the West Bank as part of the holiday customs. Shukrun's 16-year-old son credited his father with saving his life when he shouted out a warning to take cover.
The Israel Defense Forces (IDF) arrested the suspected shooter at a hospital near the West Bank city of Ramallah, the military said Sunday. Far-right National Security Minister Itamar Ben-Gvir called for the death penalty in the case under a new law applying capital punishment to terrorism and nationalistic murders.
After the shooting, Lt. Gen. Eyal Zamir, the IDF chief of staff, said: ""The IDF is on high alert, deployed and prepared with soldiers reinforced across all sectors, including throughout the fast. Our mission is clear and ongoing - to thwart terrorism, act decisively against every threat, and protect the citizens of the State of Israel.""
Since October 7, Israel has carried out waves of widescale military operations in the West Bank intended to target what officials view as centers of terrorist activity. The operations have led to the displacement of tens of thousands of Palestinians across the territory and military raids into Palestinian villages.
""Terrorism currently in Judea and Samaria is at its lowest level in decades,"" Defense Minister Israel Katz said in early September, using the biblical name for the West Bank, ""and we will take all necessary steps to prevent terrorism from rearing its head again.""
This is a developing story and will be updated."
8adf9dbc5228,eua,CNN,2026-09-23T17:31:12Z,https://www.cnn.com/2026/09/23/world/son-of-israeli-ambassador-to-the-us-injured,Son of Israeli ambassador to US critically injured in West Bank ramming attack | CNN,en,False,0,498,496,False,"The son of Israeli Ambassador to the US Yechiel Leiter was critically injured in a ramming attack in the occupied West Bank on Wednesday afternoon, according to regional authorities, one day before Prime Minister Benjamin Netanyahu's scheduled speech at the United Nations.
Neria Leiter, a reserve soldier manning a checkpoint near the settlement of Beit Horon, was rushed to a hospital in Jerusalem, according to emergency response services.
""Neria needs a miracle,"" Leiter said in a statement on social media. ""I believe in the power of prayer, and I believe that when the people of Israel unite, miracles happen.""
The driver of the car, 29-year-old Mahmoud Muhammad Mahmoud Suleiman, a Palestinian from the nearby village of Beit Ur al-Tahta, was shot and killed at the scene of the attack, according to the Palestinian Ministry of Health.
Hamas praised the attack in a statement Wednesday, describing it as a ""natural response"" to Israeli actions in the West Bank and Jerusalem. The militant group in the Gaza Strip called for increased resistance against Israel but did not claim responsibility for the attack.
Leiter's elder son, 39-year-old Moshe Yedidya Leiter, was killed fighting in Gaza in <DATE> in the first weeks of the war triggered by the Hamas-led attack on Israel the month before.
The ramming attack occurred just days after a shooting in the West Bank on the eve of the Jewish high holiday of Yom Kippur. On Sunday morning, Netanel Shukrun, a father of six from the settlement of Alei Zahav, was shot and killed while bathing at a natural spring in the West Bank as part of the holiday customs. Shukrun's 16-year-old son credited his father with saving his life when he shouted out a warning to take cover.
The Israel Defense Forces (IDF) arrested the suspected shooter at a hospital near the West Bank city of Ramallah, the military said Sunday. Far-right National Security Minister Itamar Ben-Gvir called for the death penalty in the case under a new law applying capital punishment to terrorism and nationalistic murders.
After the shooting, Lt. Gen. Eyal Zamir, the IDF chief of staff, said: ""The IDF is on high alert, deployed and prepared with soldiers reinforced across all sectors, including throughout the fast. Our mission is clear and ongoing - to thwart terrorism, act decisively against every threat, and protect the citizens of the State of Israel.""
Since October 7, Israel has carried out waves of widescale military operations in the West Bank intended to target what officials view as centers of terrorist activity. The operations have led to the displacement of tens of thousands of Palestinians across the territory and military raids into Palestinian villages.
""Terrorism currently in Judea and Samaria is at its lowest level in decades,"" Defense Minister Israel Katz said in early September, using the biblical name for the West Bank, ""and we will take all necessary steps to prevent terrorism from rearing its head again.""
This is a developing story and will be updated."
394e4a623c9e,eua,CNN,2026-09-10T04:01:30Z,https://www.cnn.com/2026/09/10/middleeast/yemen-perim-houthis-saudi-iran-war-intl,This small island off Yemen is now a strategic prize in the widening Iran war | CNN,en,False,0,2160,2151,False,"Stepping on to the Yemeni island of Perim is to relive history.
Its barren sand and rock moonscape feels for all the world like the land that time forgot. Its location, however, has put it at the heart of a very modern conflict.
For Perim Island sits in the Strait of Bab al-Mandab, a geopolitical pinch-point that's taken on an outsized importance since US President Donald Trump's war with Iran effectively shuttered the Strait of Hormuz.
To help keep global energy supplies flowing, and prices down, Saudi Arabia diverted its oil exports from Hormuz to the Red Sea.
But now Yemen's Houthi rebels, Iran's most powerful regional proxy, have begun an offensive that could land them control of Perim - and with it the ability to prevent ships passing through this narrow gateway from the Red Sea.
On Thursday the Houthis captured the town of Mocha, a crucial coastal location some 50 miles to the north of Perim.
On a recent day, an honor guard of Yemeni troops, patiently shuffling in the scorching sun, watched while a weathered officer's outstretched hand helped arrivals to Perim off an aging gunboat. A CNN crew was among them, granted exclusive access to this dusty outpost.
The tableau, reminiscent of a bygone era, has likely played out here for centuries. The island's position - at the narrowest point of a strait which brings the Horn of Africa within 12 miles of the Arabian Peninsula - has made it valuable to empires and regional powers for generations. Once a coaling station for ships of the British Empire sailing to India, Perim's imperial past is still visible in its crumbling ruins.
Bumping along a rocky road to the island's highest point, the officer - one hand on the wheel of his decrepit army truck - points to Eritrea and Djibouti across the water, on the African side of the strait. A veteran member of a brigade loyal to Yemen's internationally recognized government, he knows his mission, defending Perim, also known as Mayyun, now carries far greater stakes than before.
'It's geopolitical now'
For more than a decade, Yemen's civil war appeared to be a distant regional conflict. But as fighting intensifies and the Iran-backed Houthi rebels launch attacks towards the Red Sea coast, that distinction is disappearing. Yemen, with Perim at the center, is becoming another potential front line in the confrontation between Washington and Tehran, and a reminder that the consequences of its war no longer stop at its shores.
Already, the Houthis control Yemen's capital, swaths of the country's northwest, and much of its Red Sea coastline north of the island.
If history is any guide, Bab al-Mandab - the smaller twin of the Strait of Hormuz and now a crucial alternative to it - could be where Iran, through its proxy, tightens the economic and political screws on Trump next, driving up oil prices and damaging Republican prospects in the US midterm elections in November.
""We told the world that this is an Iranian project, but no one listened to Yemenis back then... It's geopolitical now,"" Tarik Saleh, a vice president in Yemen's beleaguered, internationally recognized government, told CNN in an exclusive interview.
Saleh, a nephew of the ousted president Ali Abdullah Saleh and a former ally of the Houthis, is a rarity among Yemen's political class: the only leader and military commander who remains inside the country while many others have fled. He says he has survived several assassination attempts and says Iran wants him dead. Meetings with him are arranged at short notice, in random locations, and are over fast.
Speaking to CNN from a tent on a remote Yemeni beach in late August, Saleh said he was receiving no help from the United States, ""only talk."" He warned that if the Houthis seized Perim Island and gained control of the Bab al-Mandab Strait, ""then a massive (international) force and the navies will be needed"" to dislodge them.
Even reaching Perim Island is a lesson in the dangers of this often one-sidedly high-tech war.
As the CNN team set out for the two-mile crossing from the mainland, warnings of an imminent Houthi drone attack forced the gunboat carrying the crew to turn back. Preparing for a possible attack, the gunner fired a heavy-caliber round from his rusting weapon.
'In bed together'
Yemen's civil war began in 2014, when Houthi rebels seized the capital, Sanaa, and drove the internationally recognized government into exile. Saudi Arabia led a military campaign the following year to dislodge the rebels. Iran has supplied the Houthis with weapons and training, and exercises some influence on the rebel group's decisions.
The result is a fractured country, with the Houthis controlling the capital and the northwest, and the government and allied factions holding much of the south and east. Some 22 million people, roughly half of the population, need humanitarian assistance to this day.
Following the October 7 Hamas attack on Israel and the ensuing war on Gaza, the Houthis joined the conflict. They launched attacks on Israel in solidarity with Palestinians in Gaza and targeted shipping in the Red Sea. The US and Israel launched airstrikes on the group that destroyed key assets. The Trump administration designated the Houthis as a terror group in 2025.
The latest Houthi offensive against Yemen's government began in July. It ruptured a tacit four-year truce between the Houthis and Saudi Arabia and drew Yemen's conflict into the wider war involving Iran.
In a rare exception to restrictions it has enforced over Yemeni airspace since intervening in 2015, Saudi Arabia permitted an Iranian passenger plane to land in Sanaa. The plane - the first direct air link between Tehran and Sanaa in about a decade - then carried a Houthi delegation to the funeral of Ali Khamenei, Iran's former supreme leader, who was killed alongside several members of his family in the opening US-Israeli strikes of <DATE>.
But when the aircraft returned 10 days later, Saudi Arabia denied it permission to land in Sanaa amid concerns that it was also carrying Iranian Islamic Revolutionary Guard Corps personnel and military equipment. Saudi aircraft struck the airport's runway, forcing the plane to divert to the Houthi-controlled Yemeni port city of Hodeidah.
The episode became a turning point, unraveling diplomacy that had largely preserved the informal truce and halted Houthi attacks on Saudi territory. Against the backdrop of the collapsing US-Iran ceasefire, the Houthis retaliated by declaring a naval blockade against Saudi Arabia and threatening ships carrying Saudi exports through Bab al-Mandab. They also launched missiles and drones at the kingdom's oil infrastructure, airports and other civilian sites.
The timing of the new Houthi offensive could benefit Iran by increasing pressure on Trump. Mohammed Al-Basha, who has served as an adviser to the US government and private sector on risks emerging from the Arabian Peninsula, described the relationship between Tehran and the Houthis as ""not a submissive relationship - but they are in bed together.""
Nonetheless, observers caution against framing the Houthis' recent intervention as merely executing Iran's regional agenda.
""The Houthis needed a war as diversion from domestic problems. They wanted to say they can fight Saudi Arabia into negotiating with them again. And of course, if it is going to help an old friend, like Iran, which at one point was the only friend they had, then why not?"" said Farea Al-Muslimi, a Chatham House think tank research fellow.
The Houthi attacks on Israel, and the weakening of other Iranian allies in the region like Hezbollah in Lebanon, as well as the fall of the Assad regime in Syria, have elevated the Yemeni faction's standing in the so-called axis of resistance and the Houthis wanted to capitalize on their new position, he added.
Sanaa officials have not responded to CNN's request for comment. Houthi leaders have maintained in previous statements that their current offensive inside and outside Yemen is in response to ""Saudi aggression and blockade.""
In a statement on Thursday, Nasr al-Din Amer, head of the Houthi-run state news agency Saba, told CNN that the aim of the rebels' military campaign is to ""break the siege unjustly imposed by the Saudi enemy for 12 years.""
Amer claimed the Houthis have control of Bab al-Mandab Strait and parts of the Red Sea through firepower, saying the operations are limited to Saudi vessels.
""We also target the troops mobilized by the Saudis for a territorial advance against us and the weapons the Saudis send to them,"" he said.
Strikes on port, fishermen
Oil flows past Perim have already fallen sharply amid this maritime roulette. Three years ago, about 10% of the world's seaborne oil trade passed through Bab al-Mandab. Kpler data indicates that volume has since fallen by half, and a sustained Houthi campaign could choke the route further.
Yemen's fishermen are also victims of Houthi drone attacks. Dozens were evacuated from an island north of Perim after one such attack killed and injured several people, according to Yemeni government officials.
As fishermen wrestled their catches out of flimsy fiberglass boats near a makeshift shoreside market recently, several stopped to talk with CNN, complaining that the war is ruining business.
On normal days, one trader said, ""there would be many ships out there,"" but ""because of the attack of the Houthi there are no ships right now.""
Children played in the Red Sea's lukewarm waves. Apparently unconcerned about their parents' worries, they jostled to get into the visiting journalists' pictures.
But the image that emerges here is of an already war-weary, fragile and poor country being pushed ever closer to a breaking point.
A few miles up the coast, evidence of that is mounting.
The port of Mocha, the most northerly government-held city of significance on the Red Sea, has been hit hard. A few weeks ago, more than 25 Houthi rockets slammed into the sprawling harbor as commercial ships were unloading, according to port director Abdel Malek Al-Sharaabi.
In the water, half-sunk ships lie at improbable angles, while the concrete on land is scarred with holes deep enough to hide a large dog. Heaps of scorched motorcycle frames lie beside piles of semi-melted engines.
Sixteen people were killed and 22 injured that day, the port director told CNN, while six commercial ships were sunk and 14,000 motorcycles lost. The Houthis, he said, want to destroy the economy.
""The port had a big role in development and commerce,"" Al-Sharaabi said. ""This attack aims at hurting this development and stopping services.""
Over the past year, the Houthis have repeatedly fired at targets as far as Israel, more than 1,000 miles away. They claim to possess hypersonic missiles and have an arsenal that includes long-range, sea-skimming anti-ship missiles designed to evade radar. They also possess surface-to-air missiles capable of downing high-altitude US drones and threatening crewed aircraft.
'Higher price in the future'
On Yemen's front lines, fighting between Houthi and government forces is intensifying. Government troops are flying new, first-person-view, or FPV, quadcopter drones, attacking concealed Houthi bunkers.
""Our troops have improved due to training and new resources like drones,"" Saleh told CNN.
But for every step the government takes, officials say, Iran is trying to keep the Houthis ahead. A journey in a vehicle with blacked-out windows to a heavily guarded warehouse at a secret location offered a glimpse of that challenge - and what the government says is evidence of the scale of Iranian support for the Houthis, including the provision of weapons capable of threatening tanker traffic in the Red Sea.
Abdel Nasser El Mamlouh, the director of Saleh's military media operation, led CNN through what he said was an Iranian-made weapons shipment captured before smugglers could deliver it to the Houthis.
The cache included enormous, 18-foot-long missiles, complex long-range radar systems, drone engines and optical equipment, even bullets hidden inside a truck battery. Everything, El Mamlouh said, had been disguised as commercial equipment to evade detection.
And what they captured, he readily acknowledged, was only a fraction of what is believed to have made it through. Smugglers ""confessed that before this one they had smuggled 11 shipments similar in size and content,"" he said, amounting to 750 tons.
If the Houthis seized Perim and gained a foothold in Bab al-Mandab, he warned, they would no longer need long-range weapons to threaten shipping.
""They would mine the strait, just like (Iran) did in Hormuz,"" he said.
Along Yemen's government-held stretch of Red Sea coast, officials have little doubt that their civil war has become part of something much larger.
""(We are) fighting this war on behalf of the Arab world and the international community,"" Mamlouh said.
Before hurrying away from his tent on the beach, Saleh was asked what would happen if US support never came.
""We will pay a higher price in the future,"" to dislodge the Houthis, he replied. And so, he warned, would ""the American army, the international community and international trade."""
8e4ea0e54142,eua,CNN,2026-09-22T19:23:47Z,https://www.cnn.com/2026/09/22/politics/fact-check-trump-united-nations,Fact check: Trump’s false claims to the United Nations | CNN Politics,en,False,0,1513,1510,False,"President Donald Trump made multiple false claims in his address to the United Nations General Assembly on Tuesday, though he largely stuck to a prepared text.
Here is a fact check of some of his assertions.
Trump and wars
Trump, repeating a frequent false claim, said, ""Since I took office, it has been my great honor to settle eight wars.""
He specified that he was talking about conflicts between Cambodia and Thailand; Kosovo and Serbia; Rwanda and the Democratic Republic of Congo; India and Pakistan; Armenia and Azerbaijan; and the war in Gaza. And he has previously claimed that the other two wars he ended were last year's brief conflict between Israel and Iran and a supposed war between Egypt and Ethiopia.
Trump's ""eight"" figure is a clear exaggeration.
His list includes two situations that were never actually wars during his tenure. The situation between Egypt and Ethiopia was a diplomatic dispute over an Ethiopian dam project, not a war, and the mysterious supposed issue he says he resolved between Serbia and Kosovo was also not a war.
In addition, the war involving Rwanda and the Democratic Republic of Congo has not ended despite a peace agreement brokered by the Trump administration. And though Trump cited the war in Gaza, Israel continues to conduct frequent attacks in the enclave despite a US-brokered ceasefire agreement.
Trump did help to end the brief 2025 conflict between Israel and Iran, though Israel proceeded to join the US in starting another war against Iran in 2026.
Global warming
Trump scoffed at dire warnings that artificial intelligence might eventually attack or kill people, claiming they are coming from ""the very same people who said we'll all be dead in 12 years because of global warming, a name since reborn to climate change because the planet was cooling, not warming, and nobody was dead.""
There are at least four things wrong with his sentence about global warming.
First, the phrase ""global warming"" remains in widespread use even though the phrase ""climate change"" is also common; they mean different things. Climate scientists use both, often saying ""global warming"" when referring to the long-term trend of increasing global temperature and ""climate change"" when referring to the numerous effects the world is experiencing because of that trend. (NASA, part of the Trump-led federal government, explains the difference between the terms on its website.) For example, a 2023 report from the UN's climate change panel is titled ""Climate Change 2023: Synthesis Report,"" but it says this: ""Human activities, principally through emissions of greenhouse gases, have unequivocally caused global warming, with global surface temperature reaching 1.1°C above 1850-1900 in 2011-2020.""
Second, while Trump didn't say what time period he was talking about, he didn't acknowledge that the world has continued to get warmer, not cooler. The UN's World Meteorological Organization reported in January that ""the past 11 years have been the 11 warmest on record,"" with 2023, 2024 and 2025 the three very warmest - as NASA also found - though 2025 wasn't as hot as 2024.
Third, experts widely disagree that ""nobody"" has died from the various impacts of a warming world. It's impossible to pinpoint a precise death number, but some estimates total in the millions. The deaths are likely to continue; the World Health Organization says, ""Between 2030 and 2050, climate change is expected to cause approximately 250,000 additional deaths per year, from undernutrition, malaria, diarrhea and heat stress alone.""
Fourth, while somebody somewhere might have said that ""we'll all be dead in 12 years because of global warming,"" that isn't how an expert report framed the issue.
A widely discussed 2018 report from climate scientists said the world needed to sharply cut carbon emissions within the next 12 years to be on track to limit warming to 1.5 degrees Celsius above pre-industrial levels; scientists said above that threshold, the potential deadly impacts from climate change would be larger. Though the 2018 report was often oversimplified by politicians, the expert claim was never that ""we'll all be dead in 12 years"" - it was that significant action was needed within 12 years to improve the future. (The UN program reported earlier this month that the world is set to exceed the 1.5-degree increase, ""likely within the next few years."")
Investment in the US
Trump delivered a more cautious version of his inaccurate previous boast that $21 trillion in investment is pouring into the US, this time saying, ""We've secured commitments for $21 trillion in new investments from all over the planet."" His figure has no apparent basis even with the ""secured commitments for"" caveat; the White House has never been able to substantiate it.
When the president spoke at the UN, the White House's own website claimed there had been ""$11.2 trillion"" in ""major investment announcements"" during Trump's second term, far less than the ""$21 trillion"" in commitments the president cited. And a detailed CNN review in 2025 found the White House list was counting trillions in vague investment pledges, pledges that were about ""bilateral trade"" or ""economic exchange"" rather than investment in the US, and vague statements that didn't even rise to the level of pledges.
The White House figure includes pledges from US-based companies as well as foreign entities. Federal data shows that new foreign direct investment in the US was about $232 billion in 2025.
The US and munitions
Trump defended the Iran war at length. And he claimed, ""The cowards and traitors would love to say the United States is low on munitions, but that's not true. We have more munitions than we could ever possibly even think of using, and we're building them at levels that we have never done before.""
We don't have access to classified information on the precise current state of US munitions stockpiles, and it's not clear who Trump is calling ""cowards and traitors."" But it's not just CNN and other media outlets that have reported that the war with Iran has depleted at least some US munitions levels; the federal inspector general overseeing the Defense Department and the nonpartisan federal Congressional Budget Office essentially said the same in separate reports released last week.
The inspector general report, which discussed the period from the beginning of April through the end of June, said a Defense Department acquisitions office ""said that the munitions expenditure in (the war) has resulted in strategic inventory shortfalls and revealed industrial base bottlenecks for munitions resupply.""
The report said the acquisitions office also noted that while the Pentagon ""has begun to implement mitigation strategies, the defense industrial base requires 'significant lead time' to expand production capacities."" The report specified: ""The most persistent bottlenecks remain in the production of solid rocket motors, the availability of high-grade explosives and propellants, and the recruitment of skilled manufacturing labor.""
The Congressional Budget Office report said there is a ""shortfall"" of missile defense interceptors and that the war will leave ""the United States with a reduced inventory of interceptors for several years."" The report said the Defense Department had a ""limited"" inventory of interceptors even before Israel and the US attacked Iran during a brief conflict in <DATE>, and that the budget office's research indicates the US ""has probably used between one-half and two-thirds of its inventory of those munitions since <DATE>.""
""Given the number of missile defense interceptors that DoD has recently used, their currently low production rates, and the historical difficulty of scaling up their production, rebuilding DoD's inventory of interceptors would probably take at least five years - even if production was increased,"" the report said.
The Defense Department has consistently said it's not true that there are any munitions shortfalls, and it did so again last week.
Crime in Washington, DC
Trump again overstated the decline in crime that various US cities have experienced during his second term. He said most important was that ""when I arrived on <DATE> of last year in Washington, DC, it was riddled with crime, and now crime is down 87%, and we're going for 100.""
That ""87%"" figure isn't close to accurate.
While overall crime in Washington is indeed down this year, as is crime in much of the country, the local police department had still recorded and publicly reported more than 15,000 total crimes through Monday - a reduction of about 23% from 2024 as of the same date, not the 80-plus percent Trump has repeatedly claimed. (It was a reduction of about 15% compared with 2025 as of the same date.)
The Washington Post reported in August on the White House's inability to substantiate his claims that crime in the capital had dropped by 81%, 88% or 92%. The Post wrote: ""When asked to clarify Trump's remarks about D.C. crime drops, White House officials pointed to arson incidents, which dropped from four in 2025 to one in 2026. The White House also cited the District's homicide rate, which has fallen significantly in recent years, but not by the rates cited by Trump.""
If Trump wanted to refer to reductions in specific crime categories, he could do so explicitly."
2037ddaef25b,eua,CNN,2026-09-09T00:02:29Z,https://www.cnn.com/2026/09/08/politics/new-hampshire-primaries-results,"Chris Pappas will face former Sen. John E. Sununu in New Hampshire Senate race, CNN projects | CNN Politics",en,False,0,921,921,False,"Democratic Rep. Chris Pappas will face Republican former Sen. John E. Sununu in the race for New Hampshire's open Senate seat, CNN's Decision Desk projects.
The battle for retiring Democratic Sen. Jeanne Shaheen's seat could prove critical to her party's hopes of flipping the chamber in November.
Tuesday's contests are setting several key midterm matchups that could test the status quo in New Hampshire, which has largely elected Republicans in the state government while sending Democrats to the US Senate and House of Representatives in recent years.
At the top of the ballot, voters also picked nominees for governor, with CNN projecting that Republicans will renominate Kelly Ayotte for another two-year term while healthcare lawyer Cinde Warmington ran unopposed for the Democratic nomination.
With Pappas vacating his battleground House seat, CNN projects that Democrat Stefany Shaheen, the daughter of New Hampshire's senior senator, will face Republican businessman Anthony DiLorenzo in November's general election for the 1st Congressional District.
Here are the key takeaways:
Key Senate matchup set
The Republican Senate race tested whether past criticism of President Donald Trump still carries a price in a GOP primary.
Sununu, who held the seat from 2003 to 2009 and belongs to the state's most established Republican family, defeated Scott Brown, the former Massachusetts senator and Trump ambassador who ran as an outsider vowing to break up a political dynasty.
While Sununu described Trump as a ""loser"" in an op-ed backing Nikki Haley's 2024 presidential campaign and said that he wouldn't have launched the war in Iran, he still managed to secure Trump's endorsement along with support from the national Republican establishment.
On the Democratic side, Pappas, a four-term congressman from a battleground House district, defeated Karishma Manzur, a democratic socialist who sought to score the latest upset for an ascendent anti-establishment left-wing.
Echoing Democratic primaries across the country this year that have wrestled with the issue of US support for Israel amid the devastation in Gaza, Pappas received criticism from his rival over his voting record in Congress and his relationship with the American Israel Public Affairs Committee.
But Pappas prevailed in the contentious race with a focus on affordability concerns, a vocal defense of safety-net programs, and a strong electoral track record, while also benefiting from about $4.8 million in outside spending, according to AdImpact data.
His victory could give Democrats a more clear-cut path to holding onto the seat in November than Manzur would have. But Sununu's strong name recognition and Senate record could prove troublesome for Pappas.
A Republican governor in Harris territory
Ayotte, a former US senator and state attorney general, is one of only two GOP governors seeking reelection this cycle in a state that former Vice President Kamala Harris won in 2024.
She campaigned on tougher public safety policies, drawing on her experience as a prosecutor, as well as expanding affordable housing and combating new taxes. She defeated two primary challengers.
In her time as governor, Ayotte has had an occasionally antagonistic relationship with New Hampshire's legislature, despite the body being controlled by her own party. In the last legislative session, Ayotte vetoed 33 bills. Lawmakers overturned seven of the vetoes, clashing with the governor over issues like criminal justice and education.
With Warmington running unopposed in her primary, Republicans turned their attention to the former New Hampshire executive councilor's campaign early and sought to tie her to the opioid crisis.
The Democrat previously worked for Purdue Pharma, which produced the highly addictive painkiller OxyContin, and in the early 2000s she fought against a state bill meant to make it more difficult to get a prescription for the drug. She has since said she was not aware of how dangerous the drug was at the time.
While Harris won the state in 2024, Republicans have held a trifecta in the state government for several years.
One Shaheen exits, another enters
When Sen. Jeanne Shaheen leaves the Senate early next year, her daughter could be headed to the House of Representatives at the same time.
Bolstered by support from local labor unions and New Hampshire's other senator, Democrat Maggie Hassan, Stefany Shaheen defeated a crowded field of primary rivals to secure the Democratic nomination.
In November, she'll face Republican Anthony DiLorenzo for the Manchester-based swing seat, which Pappas has represented since 2019.
But while she's likely benefited from name recognition in her bid for New Hampshire's 1st District, Stefany Shaheen has not been afraid to separate herself from the longtime senator and former New Hampshire governor.
A healthcare advocate and entrepreneur, the younger Shaheen focused her campaign on the issue and publicly broke with her mother when the senator last year voted in support of a deal to end the government shutdown without the extension of Affordable Care Act subsidies.
""Improving health care has been the cause of my life. It's why I am running for Congress. So I cannot support this deal when Speaker Johnson refuses to even allow a vote to extend health care tax credits,"" she said in a statement at the time.
DiLorenzo is a first-time candidate endorsed by Trump. He leaned heavily on his experience in the private sector as a real estate developer and auto dealer during the GOP primary, funneling more than $1.7 million of his own money into his campaign.
The longtime GOP donor was also bolstered by support from key members of Republican House leadership as they look to flip the 1st District and expand their razor-thin majority in the chamber.
This story has been updated with additional projections."
3a50c3b13fe7,eua,CNN,2026-09-11T02:23:17Z,https://www.cnn.com/2026/09/10/politics/fact-check-republican-midterm-convention-night-2,Fact-checking night 2 of the GOP midterm convention | CNN Politics,en,False,0,3154,3135,False,"President Donald Trump delivered another rapid-fire series of false claims on the second night of Republicans' midterm convention on Thursday. Health Secretary Robert F. Kennedy Jr. did his own barrage of wrongness. And various other speakers uttered statements that were untrue, misleading or missing critical context.
Here is a fact check of some of the assertions from the final day of the convention. This is not intended as a comprehensive list of Thursday's falsehoods.
Trump's many false claims
Trump made numerous false claims, some of which he also made in his longer speech Wednesday.
Trump claimed that there were ""no empty seats"" in the Dallas arena as he spoke Thursday, which was visibly untrue. CNN White House correspondent Alayna Treene, who was there, wrote in a live chat right after Trump made the claim that ""I'm looking at rows of empty seats"" and that ""the idea that there are 'no empty seats' is just laughably untrue,"" though she also said the room was mostly full. Trump has for years made false claims about supposedly never having had an empty seat.
Trump further inflated one of his favorite fictional figures, claiming Thursday that ""$22 trillion"" in investment has come into the US; on Wednesday, he had put it at ""over $20 trillion,"" and even that lower figure has no apparent basis in reality. As of the time he spoke Thursday, the White House's own website claimed there had been ""$11.2 trillion"" in ""major investment announcements"" this term, not ""over $20 trillion,"" and the White House figure was itself a major exaggeration of actual investment.
Trump, talking about elections, lied that ""there's never been bigger cheaters"" than Democrats; there is no basis for broadly describing Democrats as election cheaters. For the second straight night, Trump falsely claimed that the Biden administration allowed ""25 million people"" to pour into the country, though that number is nowhere close to correct. Trump again falsely claimed that former President Joe Biden and other Democrats ""created the worst inflation in American history,"" though even peak Biden-era inflation, 9.1% in <DATE>, was far from the all-time record of 23.7%; it was a 40-year high, but the rate then fell sharply before Trump returned to office.
Trump also baselessly claimed that Democrats would ""defund the police"" and give ""voting rights and welfare to 25 million illegal aliens"" if they won the midterms. Republicans will still control the White House in 2027 and 2028 and the president would be in position to veto any such changes if a Democratic-controlled Congress sought to make them, but there is no indication that Democrats want to do so. Also, even groups favoring strict immigration policies estimate that the total undocumented population is far less than ""25 million"" or even 20 million.
As he did Wednesday, Trump claimed the US now has the world's lowest prescription drug prices. The assertion is so broad that it is unclear what exactly Trump is referencing. But experts told CNN they highly doubt that the prices for brand-name drugs in the US are generally less than they are in other countries, and the Trump administration has not provided details to prove the claim.
""It's tough to claim that you're getting the lowest prices anywhere in the world and then also not have any evidence to support that,"" said Andrew Mulcahy, a senior health economist at RAND, while Diederik Stadig, senior healthcare economist at financial institution ING, said, ""To say that the US now has the lowest drug prices in the world is at this moment not true.""
And as he did Wednesday, Trump said ""more Americans are working today than ever before"" - which is true but nearly meaningless, since the number of people working in the US generally rises over time simply because the population rises over time.
""There are more Americans working because there are more Americans. That's the entire analysis,"" Justin Wolfers, a University of Michigan professor of public policy and economics, wrote in his newsletter in August.
RFK Jr.'s false claims on the pandemic, Trump's record and more
False claim about Democrats and the 2024 election
Kennedy unsuccessfully ran for the 2024 Democratic presidential nomination before withdrawing to run as an independent and then eventually endorsing Republican candidate Donald Trump. In Kennedy's Thursday convention speech, he complained of how the Democrats handled the nomination race.
At one point, he said, ""For the first time in history, they cancelled their own convention. No voter ever cast a primary ballot for Kamala Harris, no elected delegate was ever consulted; the party of 'No Kings' simply anointed a queen.""
Kennedy is entitled to express unhappiness about how quickly Democratic leaders coalesced around then-Vice President Harris after Biden unexpectedly dropped out of the race in <DATE>, after the primaries were over and less than four months from Election Day. But it's not true that the party canceled its convention or that delegates didn't get any say.
The convention was held; it was a four-day event in Chicago in <DATE>. Democratic convention delegates officially nominated Harris in a virtual roll call vote in advance of the convention. It's true that Harris was the only candidate on the roll call ballot, but that's because she was the only candidate who gathered enough delegate signatures to appear on the ballot.
It's clear that party elites' backing of Harris played a key role in the unusual nomination process. But Kennedy's specific allegations that the convention was abandoned and delegates were cut out of the process are not true.
False claim that Democrats closed 'every church' during the Covid-19 pandemic
While attacking Democrats, Kennedy claimed that, during the Covid-19 pandemic, ""They closed every church in our country for a year.""
It's not true that every church in the country was closed for a year, nor even that every church in a Democratic state was closed for a year.
Every state issued some type of guidance or order about social distancing during the Covid-19 pandemic, but many states - including some led by Democrats and some led by Republicans - incorporated religious exemptions into those limitations on social interactions.
According to a Pew Research Center analysis from <DATE>, 15 states allowed religious gatherings to continue without a limit on their size. That set of states included Colorado, Michigan and Pennsylvania, which all had Democratic governors. And at least two states with Republican governors, Alaska and Idaho, were among the states that prohibited religious gatherings at least briefly.
False claim that Trump 'ended nine wars'
Trump has repeatedly claimed that he has ended ""eight wars."" Kennedy went one higher on Thursday, declaring, ""President Trump has ended nine wars.""
That's false. Trump hasn't even ended eight wars.
Trump's list of eight includes two situations that were never actually wars during his tenure: a diplomatic dispute between Egypt and Ethiopia and a mysterious supposed situation between Serbia and Kosovo. The list also includes a war, involving Rwanda and the Democratic Republic of Congo, that hasn't actually ended despite a peace agreement brokered by the Trump administration.
In addition, the list includes the war between Israel and Hamas, but Israel continues to conduct frequent attacks in Gaza despite a US-brokered ceasefire agreement. And it includes the brief 2025 conflict between Israel and Iran, though Israel proceeded to join the US in starting another war against Iran in 2026.
Claim about reversing a decline in longevity
Kennedy speaking of the Trump administration, claimed Thursday: ""We have now reversed a 30-year decline in longevity. ""
Kennedy referenced preliminary data that he said he had received from the US Centers for Disease Control and Prevention this week, but it's unclear what metric of longevity he's referring to.
CDC data shows that US life expectancy had been steadily increasing for decades before a sharp drop during the Covid-19 pandemic. Life expectancy had already started to rebound in 2022, under the Biden administration, and reached a new record high in 2024 before Trump's second term began.
Preliminary data shared by the CDC in July suggests that life expectancy probably hit another record high in 2025.
CNN has reached out to HHS for clarification on Kennedy's comments.
Claim that Democrats 'lost 360,000 children'
Speaking about Democrats, Kennedy said: ""They somehow lost 360,000 children and they turned our federal government into the biggest child trafficking operation in world history.""
Trump and other Republicans have made similar claims. But there's no basis for the assertion that Democrats ""lost"" so many children or that the federal government was engaged in human trafficking.
A 2024 report from the inspector general for the Department of Homeland Security said Immigration and Customs Enforcement had reported that more than 32,000 unaccompanied migrant children failed to appear as scheduled for immigration court hearings after being released or transferred out of custody between fiscal years 2019 and 2023 - a period that, notably, includes two years and four months under the first Trump administration. The report also said that 291,000 unaccompanied migrant children during this period were not given notices to appear in court.
The report said that ICE had ""no assurances"" these children ""are safe from trafficking, exploitation, or forced labor."" But it did not say all the children were actually ""lost"" and did not definitively assert that any of them were trafficked - let alone that the government was somehow involved in a trafficking operation. And, again, the report spanned parts of both a Republican administration and a Democratic administration.
Aaron Reichlin-Melnick, senior fellow at the American Immigration Council, told CNN in 2024: ""Long story short, no, there are not 320,000 kids missing. 32,000 kids missed court. That doesn't mean they're missing, it means they missed court (either because their sponsor didn't bring them or they are teenagers who didn't want to show up). The remaining 291,000 cases mentioned by the (Office of the Inspector General) are cases where ICE hasn't filed the paperwork to start their immigration court cases.""
Vance on inflation, crime and taxes on Social Security
A false claim about the media and Biden-era inflation
Vice President JD Vance mocked the media during part of his speech on Thursday. But he made a false claim about Biden-era inflation while lampooning how the media supposedly challenged him over another false claim on that subject.
Vance said: ""The president and I would go during a campaign, we'd say, 'You know, inflation is as high as it's been in 100 years,' and the fake news would say, 'No, no, no, it's as high as it's been in 68 years.' That ain't good, ladies and gentlemen.""
Mainstream journalists, at least, wouldn't say that inflation under Biden was as high as it had been ""in 68 years."" Rather, CNN and others noted that peak inflation under the Biden administration, 9.1% in <DATE>, was the highest in about 40 years.
Vance is entitled to make his general point that this correction still doesn't make Biden-era inflation sound good, but his specific number was, again, wrong. And he didn't acknowledge that inflation fell sharply under Biden after hitting the 40-year high, declining to 2.9% in Biden's last full month in office, <DATE>, and 3.0% in <DATE>, when Trump and Vance were inaugurated.
The rate was 3.4% in <DATE>, the most recent month for which data is available.
Trump didn't end taxes on Social Security
Vance claimed, ""We've ended taxes on Social Security."" Several other convention speakers, including Rep. Lisa McClain of Michigan, Rep. Ryan Mackenzie of Pennsylvania and Ohio House candidate Derek Merrin, similarly said the administration has achieved ""no tax on Social Security.""
It hasn't. The big domestic policy bill Trump signed in 2025 did create an additional, temporary $6,000-per-year tax deduction for individuals age 65 and older (which phases out for individuals earning $75,000 per year or more), but as the White House has implicitly acknowledged, millions of Social Security recipients will continue to pay taxes on their benefits even before the temporary new deduction expires after 2028.
The Social Security Administration said in 2025 that ""the bill ensures that nearly 90% of Social Security beneficiaries will no longer pay federal income taxes on their benefits.
Claim about violent crime rate under Biden
While criticizing the Biden administration, Vance claimed Thursday that the US ""became a country where violent crime exploded, unless, of course, you could afford private security.""
But violent crime did not explode under Biden. In fact, as FactCheck.org reported last month, data collected and published by the FBI shows that the national violent crime rate was at a lower level in 2023 and 2024, the last two full calendar years of Biden's term, than it was in 2020, the last full calendar year of Trump's first term. The year 2020 was highly unusual in many ways - violent crime jumped amid the Covid-19 pandemic - but Biden nonetheless left office with violent crime lower than it was when he took over. In fact, the 2024 violent crime rate was even lower than the 2019 rate under Trump before the pandemic.
There was an increase in violent crime during the earlier part of Biden's term. But given the subsequent decline, it's misleading at best to claim violent crime ""exploded"" with no further context.
Asked earlier this month about Trump's similar previous claims to have reversed a Biden-era upswing in violence, crime data expert Jeff Asher said in an email: ""No, crime began dropping significantly in 2023 during the Biden administration. Murder fell at record rates in 2023, 2024 and 2025 and, while 2026 may not feature a record decline nationally, it is still on track to see a sizable double-digit decline this year. Violent crime similarly fell nationally in 2023 and 2024, though the drops were more muted than the decline that was recorded by the FBI in 2025.""
Other GOP speakers
Mike Johnson's false claim about the inflation Republicans inherited from Biden
Some other speakers at the convention took aim at inflation under Biden. House Speaker Mike Johnson claimed that ""Republicans inherited from the Biden administration record-high inflation.""
That's not true. The inflation rate was 2.9% in Biden's last full month in office, <DATE>, and 3.0% in <DATE>, when Trump took over. That's lower than the most recent rate, 3.4% in <DATE>, and nowhere close to the all-time record of 23.7%, which was reached in 1920, or the highest point of Jimmy Carter's presidency, 14.8%, which was reached in 1980.
Johnson correctly said moments later that inflation reached ""a 40-year high of 9.1% inflation"" under Biden. But a 40-year high is not an all-time record. More importantly, Johnson didn't explain that 9.1% was much higher than the rate Trump inherited or that the 9.1% rate occurred in <DATE>, with roughly two-and-a-half years left in Biden's term.
The cumulative increase in prices from the beginning of the Biden administration to the end was also not the highest in US history. Federal figures show that beginning-to-end inflation under Biden was less than half of that during Carter's term.
What Johnson left out of his claim about a congressional resolution
While attacking Democrats as extreme, Johnson said: ""Just last week, nearly every Democrat in the House of Representatives voted against condemning socialism and Marxism. They voted against it.""
But the resolution didn't use the word ""Marxism."" And Johnson didn't mention that the resolution wasn't only about condemning socialism. Rather, it contained other language that Democratic leadership said was the focus of the party's opposition to the resolution.
The resolution's first provision said it ""condemns and denounces socialism in all its forms, including the Democratic Socialists of America, and opposes the implementation of socialist policies in the United States."" But its fifth provision said it ""calls for enactment of the SAVE America Act,"" Trump's favored elections bill, which contains various provisions opposed by many Democrats.
So while it's very possible many Democrats would have opposed the resolution even without its expression of support for the SAVE America Act, the call to pass this elections bill served as a poison pill that ensured most Democrats wouldn't support it.
""House Resolution 1490 explicitly calls for enactment of the so-called SAVE America Act, which is the top legislative priority of far-right extremists,"" Democratic House leader Hakeem Jeffries said in a statement last week.
A New Mexico candidate left out key context in an attack on his opponent
Greg Cunningham, a Republican House candidate in New Mexico, used some of his Thursday speech to criticize his Democratic opponent, Rep. Gabe Vasquez. Cunningham said of Vasquez: ""He even voted against a resolution honoring the sacrifices and service of the brave men and women in law enforcement who protect, every day, our communities.""
But Cunningham left out important context about the resolution. While its focus was expressing support for law enforcement, its preamble contained statements praising the Trump administration and criticizing ""leftist activists,"" ""progressive politicians"" and ""sanctuary city policies"" for allegedly making law enforcement less safe.
In other words, a House member might vote against such a resolution, as the vast majority of Democrats did, because they disagreed with conservative components of it, not the general expressions of support for law enforcement. (Vasquez's office said in a Friday email that ""honoring our police should never be partisan"" and that his record shows he supports law enforcement.) It's common for parties to write resolutions in a way that would make it difficult for opponents to support but would open those opponents to campaign attacks if they voted ""no.""
An Ohio candidate's misleading attack about Democrats and voting
Merrin, the Republican candidate running against Democratic Rep. Marcy Kaptur for a House seat in Ohio, claimed in his speech, ""While Democrats talk about letting illegal immigrants vote in our election, Republicans fight for proof of citizenship, photo ID and fair elections.""
It's a big country, so it's possible some Democrat somewhere is talking about letting undocumented people vote in some election. But Merrin's claim is misleading at best. There is no proposal from Democrats in Congress to let undocumented people vote in the 2026 midterms - the election Merrin appeared to be referring to when he said ""our election"" - or vote in future federal elections.
CNN has reached out to Merrin's campaign for an explanation of his claim.
House Majority Leader Steve Scalise invoked a similar theme in his speech Wednesday, claiming that Democrats had voted last week ""to allow illegals to vote in our federal elections."" But there was no congressional vote on letting undocumented immigrants vote in any elections.
Rather, there was a vote on the non-binding Republican resolution that included multiple provisions, including one that ""reiterates the notion that American elections are for American citizens only,"" one supporting Trump's favored elections bill and one denouncing socialism.
Opposing that multi-clause resolution doesn't necessarily mean someone supports voting by any non-citizens, let alone non-citizens in the country illegally.
This article has been updated with additional items."
0764bee7dee2,oriente_medio,Jerusalem Post,2026-09-23T17:58:36Z,https://www.jpost.com/israel-news/article-909470,Son of ambassador seriously wounded in terror attack...,en,False,0,1065,1059,False,"IDF reservist Neria Leiter, an American citizen and son of Ambassador to the US Yechiel Leiter, was seriously wounded in a car-ramming terrorist attack at Bell checkpoint on Route 443 on Wednesday.
In 2023, one of Leiter's other sons, Maj. (res.) Moshe Yedidya, was killed in Gaza. He was a company commander in the 551st Brigade's 697th Battalion.
Neria Leiter is currently in serious condition and is being treated at Shaare Zedek Medical Center in Jerusalem. In a Wednesday night statement, the hospital announced that Neria had undergone a multi-hour brain surgery, alongside other treatments, and that ""his condition remains very serious, and his life is in danger.""
Prime Minister Benjamin Netanyahu visited Neria Leiter's family at the hospital before leaving for the United Nations General Assembly (UNGA). At the same time, Yechiel Leiter is returning to Israel from the United States. He will not join Netanyahu at the UNGA on Thursday.
""I am grateful to the IDF, to the medical team at Shaare Zedek who are now fighting to save the life of Neria Dov ben Chana, and for the prayers of the people of Israel,"" Leiter wrote on X/Twitter on Wednesday. ""I believe in the power of prayer, and I believe that when the people of Israel unite, miracles happen. Neria needs a miracle.""
""Neria continued to serve in the reserves after losing his older brother, Moshe Yedidya Leiter, of blessed memory. Since October 7, he has served hundreds of days in the reserves on multiple fronts.
""Palestinian terrorism seeks to uproot the people of Israel from their land. They choose death - we choose life,"" Leiter said.
In a post on X, Netanyahu said he and his wife, Sara, ""together with all the people of Israel, are praying for a miracle. Yechiel, my dear, we are all with you.""
US Ambassador to Israel Mike Huckabee said that he is standing with Leiter and his family.
""Pray for Yechiel Leiter & entire family. They lost a son in Gaza, killed by Hamas. Now a Palestinian terrorist attempts to murder IDF soldiers at a checkpoint. Standing w/ Yechiel Leiter,"" Huckabee wrote on X.
Yechiel, my dear friend, my heart is with you, Chana, and your entire family,"" Israel's Ambassador to the UN, Danny Danon, shared on X. ""All of Israel is praying for your son, Neria Dov ben Chana, who was critically wounded in today's heinous terrorist attack. May God heal him and give your family strength.""
Defense Minister Israel Katz sent his support to Leiter's family and prayers for Neria's speedy recovery.
""Yechiel, I stand with you and your family, and I pray alongside the entire nation of Israel for your son's recovery,"" Katz said. ""I commend the heroic fighters who eliminated the terrorist. To the soldiers of the IDF and the security forces: I believe in you and trust you; we will not allow terror to rear its head.""
""Yechiel, you are a warrior, and your sons are warriors,"" wrote Foreign Minister Gideon Sa'ar on X. ""My heart and prayers are with you.""
President Isaac Herzog also offered a ""prayer for the complete and speedy recovery of Neria Leiter, a reservist soldier who was run over today in a heinous terror attack at the Maccabim checkpoint.""
""Neria Leiter is the brother of Major Moshe Leiter, of blessed memory, a hero of Israel who fell at the beginning of the Swords of Iron War in Gaza,"" Herzog wrote in an evening statement. ""We send our wishes for a complete recovery to Neria, and strength to his wife and to his parents, Hannah and Yechiel Leiter, Israel's Ambassador to the United States.""
""Neria is fighting for his life at this very hour, and we will pray for his recovery. We all stand with this dear family and send them our strength.""
Police Commissioner Daniel Levi, National Security Minister Itamar Ben-Gvir, Finance Minister Bezalel Smotrich, Economy and Industry Minister Nir Barkat, and Ofir Akunis, Israel's consul general in New York, also offered Leiter their support.
""We join all the residents of Samaria in praying for the victim's recovery and offer our support to his family during this difficult time,"" Samaria Regional Council head Yossi Dagan said. ""The Council will assist the victim's family, and together with the community, we will embrace and support them in every way possible. The entire nation of Israel is united in prayer for his recovery.""
""We must respond to murderous terrorism with a firm hand and restore deterrence. We send our support to the security forces on the front lines who are protecting the citizens of Israel.""
IDF troops kill 29-year-old terrorist
The terrorist was killed by IDF troops who were at the scene as he attempted to flee. He has been identified as Muhammad Mahmoud Suleiman, 29, a resident of Beit Ur al-Tahta.
According to KAN News, Suleiman was very familiar with the area and carried out the attack on his own using a stolen Israeli license plate taken from a car that had been taken off the road several months ago.
He is not known for prior security-related offenses, had not applied for a work permit within Israel, and was not supposed to be inside the Green Line, KAN reported, citing security officials.
IDF and Shin Bet (Israel Security Agency) have reportedly questioned Suleiman's family members as part of the ongoing investigation into the attack.
Israel Police stated that the terrorist had hit a police patrol vehicle belonging to the Judea and Samaria District. An officer and a soldier were inside the vehicle as part of a joint operation.
""United Hatzalah's dispatch center sent us to the scene of a vehicular ramming attack near Bell checkpoint,"" United Hatzalah paramedics Itzik Kara and Netanel Cohen said. ""Assisted by IDF medical teams, we provided initial medical treatment at the scene, including respiratory support, the administration of life-saving medication, bandaging, and splinting to a man who was subsequently transported to the hospital in serious condition.""
Palestinian shot after reported car-ramming attack attempt near Hebron
Earlier on Wednesday, two Palestinians reportedly attempted to run over the owner of a farm in the Hebron Hills.
The farm owner began shooting at them in accordance with the ""suspect arrest procedure,"" wounding one of the individuals in the leg, according to reports.
IDF troops were deployed to the area, N12 News reported, adding that the incident is under review."
ebacd8e600ca,oriente_medio,Jerusalem Post,2026-09-16T14:55:36Z,https://www.jpost.com/israel-news/article-908791,Netanyahu's New York UN visit sees unusual Secret Service security involvement...,en,False,0,347,345,False,"Unusual involvement by the US Secret Service has been evident in preparations for Prime Minister Benjamin Netanyahu's visit to the UN General Assembly in New York, a diplomatic source told The Jerusalem Post on Wednesday.
The source, familiar with the details, also confirmed that Netanyahu will land at Newark Airport in New Jersey, closer to Manhattan than JFK Airport in Queens, where the prime minister's plane usually parks.
The source denied that the decision could be connected to New York Mayor Zohran Mamdani or to concerns over a possible provocation. He clarified that the matter stems from discussions with the airport over where the plane will be parked during the current visit and how it will be secured.
Netanyahu is expected to land in New York on Wednesday, <DATE>, and address the UN at 9 p.m. Israel time, and return to Israel before Sukkot, on <DATE>.
Netanyahu prepares to depart for UNGA after NYC Mayor Mamdani admits he cannot arrest him
According to the source, a preparatory delegation from the Prime Minister's Office and the VIP security unit arrived on Tuesday night to finalize details of the visit.
Last month, sources in the New York Police Department estimated that more than 60 police officers and detectives could be involved in the direct and perimeter security arrangements surrounding Netanyahu, alongside federal, diplomatic, and Israeli security personnel.
Mamdani has previously addressed the possibility of Netanyahu traveling to New York for the UN General Assembly after pledging during his election campaign to order the prime minister's arrest in accordance with a warrant issued against him by the International Criminal Court.
""I believe Netanyahu belongs in The Hague,"" Mamdani said. ""He is a war criminal who has been charged by the International Criminal Court.""
""This is a view that many people hold, simply because of the consequences of his actions in recent years,"" he added.
The NYC mayor then said that it was clear that ""we do not have the independent legal authority to enforce this warrant.""
Still, he asserted that Netanyahu ""is not welcome in New York City."""
5b8f68cc39bf,oriente_medio,Jerusalem Post,2026-09-28T12:26:25Z,https://www.jpost.com/business-and-innovation/article-909975,"Air India set to resume near-daily flights between Tel Aviv, Delhi starting December",en,False,0,197,183,False,"Air India is set to return to Israel, with five direct flights a week between Delhi and Tel Aviv planned to begin on <DATE>, N12 News reported.
According to the report, the Indian flag carrier most recently resumed flights in <DATE> following an intermittent hiatus amid the Gaza war after the October 7 massacre, but then stopped flights again in <DATE> shortly after a Houthi ballistic missile impacted Ben-Gurion Airport.
The report noted that the airline also briefly resumed flights in <DATE>, stopped them in <DATE>, resumed in <DATE>, then stopped again in <DATE>.
As the only carrier operating directly between the two countries, Air India's return will reopen possibilities for Israeli and Indian travelers, who have had to rely on layover flights during its absence.
Air India to join Delta, United in Ben-Gurion's list of foreign long-haul carriers
Once flights resume, the company will join Ben-Gurion Airport's list of foreign long-haul carriers, which currently includes US carriers Delta Air Lines and United Airlines.
Delta resumed its JFK-Tel Aviv route on <DATE>, while United resumed its similar Newark-Tel Aviv route two days later."
8d47f95e162e,oriente_medio,Jerusalem Post,2026-09-28T08:25:38Z,https://www.jpost.com/business-and-innovation/all-news/article-909936,Jerusalem builds new NIS 5 million medical helipad,en,False,0,548,547,False,"A new helipad designated for medical evacuation helicopters was established at the Herzog Medical Center complex in Jerusalem with an investment of approximately NIS 5 million. The helipad, built by the Hatzolah Air organization, spans an area of about 5 dunams and is intended, among other uses, for operating a Sikorsky S-76 medevac helicopter.
Alongside the helipad, the organization's Jerusalem operations center is being built, which includes infrastructure for operational activity, command, and coordination, as well as facilities for the crews. The goal is to create a base combining a helicopter, ground infrastructure, and professional teams in the Jerusalem area.
According to the organization, the base will also be able to serve the Beit Shemesh and Lachish regions, the Jordan Valley, the Dead Sea, Judea and Samaria, and other areas, subject to the required approvals and coordination.
A new base for rapid medical evacuation
The helipad will be operated by flight crews, medical personnel, and ground and operational teams in cooperation with MDA, Brook Aviation, Herzog Medical Center, Hadassah-University Medical Center, and other entities. The investment in establishing the complex, which includes infrastructure, buildings, equipment, and operational readiness, totaled approximately NIS 5 million and was made with the assistance of donors, including David and Judy Hager.
Hatzolah Air is a non-profit organization established in the United States in 2018 by American-Jewish philanthropist Eli Rowe. The organization engages in medical flights, patient transfers to care centers, and rescue missions. According to its account, it has carried out more than 1,800 missions in more than 24 countries since its inception.
The organization's international flight operations are based on a fleet of medical jets, including a Gulfstream G550, two Citation X aircraft, and a Citation CJ3 aircraft. Among other operations, the organization participated in the rescue and medical evacuation of casualties from Ukraine following the outbreak of the war in 2022. On October 7, and during the war, helicopters from the joint fleet of Hatzolah Air and MDA participated in evacuating the wounded from the Gaza border region.
Eli Rowe, president of Hatzolah Air, said: ""Our vision is to bring medical assistance to anyone in need, even when distance makes the path to treatment complex. Over the years at Hatzolah Air, we have built the capacity to reach patients around the world; now we are also investing in building local capacity in Israel. The Jerusalem base, together with MDA and our partners, will allow us to gradually expand the scope of operations and reach more people at moments when rapid, professional medical evacuation can make all the difference.""
Dr. Aaron Adler, director and medical director of Hatzolah Air, said: ""I worked for many years in emergency medicine in Jerusalem and the surrounding area, and I am familiar with cases where the distance between the scene of the event and the hospital is part of the medical challenge. The 'Heart of the Country' helicopter is designed to give us an additional option in the right cases: severe trauma victims, patients suffering a cardiac event or stroke, and cases requiring urgent transfer for advanced care. Not every patient needs a helicopter; but when airborne evacuation is appropriate, we want this capability to be available to residents of Jerusalem and the surrounding region as well, in full cooperation with MDA and the hospitals."""
097cf5bbe6a8,asia_oriental,Straits Times,2026-09-07T02:15:18Z,https://www.straitstimes.com/life/entertainment/us-actress-susan-sarandon-says-she-still-loses-movie-roles-over-support-for-palestinians,US actress Susan Sarandon says she still loses movie roles over support for Palestinians,en,False,0,543,541,False,"US actress Susan Sarandon says she still loses movie roles over support for Palestinians
- Susan Sarandon says she still loses movie roles due to her outspoken support for Palestinians despite shifting US public opinion.
- She was dropped by her talent agency after pro-Palestinian remarks and faces hiring resistance from major studios.
- Sarandon promotes her film The Echo Chamber at Venice Film Festival amid calls to raise the Palestinian flag there.
AI generated
VENICE - Oscar-winning actress Susan Sarandon said on <DATE> that she was still losing work because of her outspoken support for Palestinians, despite what she described as a broader shift in public opinion against US support for Israel.
Speaking at the Venice Film Festival, where she is promoting her latest movie, The Echo Chamber, Sarandon said some in the film industry continued to shun her for her activism.
""I think that the narrative has completely changed in terms of the historical relevance of Palestine and the ties of Zionists with America and our politics,"" she said.
""That has been a major revelation for people, how much money the United States gives to Israel; nobody really understood that.""
Recent US opinion polls have shown support for Israel softening and sympathy for Palestinians rising since the start of the Gaza war in 2023.
But the 79-year-old American actress said her support for the Palestinian cause continued to carry professional consequences.
""I've still had movies taken away recently because there are agencies that are telling people not to hire me still,"" she told reporters.
""But that's the power structure. I think (among) people, certainly internationally, I feel welcome.""
Flag row at Venice
A Best Actress Academy Award winner for Dead Man Walking (1995), Sarandon rose to prominence in films such as The Rocky Horror Picture Show (1975), Bull Durham (1988) and Thelma & Louise (1991).
She was dropped by her long-time talent agency UTA in 2023, following remarks she made while attending pro-Palestinian rallies shortly after the Hamas attack on Israel that triggered the war in Gaza.
The conflict has spilt over into the Venice Film Festival 2026, with activists calling on organisers to raise the Palestinian flag in recognition of Palestinian directors screening at the event.
The festival's artistic director, Alberto Barbera, has said this is impossible because Italy does not formally recognise the state of Palestine, but he has pointed to several films being screened on the Lido that show the struggle of ordinary Palestinians.
Sarandon said resistance to hiring outspoken critics of Israel remained particularly strong among major studios. ""If it is a major studio, I think it's not just with me but with other people who have been told that it is impossible,"" she said, thanking Andrea Pallaoro, the Italian director of The Echo Chamber, for casting her.
""I found my family, I found my people, and I'm okay,"" she added, sparking prolonged applause at the news conference.
In her latest film, adapted from the final screenplay by the late Italian film-maker Bernardo Bertolucci, Sarandon plays an ageing singer who hires a music producer recovering from drug addiction to work on a comeback album.
The Echo Chamber is one of 21 films competing for Venice's Golden Lion award, which will be presented on <DATE>. REUTERS"
d86d33922e14,asia_oriental,Channel News Asia,2026-09-28T19:05:40Z,https://www.channelnewsasia.com/world/israel-army-south-lebanon-explosion-6416566,Lebanon says Israeli army set off large explosion in south,en,False,0,412,411,False,"Lebanon says Israeli army set off large explosion in south
Lebanese authorities accused Israel of carrying out explosions in villages in southern Lebanon, while Israel said its forces had destroyed ""more than 600 terrorist infrastructure sites.""
TYRE: The Israeli military set off a significant explosion in the southern Lebanese village of Mansouri on Monday (<DATE>), Lebanese state media and AFP correspondents said as Israel said it had completed an operation in the area.
""A massive explosion rocked the town of Mansouri in the Tyre district a short while ago. The explosion was carried out by Israeli occupation forces,"" Lebanon's state-run National News Agency reported.
""The sound of the explosions was heard in the city of Tyre and several surrounding villages,"" the NNA added.
AFP correspondents saw large clouds of smoke emerge from the largely destroyed town after the loud explosion was heard.
The Israeli military said in a statement that it had completed an operation in Mansouri where it dismantled ""more than 600 terrorist infrastructure sites"" and ""eight underground routes"".
Lebanese authorities accuse Israel of systematically destroying villages in the south, including homes, schools, places of worship and water and electricity infrastructure.
The town of Mansouri, located around nine kilometres (six miles) south of Tyre and 10 kilometres north of Israel, and its surroundings were subjected to several Israeli strikes and to artillery shelling in recent weeks despite a ceasefire that took hold in June.
During the truce, Mansouri's municipality had told residents they could return home but that they should avoid the parts that came under Israel's self-proclaimed ""security zone"".
But last month, the Israeli military had ordered Mansouri's residents to evacuate the town before fully occupying it.
It has since regularly carried out demolitions and detonations in the town, which residents in the Tyre region can clearly see, according to correspondents.
Tehran-backed Hezbollah drew Lebanon into the Middle East war in March this year by attacking Israel to avenge the killing of Iran's supreme leader in US-Israeli strikes.
Israel responded with massive airstrikes and a ground invasion that Lebanon says have killed more than 4,300 people.
Violence has decreased since a fragile ceasefire announced in June after a US-Iran understanding on the broader war, while Lebanon and Israel reached a framework agreement later that month.
But Israel has kept up attacks and maintains troops in a self-declared ""security zone"" running around 10 kilometres (six miles) inside south Lebanon, where it has carried out widespread demolitions in villages it occupies."
315ffa4ded7e,asia_oriental,Channel News Asia,2026-09-07T11:35:00Z,https://www.channelnewsasia.com/world/israel-lebanon-hezbollah-strikes-truce-violations-6367371,"Israel strikes Lebanon, accuses Hezbollah of truce violations",en,False,0,737,735,False,"Lebanon says Israel conducts wave of deadly strikes
The strikes overnight killed 11 people in a south Lebanon village, including two infants, Lebanon's official National News Agency (NNA) said, a day after separate raids left seven dead.
KFAR RUMMAN: Israel conducted a wave of airstrikes in south Lebanon killing 12 people including women and children, the Lebanese health ministry said on Monday (<DATE>), in an intensification of violence after a weeks-long lull.
Israel's military vowed to continue targeting Hezbollah, accusing the Iran-backed militants of repeated violations of a ceasefire in place since June.
Hezbollah has not commented on the threat, or on the escalation in strikes seen in recent days.
Israel hit swathes of south Lebanon, long a stronghold of Hezbollah, hard during the Middle East war that erupted with joint US-Israeli strikes on Iran, and its forces continue to occupy what it calls a ""security zone"".
One of the overnight strikes hit a building in the town of Kfar Rumman, killing 11 people, including two children and four women.
Another attack in the same town killed a rescuer and wounded another, according to the Lebanese health ministry.
Israel has been intensifying strikes in the southern Nabatieh area after saying on Thursday that it had seized the strategic Ali al-Taher ridge from Hezbollah, a claim the Iran-backed group has not commented on.
The Israeli military in a statement said it had struck Hezbollah ""infrastructure sites"" across southern Lebanon after the launch of two explosive drones towards its troops, as well as ""several terrorists"" it said were transferring weapons.
The army said it ""will continue to operate to remove threats while remaining committed to the ceasefire agreement"".
SCHOOL BOOKS IN THE RUBBLE
Fighting in Lebanon, which erupted in March after Hezbollah targeted Israel in support of Iran, had decreased since a June memorandum of understanding between Washington and Tehran on the wider Middle East war and an Israel-Lebanon framework agreement later that month.
On Monday, Israel's foreign ministry accused Hezbollah of ""repeated drone attacks"" and ""attempting to rebuild its military capabilities in southern Lebanon"".
The ministry said Hezbollah had violated the ceasefire agreement between Lebanon and Israel that includes disarmament of the group.
The rescuer who was killed was just 18 years old, according to his civil defence organisation which is affiliated with the Amal movement, a political ally of Hezbollah.
An AFP photographer saw the building that was hit in Kfar Rumman had been destroyed, with school books and remnants of furniture strewn across the rubble.
Rescue teams were searching the debris on Monday morning for other victims.
Villagers had returned home following the June truce after being displaced by the war.
""Since we returned here, we've lived in fear,"" Fouad Chakaron told AFP.
He insisted the targeted building was inhabited by ""peaceful people with no connection to anyone"".
Neighbours fled after the strike, which also damaged nearby buildings, AFP's photographer said.
The NNA later reported additional strikes on the Nabatieh area, and controlled detonations of unexploded munitions in at least two parts of the south.
""I COULDN'T BELIEVE IT""
Israel issued no warning to Kfar Rumman before the strikes but released an evacuation order ahead of a separate attack in nearby Deir Zahrani.
The Israeli military said in an Arabic-language message that it was targeting a ""Hezbollah terrorist facility"", warning that those who remained in the area were at risk.
""They called me at 2am and told me to get out of the house because it is being targeted,"" resident Abbas Toufeili told AFP, referring to the Israeli army.
""I said that's impossible, why is my house being targeted? There's nothing in it. I couldn't believe it.""
He said he took his wife, children and elderly mother outside in their pyjamas and they stood on the street watching their house be destroyed.
On Sunday, Israeli strikes killed seven people. Attacks on Friday killed four.
The Israeli army has said it is responding to Hezbollah's launch of two drones towards its soldiers inside Lebanon, but did not specify whether any of its troops were wounded.
Hezbollah has not claimed any attack since <DATE>.
Israeli airstrikes and a ground invasion of Lebanon have killed more than 4,300 people since March, Beirut says.
Israeli forces are operating inside a self-declared ""security zone"" around 10km deep inside Lebanon along the border.
On Sunday, Lebanese President Joseph Aoun urged Washington and the international community to help stop Israeli attacks."
52cf90d928bb,asia_oriental,Channel News Asia,2026-09-11T10:25:40Z,https://www.channelnewsasia.com/singapore/israel-death-penalty-visit-mha-6378526,MHA refutes claims that the death penalty was discussed during visit by Israel's security ministry,en,False,0,468,465,False,"MHA refutes claims that the death penalty was discussed during visit by Israel's security ministry
The Ministry of Home Affairs says discussions with the Israeli government involved the sharing of best practices in emergency response, crime prevention and forensics. Issues relating to the death penalty ""were never part of the meeting and were not discussed"".
SINGAPORE: The Ministry of Home Affairs (MHA) on Friday (<DATE>) refuted claims by an Israeli media outlet that the death penalty was discussed during a visit by an Israeli delegation in May.
The Haaretz newspaper reported on <DATE> that a delegation comprising representatives from the Israel Prison Service and National Security Ministry made a ""secret visit"" to Singapore that month.
Citing several unnamed sources, the report said the subject of the death penalty had come up, even though it was not part of the visit's agenda.
An MHA spokesperson said the Haaretz correspondent, Mr Josh Breiner, had asked whether such discussions took place.
""He was categorically told that there had been no such discussions and it would be false to suggest otherwise. It is to be regretted that Haaretz and Mr Breiner have nevertheless put out such falsehoods,"" the spokesperson told CNA.
MHA said it had hosted the Israeli delegation for an officials-level meeting that involved sharing of best practices in emergency response, crime prevention and forensics.
""Issues relating to the death penalty were never part of the meeting and were not discussed. Haaretz's suggestion that the death penalty was raised during the meeting is false,"" the spokesperson added.
MHA said it engages with various jurisdictions to facilitate information exchange and operational cooperation in domains such as fire and rescue, and cybercrime.
""This is part of the Singapore government's engagement with a wide range of international counterparts in the conduct of foreign relations, economic cooperation, security dialogue, among others, in pursuit of our national interests,"" the spokesperson said.
Haaretz, Israel's oldest daily newspaper, describes itself as ""one of its most influential media outlets"" with a ""liberal and progressive editorial stance on domestic issues and international affairs""
In the <DATE> article, the Singapore Embassy in Israel had also told Haaretz that the discussions were ""technical in nature"" and covered the same areas cited by MHA. Issues relating to the death penalty were never part of the meeting, the embassy said.
Israel's National Security Ministry said in response to Haaretz that ""representatives of the National Security Ministry delegation and its agencies did not discuss the death penalty with their Singaporean counterparts.""
The Israeli ministry added that it has, in recent years, maintained ""highly productive cooperation"" with Singapore in ""counterterrorism, the fight against serious crime and criminal organisations, the war on drug trafficking, and numerous technological fields"".
In March, Israel passed a law to allow the death penalty for Palestinians convicted of terrorism."
df4af06e813b,asia_oriental,Channel News Asia,2026-09-04T20:41:06Z,https://www.channelnewsasia.com/world/israeli-strike-lebanon-kills-two-6362756,Israeli strike on Lebanon kills two: state media,en,False,0,386,384,False,"Israeli strikes on Lebanon kills at least three
Israeli strikes in southern and eastern Lebanon late on Friday (<DATE>) killed at least three people and injured 23, the Lebanese health ministry said.
BEIRUT: Israeli strikes in southern and eastern Lebanon late on Friday (<DATE>) killed at least three people and injured 23, the Lebanese health ministry said.
The ministry said in a statement that strikes hit five locations in the southern Tyr and Nabatieh regions and the Bekaa region in the east.
It updated an earlier toll given by Lebanese official media which had reported two of the deaths in the south.
The strikes came despite a truce between Israel and the Iran-backed Hezbollah militant group.
Lebanon's state-run National News Agency (NNA) reported the strike hit near the strategic Ali al-Taher ridge, which the Israeli army said it had captured, though Hezbollah did not confirm losing it.
Two young men were targeted while riding a motorcycle in the city of Nabatieh, NNA said, adding that rescuers transported their bodies to a local hospital.
Israel announced on Thursday it had taken control of the ridge. Defence Minister Israel Katz said the military would work to ""prevent the enemy from re-establishing itself in the area"".
Israel stepped up strikes in the Nabatieh region on Friday and also targeted the village of Rmadiyeh in the Tyre area, located more than 10 kilometres from the Israeli border.
The ministry said the third person was killed and 15 others hurt there, including two children, three women and six rescuers.
A rescue service source earlier told AFP that the strike in the village, which is sheltering people displaced from other southern areas, had hit a house.
Israel and Hezbollah have been trading fire since March, when the militant group dragged Lebanon into the wider Middle East war by attacking Israel in support of Iran.
Israel responded with airstrikes and a ground invasion that Lebanon says have killed more than 4,300 people.
The conflict has calmed since a US-Iran memorandum of understanding and a framework agreement between Israel and Lebanon agreed in June, but Beirut still reports Israeli strikes.
Imran Riza, the UN humanitarian coordinator for Lebanon, said on X on Friday that families returning to Nabatieh following the truce ""face widespread destruction, lack of basic services, ongoing insecurity and uncertainty""."
8ef7ca4c16d5,asia_oriental,Channel News Asia,2026-09-23T17:00:04Z,https://www.channelnewsasia.com/world/iran-president-trump-un-us-israel-6405946,President tells Trump that Iran will never 'bend at the knee',en,False,0,955,954,False,"Iranian president says he will not allow Strait of Hormuz to be used as leverage
Iranian President Masoud Pezeshkian accused the US of terrorism and said Iran would not give in to pressure from the US and Israel.
UNITED NATIONS: Iran's president struck a defiant tone at the UN on Wednesday (<DATE>) where he spoke for the first time since Washington and Israel launched an all-out war on his country, vowing Tehran would never ""bend at the knee.""
Masoud Pezeshkian accused Washington of ""terrorism"" for assassinating former supreme leader Ayatollah Ali Khamenei at the start of the conflict, insisting Tehran had never started a war.
On Tuesday, US President Donald Trump had told the UN General Assembly that he was weighing whether to ""annihilate"" Iran but went on to hail renewed talks between Tehran and Washington's negotiators.
Pezeshkian made no reference to the talks to resolve the stalled war in his steely speech.
""(Trump) must know that the resistance of the Iranian people will only increase in the face of sanctions, increased pressure, increased bullying. We will never bow our head or bend at the knee,"" he said.
Pezeshkian insisted Tehran would not allow the Strait of Hormuz, which it has choked off since the start of the war causing global energy prices to spike, to be used as leverage against his country.
""We cannot let some have free access and bolster their interests from the waterway, while at the same time using that waterway to impose their aggression upon us,"" he said.
Pezeshkian's attendance at the UN's signature diplomatic event, in the heart of Manhattan, had been in doubt as it was unclear if the United States would issue a visa.
Ultimately Washington granted the permit, but denied visas to several members of Pezeshkian's entourage.
Soaring fuel prices threaten to cost Trump's Republicans their control of Congress in November's midterms, but the US president has sought to dismiss the domestic impact of the war.
Masoud Pezeshkian accused Washington of ""terrorism"" for assassinating former supreme leader Ayatollah Ali Khamenei at the start of the conflict, insisting Tehran had never started a war.
On Tuesday, US President Donald Trump had told the UN General Assembly that he was weighing whether to ""annihilate"" Iran but went on to hail renewed talks between Tehran and Washington's negotiators.
Pezeshkian made no reference to the talks to resolve the stalled war in his steely speech.
""(Trump) must know that the resistance of the Iranian people will only increase in the face of sanctions, increased pressure, increased bullying. We will never bow our head or bend at the knee,"" he said.
Pezeshkian insisted Tehran would not allow the Strait of Hormuz, which it has choked off since the start of the war causing global energy prices to spike, to be used as leverage against his country.
""We cannot let some have free access and bolster their interests from the waterway, while at the same time using that waterway to impose their aggression upon us,"" he said.
Pezeshkian's attendance at the UN's signature diplomatic event, in the heart of Manhattan, had been in doubt as it was unclear if the United States would issue a visa.
Ultimately Washington granted the permit, but denied visas to several members of Pezeshkian's entourage.
Soaring fuel prices threaten to cost Trump's Republicans their control of Congress in November's midterms, but the US president has sought to dismiss the domestic impact of the war.
AI AND UKRAINE
Also Wednesday, the future of artificial intelligence is expected to dominate the UN gathering of world leaders.
Following weeks of worldwide headlines about risks of uncontrollable AI - and calls for a slowdown - industry leaders are set to brief an emergency meeting of the UN Security Council.
Sam Altman of OpenAI, Dario Amodei of Anthropic and Clement Delangue of Hugging Face will brief the 15-strong Council, the United Nations' top body.
In his speech Tuesday, Trump rejected international regulation of AI, calling such proposals a ""globalist scheme.""
""The very same people who said we'll all be dead in 12 years because of global warming ... are now saying that AI is going to kill us all,"" Trump said.
Besides AI and conflict in the Middle East, Russia's war against Ukraine will again be raised.
The Security Council will meet on Ukraine, while President Volodymyr Zelenskyy is due to address the UN General Assembly as well.
Zelenskyy, after meeting with Trump on Tuesday, said that Washington and Kyiv want the war with Russia to end within months.
He added that he is ready to halt strikes on Russian energy sites if Moscow agreed to do the same.
Following weeks of worldwide headlines about risks of uncontrollable AI - and calls for a slowdown - industry leaders are set to brief an emergency meeting of the UN Security Council.
Sam Altman of OpenAI, Dario Amodei of Anthropic and Clement Delangue of Hugging Face will brief the 15-strong Council, the United Nations' top body.
In his speech Tuesday, Trump rejected international regulation of AI, calling such proposals a ""globalist scheme.""
""The very same people who said we'll all be dead in 12 years because of global warming ... are now saying that AI is going to kill us all,"" Trump said.
Besides AI and conflict in the Middle East, Russia's war against Ukraine will again be raised.
The Security Council will meet on Ukraine, while President Volodymyr Zelenskyy is due to address the UN General Assembly as well.
Zelenskyy, after meeting with Trump on Tuesday, said that Washington and Kyiv want the war with Russia to end within months.
He added that he is ready to halt strikes on Russian energy sites if Moscow agreed to do the same.
Source: AFP/fs"
b290cd69f0b1,asia_oriental,Channel News Asia,2026-09-04T20:41:00Z,https://www.channelnewsasia.com/world/israeli-strike-lebanon-kills-three-6362756,Israeli strikes on Lebanon kills at least three,en,False,0,386,384,False,"Israeli strikes on Lebanon kills at least three
Israeli strikes in southern and eastern Lebanon late on Friday (<DATE>) killed at least three people and injured 23, the Lebanese health ministry said.
BEIRUT: Israeli strikes in southern and eastern Lebanon late on Friday (<DATE>) killed at least three people and injured 23, the Lebanese health ministry said.
The ministry said in a statement that strikes hit five locations in the southern Tyr and Nabatieh regions and the Bekaa region in the east.
It updated an earlier toll given by Lebanese official media which had reported two of the deaths in the south.
The strikes came despite a truce between Israel and the Iran-backed Hezbollah militant group.
Lebanon's state-run National News Agency (NNA) reported the strike hit near the strategic Ali al-Taher ridge, which the Israeli army said it had captured, though Hezbollah did not confirm losing it.
Two young men were targeted while riding a motorcycle in the city of Nabatieh, NNA said, adding that rescuers transported their bodies to a local hospital.
Israel announced on Thursday it had taken control of the ridge. Defence Minister Israel Katz said the military would work to ""prevent the enemy from re-establishing itself in the area"".
Israel stepped up strikes in the Nabatieh region on Friday and also targeted the village of Rmadiyeh in the Tyre area, located more than 10 kilometres from the Israeli border.
The ministry said the third person was killed and 15 others hurt there, including two children, three women and six rescuers.
A rescue service source earlier told AFP that the strike in the village, which is sheltering people displaced from other southern areas, had hit a house.
Israel and Hezbollah have been trading fire since March, when the militant group dragged Lebanon into the wider Middle East war by attacking Israel in support of Iran.
Israel responded with airstrikes and a ground invasion that Lebanon says have killed more than 4,300 people.
The conflict has calmed since a US-Iran memorandum of understanding and a framework agreement between Israel and Lebanon agreed in June, but Beirut still reports Israeli strikes.
Imran Riza, the UN humanitarian coordinator for Lebanon, said on X on Friday that families returning to Nabatieh following the truce ""face widespread destruction, lack of basic services, ongoing insecurity and uncertainty""."
6861d0d86830,asia_oriental,Channel News Asia,2026-09-27T21:18:43Z,https://www.channelnewsasia.com/sport/ireland-beat-israel-3-0-end-fractious-weekend-nations-league-win-6414241,Ireland beat Israel 3-0 to end fractious weekend with Nations League win,en,False,0,512,510,False,"Ireland beat Israel 3-0 to end fractious weekend with Nations League win
DEBRECEN, Hungary, <DATE> : Ireland struck three times in the first half to cruise to a 3-0 Nations League victory over Israel on Sunday after a fraught weekend for the team following goalkeeper Gavin Bazunu's withdrawal from the squad amid a dispute over whether to play the match.
Ireland has been one of Europe's most outspoken critics of Israel's war in Gaza, and protests calling for the team to boycott the fixture prompted Bazunu to make himself unavailable. The game went ahead only after a majority of the Irish players voted to play.
Shlomi Barzel, the Israeli Football Association's communications chief, said on Saturday that ""football has won"" after the players decided to fulfil the fixture despite calls for a boycott.
Bazunu's withdrawal led coach Heimir Hallgrimsson to name defender Jimmy Dunne as Ireland's emergency third goalkeeper. The Football Association of Ireland (FAI) has also faced fierce criticism from fans and political figures, many of whom accused it of failing to provide the players with sufficient direction.
With Israel's home games taking place in Debrecen, Hungary's second-largest city, the game unfolded in a subdued atmosphere reminiscent of the latter stages of the COVID-19 pandemic, when attendance restrictions left stadiums largely empty.
There were a few hundred Israeli supporters and a handful of Irish fans in the ground, and the shouts of coaches and players could be clearly heard throughout.
The Irish players wore black armbands in memory of all those killed in the conflict and bowed their heads during the Israeli national anthem. There was no exchange of pennants or pre-match handshakes.
Striker Troy Parrott netted the opener in the 14th minute, with Adam Idah scoring two minutes later and Jack Moylan adding a well-taken third in the 25th minute.
BLACK ARMBAND
Moylan ran towards the corner flag after scoring and removed his black armband before kissing it and the badge on his shirt as supporters in the stand booed.
After losing their opening game 1-0 to Kosovo on Thursday, Ireland enjoyed a much-needed boost. They are now third in the group on three points, three behind leaders Austria, who beat second-placed Kosovo 3-1 earlier in the day.
Any relief provided by the victory, however, may prove short-lived.
Angered by the decision to play, many Irish supporters chose not to watch the match. Public broadcaster RTE featured no studio panel and no analysis, nor did the station sell any advertising around its coverage.
FAI chief executive David Courell said a significant majority of the squad had voted to fulfil the fixtures.
""Based on that, the association took the decision on behalf of Irish football that this fixture would continue, as we have always intended to fulfil the fixtures,"" he told a media conference on Saturday.
Ireland are due to face Israel again on <DATE> in a nominal home fixture that has been moved to Serbia and will be played behind closed doors, meaning the debate over whether the national team should face Israel is almost certain to reignite."
c6b611945f73,asia_oriental,Channel News Asia,2026-09-26T17:00:45Z,https://www.channelnewsasia.com/sport/israel-say-football-and-politics-must-stay-separate-after-ireland-vote-fulfil-fixture-6412966,"Israel say football and politics must stay separate, after Ireland vote to fulfil fixture",en,False,0,528,526,False,"Israel say football and politics must stay separate, after Ireland vote to fulfil fixture
DEBRECEN, Hungary, <DATE> : The Israel Football Association said football and politics need to remain separate in the wake of Ireland players voting on Saturday to fulfil Sunday's Nations League fixture between the sides in Hungary.
The Ireland players delayed their pre-match press conference and training session after one member of the squad announced his intention to withdraw, due to his discomfort at playing against Israel.
Ireland are one of Europe's most outspoken critics of Israel's war in Gaza, and there have been numerous protests calling on the team not to fulfil the fixtures with Israel.
""What pleases us today, is that football has won,"" the Israel FA said in a statement at the start of its press conference.
""The separation between football and politics must be maintained, any other approach spells chaos and a dangerous slide on a slippery slope, leading to disastrous consequences for the game we all love.
""The Football Association of Ireland and the national team players did the right thing by recognising this, even if it took a bit longer than it should. Yet, it's better late than never.""
The FAI, which voted in November for its board to request that UEFA suspend Israel from European competitions, passed a motion in favour of proceeding with the fixtures in July.
FAI CEO David Courell said the players would not take part in any further media obligations and would not shake hands with the Israel players before the game, in contrast to the Israeli statement.
""Flags will be raised, anthems will be played, and the players and coaches of both teams will have the opportunity to shake hands and respect each other,"" the Israeli statement said.
Israel captain Dor Peretz reiterated that sentiment.
""I think we are going to put out our hands and give that respect,"" Peretz said.
""If they don't want to shake our hands, that's okay.""
ISRAEL FILE FORMAL COMPLAINT
Israel also said they have filed a formal complaint with European soccer's governing body UEFA over the two yellow cards issued to Saied Abu Farchi during their 3-1 loss to Austria on Thursday.
Abu Farchi was sent off after picking up a second booking for his goal celebration, where he used the corner flag in a gesture Israeli media said was a snooker-themed celebration, after initial media reports suggested it was a gun gesture.
Israel FA head of communications Shlomi Barzel made the announcement after reading the opening statement, and referenced an Irish snooker world champion.
""We contend that the first yellow card was incorrect and the second, which led to his sending off, was seen as a misinterpretation by the match referee,"" he said.
""Anyone familiar with Saied Abu Farchi knows that his celebration after scoring the equaliser was an imitation of a snooker player, such as the legendary Ken Doherty, for example.""
Israel are playing their home fixtures in Debrecen and the FAI have not sold tickets to Irish supporters for Sunday's game. Ireland moved their home game with Israel, set for <DATE>, to Serbia in a match where no fans will be present."
0c9b937c8dd7,asia_oriental,Channel News Asia,2026-09-23T11:37:39Z,https://www.channelnewsasia.com/sport/ireland-manager-thanks-prime-minister-support-ahead-israel-fixtures-6405266,Ireland manager thanks prime minister for support ahead of Israel fixtures,en,False,0,463,461,False,"Ireland manager thanks prime minister for support ahead of Israel fixtures
<DATE> : Ireland manager Heimir Hallgrimsson is grateful for the country's prime minister's support after his own comments received a strong reply from the Israeli Football Association, as the upcoming matches between the two nations continue to dominate headlines.
Hallgrimsson's side face Kosovo on Thursday in their opening Nations League game, but that fixture has taken a back seat as far as media and public interest are concerned.
Sunday's away game with Israel will take place at the neutral venue of Debrecen, Hungary, in front of a small number of Israeli supporters. The Football Association of Ireland (FAI) moved the home fixture, set for <DATE>, to Serbia. That game will be played behind closed doors.
At the weekend, Hallgrimsson said 'we're not playing with genocide, we're playing against genocide' and on Monday the Israeli FA responded with 'we're not playing with ignorance, hypocrisy and stupidity, we're playing against the coach who embodies them'.
Irish Prime Minister Micheal Martin defended Hallgrimsson when speaking to reporters on Tuesday, describing Israel's remarks as 'unacceptable', adding that 'Israel can't keep denying what the world knows'.
Wednesday's press conference ahead of the Kosovo game began with a question about the prime minister's comments.
""What I said at the last press meeting has taken the attention away from maybe what's most important, we are playing an important game against Kosovo,"" Hallgrimsson said.
""Maybe, from a leadership point of view, not clever for me to take the attention like this.
""But to answer the question, we are thankful for all the support we get. It's a tricky time for us.""
IRISH OPPOSITION TO ISRAEL INVOLVEMENT IN FOOTBALL
Ireland has been one of Europe's most outspoken critics of Israel's war in Gaza, and FAI members voted in November for its board to request that UEFA suspend Israel from European competitions.
Israel's assault on Gaza has been described as genocide by UN experts and rights organisations, an allegation Israel rejects.
Numerous protests have taken place in Ireland in the lead-up to the fixtures and captain Dara O'Shea was asked on Wednesday if the players have any action planned for the Israel matches.
""We will come together on Friday and discuss it as a group,"" O'Shea said.
""I don't think we would be doing our job properly if we didn't put our focus into the game (against Kosovo).
""It's something that can't be brushed over. The decision we come to as players will be taken as one.""
Irish state broadcaster RTE, which has contractual obligations to show the games, will provide stripped-back coverage.
There will be no studio presentation or punditry and commentary will be taken from the international feed. RTE has not taken advertising or sponsorship around either game."
2c9596aede7b,asia_oriental,Channel News Asia,2026-09-26T11:27:43Z,https://www.channelnewsasia.com/sport/ireland-postpone-press-conference-training-delayed-ahead-nations-league-game-israel-6412646,"Ireland postpone press conference, training delayed ahead of Nations League game with Israel",en,False,0,693,691,False,"Ireland to fulfil Nations League fixture with Israel after players vote
DEBRECEN, Hungary, <DATE> : Ireland will play their Nations League game against Israel on Sunday, after a vote took place within the squad on whether to fulfil the fixture, Football Association of Ireland (FAI) CEO David Courell said on Saturday.
Ireland had postponed their pre-match press conference ahead of the game in Hungary, and their training session was also delayed.
This was to allow talks to continue between Irish players, coaching staff and officials, after one player, later revealed to be goalkeeper Gavin Bazunu, announced his intention to withdraw from the squad.
""Representing my country means everything to me. I have the utmost respect for every single one of my team mates, the Manager, his staff and the Irish people,"" Bazunu said in a statement.
""However I have reached a decision that I have not taken lightly. I am a man of strong faith and try my best to be a person of character and principle therefore I feel it would be wrong to participate in the upcoming fixtures against Israel.
""My decision is based purely upon my personal belief that the killing of innocent people is wrong. It is important to note that my stance is not in opposition of the Israeli people or the Jewish community but against the atrocities in the region.""
FOUR HOURS OF CONVERSATIONS
The game has been under the spotlight since the sides were drawn together in February, with Ireland one of Europe's most outspoken critics of Israel's war in Gaza. There have been numerous protests in Ireland asking for the team not to fulfil the fixtures with Israel.
""This morning, a player expressed their discomfort with fulfilling this fixture to the head coach and indicated their intent to withdraw from the squad,"" Courell told reporters.
""Ultimately, within the last maybe 90 minutes, we carried out a vote amongst the squad to establish their sentiment on fulfilling the fixtures and it was a significant majority that was returned with the intention to continue.
""So based on that, the association took the decision on behalf of Irish football that this fixture would continue as we have always intended to fulfil the fixtures.""
Courell said that four hours of conversations among the players took place on Saturday, which at times included coaching staff and the executive. This came after a two-hour meeting on Friday, when players agreed to travel to Hungary.
The CEO declined to reveal details of how many players voted but said a significant majority were in favour of playing the game.
""The players are training today. It's an ongoing discussion, and we haven't come to a kind of conclusion on this,"" Ireland manager Heimir Hallgrimsson said.
""The game is going ahead, we're going to train, and there will be more discussions tonight and probably tomorrow. It's just a unique situation, and we are trying to limit the damage.""
PLAYERS TO WEAR BLACK ARMBANDS
Ireland players will not appear at any press conferences for the remainder of the international window.
""In that conversation yesterday with the players, it was clear that they felt uncomfortable in this environment dealing with all of the respective questions that were coming to them that are not about football,"" Courell said.
He also said there would be no pre-match handshake with the Israeli team or exchange of pennants, and that the players intended to wear black armbands in recognition of all the lives lost in the conflict.
FAI members voted in November for its board to request that UEFA suspend Israel from European competitions, but a motion in favour of proceeding with the fixtures was passed at a meeting in July.
All Israel's home games are scheduled to take place in Debrecen, and Ireland moved their home fixture, set for <DATE>, to Serbia in a match that will be played behind closed doors.
Israel's Football Association welcomed the decision to play Sunday's game and said in a statement that soccer and politics should be kept apart.
(Writing by Trevor Stynes, additional reporting by Padraic Halpin in Dublin and Philip O'Connor in Stockholm; editing by Ed Osmond and Clare Fallon)"
5c4f7bd0004c,asia_oriental,Channel News Asia,2026-09-26T11:27:43Z,https://www.channelnewsasia.com/sport/ireland-fulfil-nations-league-fixture-israel-after-player-vote-6412646,Ireland to fulfil Nations League fixture with Israel after player vote,en,False,0,693,691,False,"Ireland to fulfil Nations League fixture with Israel after players vote
DEBRECEN, Hungary, <DATE> : Ireland will play their Nations League game against Israel on Sunday, after a vote took place within the squad on whether to fulfil the fixture, Football Association of Ireland (FAI) CEO David Courell said on Saturday.
Ireland had postponed their pre-match press conference ahead of the game in Hungary, and their training session was also delayed.
This was to allow talks to continue between Irish players, coaching staff and officials, after one player, later revealed to be goalkeeper Gavin Bazunu, announced his intention to withdraw from the squad.
""Representing my country means everything to me. I have the utmost respect for every single one of my team mates, the Manager, his staff and the Irish people,"" Bazunu said in a statement.
""However I have reached a decision that I have not taken lightly. I am a man of strong faith and try my best to be a person of character and principle therefore I feel it would be wrong to participate in the upcoming fixtures against Israel.
""My decision is based purely upon my personal belief that the killing of innocent people is wrong. It is important to note that my stance is not in opposition of the Israeli people or the Jewish community but against the atrocities in the region.""
FOUR HOURS OF CONVERSATIONS
The game has been under the spotlight since the sides were drawn together in February, with Ireland one of Europe's most outspoken critics of Israel's war in Gaza. There have been numerous protests in Ireland asking for the team not to fulfil the fixtures with Israel.
""This morning, a player expressed their discomfort with fulfilling this fixture to the head coach and indicated their intent to withdraw from the squad,"" Courell told reporters.
""Ultimately, within the last maybe 90 minutes, we carried out a vote amongst the squad to establish their sentiment on fulfilling the fixtures and it was a significant majority that was returned with the intention to continue.
""So based on that, the association took the decision on behalf of Irish football that this fixture would continue as we have always intended to fulfil the fixtures.""
Courell said that four hours of conversations among the players took place on Saturday, which at times included coaching staff and the executive. This came after a two-hour meeting on Friday, when players agreed to travel to Hungary.
The CEO declined to reveal details of how many players voted but said a significant majority were in favour of playing the game.
""The players are training today. It's an ongoing discussion, and we haven't come to a kind of conclusion on this,"" Ireland manager Heimir Hallgrimsson said.
""The game is going ahead, we're going to train, and there will be more discussions tonight and probably tomorrow. It's just a unique situation, and we are trying to limit the damage.""
PLAYERS TO WEAR BLACK ARMBANDS
Ireland players will not appear at any press conferences for the remainder of the international window.
""In that conversation yesterday with the players, it was clear that they felt uncomfortable in this environment dealing with all of the respective questions that were coming to them that are not about football,"" Courell said.
He also said there would be no pre-match handshake with the Israeli team or exchange of pennants, and that the players intended to wear black armbands in recognition of all the lives lost in the conflict.
FAI members voted in November for its board to request that UEFA suspend Israel from European competitions, but a motion in favour of proceeding with the fixtures was passed at a meeting in July.
All Israel's home games are scheduled to take place in Debrecen, and Ireland moved their home fixture, set for <DATE>, to Serbia in a match that will be played behind closed doors.
Israel's Football Association welcomed the decision to play Sunday's game and said in a statement that soccer and politics should be kept apart.
(Writing by Trevor Stynes, additional reporting by Padraic Halpin in Dublin and Philip O'Connor in Stockholm; editing by Ed Osmond and Clare Fallon)"
f417ce5c33a6,asia_oriental,Channel News Asia,2026-09-22T13:34:18Z,https://www.channelnewsasia.com/world/netanyahu-israel-united-nations-truth-actions-6402451,Netanyahu says will 'tell the truth' on Israel's actions at United Nations,en,False,0,402,400,False,"Netanyahu says will 'tell the truth' on Israel's actions at United Nations
Netanyahu is slated to speak at the UN's General Assembly on Thursday.
JERUSALEM: Israeli Prime Minister Benjamin Netanyahu said on Tuesday (<DATE>) he would use his speech at the United Nations this week to defend Israel's military actions against the Palestinians, while accusing New York City Mayor Zohran Mamdani of supporting Hamas.
Netanyahu's comments were in response to remarks by the New York mayor, who told CNN on Monday that Netanyahu was a ""war criminal and an architect of a horrific genocide of the Palestinian people"".
Netanyahu is slated to speak at the UN's General Assembly on Thursday.
""I'm coming to the UN,"" Netanyahu said in a brief video statement. ""I'm going to tell the truth about our heroic soldiers, and I'm going to tell the truth about you (Mamdani).""
Mamdani had previously said he would arrest Netanyahu, but acknowledged he did not have the power to do so.
""Shame on you, Mr Mamdani,"" Netanyahu said. ""Shame on you for supporting the Hamas terrorist monsters who butchered our people. Shame on you for inciting riots against New York Jews.""
Some Republican opponents have called Mamdani antisemitic, citing his pro-Palestinian advocacy and criticism of Israel's military action in Gaza.
Mamdani has condemned antisemitism. He says his criticism of Israel is wrongly conflated with antisemitism.
The Hamas raid on Israel on October 7, killed about 1,200 people, while another 251 were kidnapped, Israeli authorities have said.
Israel responded with an air and ground assault it says was aimed at dismantling Hamas' military and governing capabilities. More than 73,000 Palestinians have been killed, according to Gaza health officials, a toll that does not distinguish between fighters and non-combatants.
Israel has denied it has perpetrated a genocide against Palestinians in Gaza, saying it was fighting Hamas militants and accusing the group of hiding behind civilians.
Last week, Netanyahu spokesman Doron Spielman told Reuters that Netanyahu has already spoken to the United Nations more than any other world leader, ""and he's going to use that platform to address the truth in a forum of countries that are often buying a false narrative about Israel"".
""It's one of the most important stages for the Prime Minister of Israel to stand on and present the truth to the world. That's our goal. He's not intimidated by anybody. He's not intimidated by Mayor Mamdani,"" he said."
5371add6cce8,asia_oriental,Channel News Asia,2026-09-13T21:27:00Z,https://www.channelnewsasia.com/world/israeli-minister-calls-strip-gaza-film-directors-citizenship-6381881,Israeli minister calls to strip Gaza film directors of citizenship,en,False,0,435,433,False,"Israeli minister calls to strip Gaza film directors of citizenship
JERUSALEM: Israeli Culture Minister Miki Zohar called on Sunday (<DATE>) for the award-winning directors of an Israeli-made Gaza documentary to be stripped of citizenship, accusing them of ""treason against the state"".
In ""Naza"", Israeli directors Yuval Abraham and Rachel Szor spoke to 24 different Israeli military or intelligence whistleblowers who outlined the AI-powered targeting systems used to bombard Gaza that have killed tens of thousands of civilians.
The 80-minute documentary won a special jury prize at this year's Venice Film Festival.
Zohar accused the directors of being willing to ""harm their homeland in order to receive applause from antisemites around the world"".
""I will act immediately to revoke the Israeli citizenship of these despicable creators for treason against the state,"" he added on X.
Other Israeli ministers also took aim at the directors, who won an Oscar in 2025 for their film ""No Other Land"", about Israeli settler violence in the occupied West Bank.
""YOU ARE A DISGRACE""
""You are a disgrace and an embarrassment to the entire people of Israel. Go away!"" far-right National Security Minister Itamar Ben Gvir said on X.
""I am certain that your friends, that is to say our enemies Hamas in Gaza, will welcome you with open arms,"" he continued.
The revocation of nationality is legally possible in Israel, although it is rarely applied.
In 2022, the Supreme Court confirmed that the state may strip people of their nationality if they have failed to show ""loyalty"", for example by committing acts of espionage or treason.
The law was also expanded in 2023 to apply to people convicted of ""terrorism"".
It requires the interior minister to submit the revocation request, the justice minister to approve it and judges to validate it.
Abraham said the Israeli intelligence officers they had spoken with described how the mass killing was systemic: ""not by accident, but by design, actions of murder and policies that are based on the total dehumanisation of Palestinians"".
The Israeli military has criticised the use of anonymous testimonies in the film, saying on Friday that the identities of the whistleblowers ""cannot be verified"".
Israel denies deliberately targeting civilians.
Palestinian militant group Hamas launched an attack on Israel on October 7, which resulted in the deaths of 1,221 people, according to an AFP tally based on official Israeli figures. Militants also took 251 hostages to Gaza.
Israel's retaliatory military campaign in Gaza has killed more than 73,000 people, according to the territory's health ministry, which operates under Hamas authority and whose figures are considered reliable by the United Nations."
b81a966410e3,asia_oriental,Channel News Asia,2026-09-23T21:26:38Z,https://www.channelnewsasia.com/world/gaza-board-peace-recovery-plan-unga-6406456,US-backed Board of Peace unveils US$2.5bn Gaza recovery plan,en,False,0,405,401,False,"Trump's Board of Peace proposes US$2.45 billion Gaza recovery plan
During a meeting on the sidelines of the UN General Assembly, US President Donald Trump's Board of Peace proposed a US$2.45 billion plan to rebuild Gaza over six months.
NEW YORK: US President Donald Trump's Board of Peace proposed a US$2.45 billion Gaza recovery plan on Wednesday (<DATE>) at a meeting of its members and stakeholders, in an effort meant to span over six months.
But the presentation in New York comes as world leaders like French President Emmanuel Macron and Turkish leader Recep Tayyip Erdogan have taken aim at the humanitarian situation in Gaza this week, calling for action to end the conflict with Israel.
Top officials are gathered in the city this week for the UN General Assembly.
Hamas militants launched a deadly attack on Israel on October 7, triggering a massive response. Since then, the Palestinian territory has been devastated by Israeli airstrikes.
Nickolay Mladenov, the high representative for Gaza of the Board of Peace, urged for backing of its plan.
But he acknowledged that discussions with Israel are not easy ahead of elections in the country, noting that conditions are ""more politically sensitive.""
""Given the complexity of what we're dealing with, I think we're making, slowly and steadily, progress,"" he insisted.
Also present at Wednesday's gathering were Trump's roving envoy Steve Witkoff and son-in-law Jared Kushner.
The proposal involves 66 projects, covering temporary housing, debris recovery and infrastructure like public transport, amid other efforts towards economic recovery.
The plan also envisions demilitarisation in Gaza, meaning for Hamas to give up its weapons, and military pullback on the Israeli front.
Despite a US-brokered ceasefire in <DATE>, Israel has continued its airstrikes and restricted entry of equipment that international groups say is required for the territory's reconstruction to begin.
Israeli Prime Minister Benjamin Netanyahu recently said it controls 60 per cent of the Gaza Strip.
Trump is the chairman of the Board of Peace, which was initially designed to oversee a Gaza truce and the territory's reconstruction following the war between Hamas and Israel.
UN figures show that by <DATE>, Israeli strikes had left 84 per cent of all structures damaged or destroyed.
Israel has insisted that it must eliminate threats from Hamas, which led the unprecedented attack.
The board on Wednesday noted that damage across Gaza is estimated at US$35.2 billion, with recovery calling for some US$71.4 billion."
b2513b44f5e8,asia_oriental,Channel News Asia,2026-09-17T20:57:11Z,https://www.channelnewsasia.com/world/us-approves-sale-48-f-35-jets-saudi-arabia-6393136,US approves sale of 48 F-35 jets to Saudi Arabia,en,False,0,578,577,False,"US approves sale of 48 F-35 jets to Saudi Arabia
The US approved a US$24.3 billion sale of 48 F-35 fighter jets to Saudi Arabia, pending approval by Congress.
WASHINGTON: The United States has approved a US$24.3 billion sale of 48 F-35 stealth warplanes to Saudi Arabia, the State Department said Thursday (<DATE>), the kingdom's latest major arms purchase since the start of the Iran war.
Saudi Arabia has long sought to buy F-35s, but officials from Israel - currently the only country in the Middle East to operate the jets - have voiced concern about their sale to Riyadh despite a push for the kingdom to normalise relations.
""The proposed sale will improve Saudi Arabia's capability to deter current and future threats by strengthening its homeland defence, and improving interoperability with US forces,"" the State Department said in a statement.
It ""will also augment Saudi Arabia's operational aircraft and enhance its air-to-air, and air-to-ground self-defence capability,"" the statement said.
The State Department has notified Congress about the proposed sale, which would require the approval of US lawmakers. It did not provide a time frame for the delivery of the jets.
The F-35 sale ""will not alter the military balance in the region,"" the State Department said, in keeping with longstanding US policy that Israel must have a military edge over potential regional adversaries.
The United States has so far only allowed the sales of F-35s to its closest allies, including a number of European NATO allies and Israel.
Washington kicked NATO member Türkiye out of the F-35 programme in 2019 because Ankara's purchase of a Russian air defence system sparked fears that Moscow could acquire the plane's technology.
BILLIONS IN ARMS SALES
Washington also has concerns about potential Chinese espionage related to the jets.
The New York Times reported this week that US intelligence analysts have raised the possibility that Beijing could acquire F-35 technology through its partnerships with Riyadh.
US Representative Raja Krishnamoorthi, a Democratic member of the House Intelligence Committee, expressed opposition to the sale on those grounds.
It should not go ahead ""when our own intelligence community is warning that it could put the crown jewels of American military technology within reach of the Chinese Communist Party,"" Krishnamoorthi said in a statement.
The F-35 sale is the latest in a series of major arms buys by Saudi Arabia this year.
The State Department announced the approval of a US$5 billion sale of more than 10,000 bombs - including highly destructive 2,000-pound weapons - to Riyadh earlier in September.
Washington also signed off on the sale of 60 tank engines and related equipment to Saudi Arabia at a cost of US$750 million this month, and a US$1.96 billion deal in July for the kingdom to buy guidance sections that can convert rockets into precision weapons.
Saudi Arabia has been repeatedly targeted with drone and missile strikes by Tehran's forces since the United States and Israel launched their war against Iran in February, and has also been hit by Yemen's Iran-backed Houthi rebels.
Yemen's civil war had been dormant for years, but fighting between Houthis and the internationally recognised, Riyadh-backed government reignited in July, with the rebels declaring a maritime blockade of Saudi Arabia and targeting its ships in the Red Sea.
Washington has not directly entered the conflict, but a US official said earlier this week that an American military task force is working to enhance intelligence sharing and planning assistance for Saudi forces."
3b8c9b04fda1,asia_oriental,Channel News Asia,2026-09-19T21:57:25Z,https://www.channelnewsasia.com/world/israels-president-pardons-combat-medic-whose-shooting-palestinian-attacker-caused-debate-6396976,Israel's president pardons a combat medic whose shooting of a Palestinian attacker caused debate,en,False,0,345,345,False,"Israel's president pardons a combat medic whose shooting of a Palestinian attacker caused debate
President Isaac Herzog in a statement said he acted on the recommendation of Defense Minister Israel Katz and cited the time that had passed, and the spirit of the approaching Yom Kippur, or Day of Atonement, as among the factors in his decision.
JERUSALEM: Israel's president Saturday pardoned the combat medic who shot dead at close range a badly wounded Palestinian attacker who had stabbed a soldier in the occupied West Bank a decade ago.
Elor Azaria's conviction for manslaughter and his release after serving two-thirds of his sentence drew enormous attention in Israel, where military service is compulsory for most Jewish men. In his first interview after his release, Azaria said ""I would act exactly the same, because that's how I needed to act.""
President Isaac Herzog in a statement said he acted on the recommendation of Defense Minister Israel Katz and cited the time that had passed, and the spirit of the approaching Yom Kippur, or Day of Atonement, as among the factors in his decision.
Katz in a separate statement called it a ""right, humane, and fitting decision"" and said Azaria had been in a ""complex operational mission.""
Azaria had approached Abdel Fattah al-Sharif as he lay on the ground, unarmed and badly hurt, after stabbing a soldier in the West Bank city of Hebron. A cellphone video captured Azaria shooting al-Sharif in the head.
His conviction was a rare case of a military court ruling against a soldier for deadly action taken in the field. Top generals had pressed for his conviction, while many in the Israeli public supported Azaria. Some supporters protested outside his trial.
On Saturday, Israel's hard-line Minister of National Security Itamar Ben-Gvir in a statement said that ""canceling the criminal record of someone who killed a terrorist makes me emotional and very happy.""
Some Palestinians and human rights groups had described Azaria's 18-month sentence as far too lenient.
Herzog's statement on Saturday said his decision ""does not constitute a reassessment of the case."""
62441ecf28fd,asia_oriental,Channel News Asia,2026-09-06T19:08:04Z,https://www.channelnewsasia.com/world/israels-netanyahu-orders-west-bank-settler-outposts-be-removed-sources-say-6365756,"Israel's Netanyahu orders West Bank settler outposts to be removed, sources say",en,False,0,502,501,False,"Israel's Netanyahu orders West Bank settler outposts to be removed, sources say
TEL AVIV: Israeli Prime Minister Benjamin Netanyahu has ordered unauthorised settler outposts in the West Bank to be dismantled, two people familiar with the matter said on Sunday (<DATE>), amid pressure from the US to crack down on settler attacks on Palestinians.
The order applies to outposts established by settlers without official authorisation from the Israeli state, the sources said. Outposts typically consist of prefabricated caravans and house a small number of settlers. The state has from time to time demolished such structures and also formally recognized others, allowing them to access government funding.
It was not immediately clear when the operation would begin.
UN bodies and most governments deem all Israeli settlements illegal under international law and consider the West Bank to be occupied territory under military control. Israel argues the territory is disputed, not occupied.
Related:
US URGES ISRAEL TO ACT AGAINST SETTLER VIOLENCE
Netanyahu had ordered the eviction of the unauthorised outposts in response to pressure from the United States, the country's closest ally, the sources said.
US Ambassador to Israel Mike Huckabee on Saturday denounced violent settlers as terrorists and called for them to face severe consequences following a meeting with several Palestinian Americans in a West Bank Palestinian town.
Israeli website Ynet earlier reported the orders targeted around 100 outposts across the occupied territory.
The Israeli prime minister's office and the military, who would normally take part in clearing any outposts in the West Bank, did not immediately respond to a request to comment.
Finance Minister Bezalel Smotrich, asked at a conference in Jerusalem about the Ynet report, said Netanyahu has given ""an instruction to evict places built in Areas A and B"", referring to parts of the West Bank in which most Palestinians live.
Under the Oslo Accords, interim peace agreements reached in the 1990s between Israel and the Palestine Liberation Organization (PLO), the West Bank was split into three zones: A, B and C.
Smotrich, a settler himself who has overseen settlement housing projects and formally recognised homes built illegally, said while he disagreed with Netanyahu's decision, the government had made huge strides in advancing settlements in Area C.
HUNDREDS OF OUTPOSTS ACROSS THE WEST BANK
There are 340 outposts in the West Bank along with 146 settlements formally recognised by the Israeli government, according to Peace Now, an Israeli organisation that is critical of settlement expansion and advocates for a two-state solution.
Last month, Israeli settlers besieged the homes of Palestinians in a nearby village, including one owned by a Palestinian American, before the military forced them from the area. The village's Palestinian residents have said they have continued to face harassment and intimidation by Israeli settlers.
The Israeli government has condemned settler violence, though perpetrators are rarely arrested and even less frequently prosecuted.
On Saturday, US ambassador Huckabee said it was in Israel's own interest to take action against settlers carrying out what he described as ""criminal behaviour and terrorism""."
0844fccdc58f,asia_oriental,Channel News Asia,2026-09-03T18:48:24Z,https://www.channelnewsasia.com/asia/israel-release-five-lebanese-detainees-talks-6360656,Lebanon receives first detainee of five to be freed by Israel,en,False,0,650,649,False,"Lebanon receives first detainee of five to be freed by Israel
""It was decided to release five Lebanese civilians,"" the office of Israeli Prime Minister Benjamin Netanyahu says after interrogations find no terror links.
BEIRUT: Lebanon said it received a man on Thursday (<DATE>), freed as Israel announced it would release five people seized from the country's south, where it has fought several wars against Iran-backed Hezbollah in recent years.
The announcement came after Lebanon said its army received a man returned by the International Committee of the Red Cross (ICRC), the first since Beirut called in August talks for the release of an initial group seized since the start of a 2024 Israel-Hezbollah war.
""It was decided to release five Lebanese civilians who were arrested in areas under (Israeli army) control in southern Lebanon,"" the office of Israeli Prime Minister Benjamin Netanyahu said in a statement.
""After their interrogation was completed, it became clear that they are civilians who are not members of any terrorist organisation, have not engaged in terrorism, and there is no reason to continue holding them in Israel.""
A Lebanese official told AFP on Thursday that the release of the four other civilians - two Lebanese and two Syrians - was postponed to Friday.
Their release is a prelude to the continuation of Lebanon-Israel talks in Rome, the official added, requesting anonymity.
Lebanese authorities have not officially announced the number of citizens Israel seized during that war and a subsequent 2026 conflict, but a list of more than 30 people has been compiled by their families and a committee working on their cases.
The list includes at least one Syrian national and several Hezbollah fighters.
Netanyahu's office said the decision followed ""extensive efforts"" by Israel and Lebanon to locate and return the bodies of leaders of Lebanon's Jewish community abducted and killed in the 1980s during the country's 15-year civil war.
After the latest round of Lebanon-Israel talks in Rome last month, a Lebanese official said Israel gave Beirut a list of individuals to demand the return of their remains.
The Israeli military said in August it recovered the remains of a soldier killed in eastern Lebanon in 1982.
""HUMANITARIAN OPERATION""
The ICRC, which handles the transfer of released people between Israel and Lebanon, said a humanitarian operation was underway.
Lebanon's state-run National News Agency said that the Lebanese army received Malek Ghazi earlier on Thursday, adding that he was taken to an army intelligence headquarters in the southern city of Tyre.
Ghazi's family, from the southeastern town of Ain Ata, said in October last year that they had lost contact with him after he had gone out to exercise.
Lebanese Prime Minister Nawaf Salam hailed the release in a statement, thanking ""the American administration ... for the efforts exerted in this regard"".
He pledged to work ""until the release of all our prisoners"" and ""the disclosure of the fate of the missing"", as well as an Israeli withdrawal from Lebanese territory.
Hezbollah attacked Israel in 2023 in support of Hamas after the outbreak of the Gaza war, leading to over a year of hostilities that escalated into a full-blown war in 2024.
The group drew Lebanon into the Middle East war two years later in support of its backer Iran after launching rockets at Israel.
Israel responded with airstrikes and a ground invasion that Lebanon says have killed more than 4,300 people.
The conflict has calmed since a US-Iran memorandum of understanding and a framework agreement between Israel and Lebanon agreed in June.
The Lebanon-Israel deal calls for the disarmament of Hezbollah, a gradual withdrawal of Israeli forces from south Lebanon and the deployment of the Lebanese army to the region, starting in ""pilot zones"".
A date has not yet been set for the next round of Lebanon-Israel talks, and Israel still carries out strikes on Lebanon while occupying parts of its territory."
16b7200dc84c,asia_oriental,Channel News Asia,2026-09-08T10:33:47Z,https://www.channelnewsasia.com/world/uk-israel-settlers-sanctions-west-bank-6369681,UK expected to announce sanctions on Israeli settlements in West Bank,en,False,0,892,890,False,"Dozen countries to back, consider curbs on trade in goods from Israeli settlements in West Bank
""The government of Israel's actions in the West Bank are undermining the possibility of a two-state solution,"" the 12 ministers said, referring to a plan under which two states - one Israeli and one Palestinian - would live peacefully side by side.
PARIS: The foreign ministers of 12 countries said on Tuesday (<DATE>) they would back or consider restrictions on trade in goods with Israeli settlements in the West Bank that are illegal under international law.
""The Government of Israel's actions in the West Bank are undermining the possibility of a two-State solution,"" the statement said.
""Today, Canada, Denmark, Finland, France, Iceland, Ireland, Norway, Poland, Portugal, Spain, Sweden and the UK confirm their intention to introduce national and/or support European restrictions on trade in goods with settlements which are illegal under international law, or that they are actively considering these and other measures, in accordance with their national procedures,"" it added.
Ireland and Spain have already taken measures against trade with Israeli settlements, and France has for weeks been pushing for a similar decision from the European Union, Israel's leading trading partner, but has been blocked by some members.
""The situation is rapidly deteriorating amid unprecedented levels of settler violence and settlement expansion,"" the foreign ministers warned.
""The government of Israel must immediately halt the expansion of settlements and civilian administrative powers, ensure accountability for settler violence, and investigate allegations against Israeli forces,"" the ministers added.
An earlier announcement that Britain's government was set to announce sanctions on trade from Israeli settlements in the occupied West Bank had sparked an angry backlash from Israel and the United States.
The move would signal a toughening of the UK's stance on Israel under new Labour Prime Minister Andy Burnham, who entered Downing Street in July after Keir Starmer stepped down.
It immediately caused friction with allies the US and Israel, with America's ambassador to Israel Mike Huckabee calling the decision ""irrational"" and Israel threatening retaliatory action.
The move follows weeks of increasing attacks by Israeli settlers against Palestinian villages in the illegally occupied territory that some western governments fear threatens the two-state solution.
Government minister Pat McFadden said Foreign Secretary Ed Miliband would make a statement to parliament laying out ""measures specifically targeted at the expansion of these settlements, which are illegal under international law in the West Bank"".
He told Sky News that the changes, on which he provided no further detail, would be motivated by ""the idea of keeping alive this possibility of seeing a Palestinian state alongside Israel"".
""I think it's also important to say that Israel is an important trading partner for the UK. This isn't intended to be a boycott of all Israeli goods,"" McFadden added.
UK government ministers have suggested recently that goods coming out of the illegal settlements could be subject to trade restrictions as part of the changes.
Trade between the UK and the Occupied Palestinian Territories was around only £38 million (US$51 million) in 2025, according to the government, implying the move could be largely symbolic.
Critics have also said it could be difficult to distinguish goods from the West Bank from those from the rest of Israel.
Miliband, son of Jewish refugees to Britain, vowed last Tuesday to announce a ""comprehensive"" reset of policy towards Israel.
He said the so-called E1 development plan for more than 1,200 homes greenlighted by Israel last year was ""the crossing of a red line, as it cuts through the heart of the West Bank and risks making a Palestinian state unviable"".
Also read:
""DISCRIMINATION""
Israeli Prime Minister Benjamin Netanyahu has vowed to continue establishing the illegal settlements despite mounting international pressure, promising a major wave of settler immigration into the occupied Palestinian territory.
Some of the violence by settlers in recent weeks had drawn rare condemnation from Netanyahu and unusually strong criticism from Huckabee, as well as more typical critics in European capitals.
But commenting on Britain's move, Huckabee told BBC Radio on Tuesday: ""I feel like it's discrimination against the Israeli government. It's a discrimination against the Jewish people.""
Israeli Finance Minister Bezalel Smotrich, who leads a far-right party that advocates the annexation of the entire West Bank, called for the expulsion of Britain's ambassador to Israel.
And Israeli President Isaac Herzog said the sanctions would ""fall on the wrong side of history"".
Burnham has said that Starmer was too soft on Israel, which faced under intense international criticism over its relentless offensive that flattened much of Gaza following the October 7, Hamas attack.
Starmer's government did, however, announce sanctions on six entities and one person ""involved in financing, enabling and carrying out settler violence"" as part of a set of measures in coordination with a handful of other Western countries.
In September last year, Starmer also announced that Britain was formally recognising a Palestinian state, marking a historic shift in decades of British foreign policy.
More than 500,000 Israelis live in illegal settlements in the West Bank, among some three million Palestinians.
According to an AFP tally based on data from the Palestinian health ministry, Israeli forces or settlers have killed at least 1,105 Palestinians in the territory since the start of the Gaza war.
In July, Ireland's parliament approved legislation banning imports of goods from the settlements."
f9f801874c9b,asia_oriental,Channel News Asia,2026-09-08T09:19:35Z,https://www.channelnewsasia.com/singapore/6-women-charged-public-order-assemblies-permit-police-6369126,Six women to be charged with public order offences,en,False,0,992,966,False,"Six women to be charged with public order offences
The women, aged between 22 and 36, will be charged in court over their alleged involvement in unpermitted public assemblies related to the Palestinian cause and other similar activities.
SINGAPORE: Six women aged between 22 and 36 will be charged in court on Wednesday (<DATE>) under the Public Order Act over their alleged involvement in public assemblies and processions without a permit, as well as in various incidents in prohibited areas.
The alleged offences related to activities concerning the pro-Palestinian cause and the death penalty, the police said on Tuesday.
PROCESSION AT THE ISTANA
Two of them, aged 33 and 36, will each be charged with one count of participating in a procession without a permit in a prohibited area.
They allegedly joined a group on <DATE>, which assembled along Orchard Road and walked towards the Istana, while holding umbrellas imprinted with watermelon images. The watermelon has been used as a symbol of Palestinian resistance and solidarity.
The police noted that the Istana is security-sensitive area and is designated as a Prohibited Area. The organisers of the procession were earlier convicted and fined S$3,000 each in <DATE>.
EVENT OUTSIDE THE STATE COURTS
In another case, a 24-year-old woman will be charged with one count of ""knowingly committing an act prejudicial to the maintenance of harmony between different racial groups"" under the Penal Code.
The charge relates to a public livestream of an event on <DATE>, during which she allegedly led chants in support of eliminating Israel, the police said.
She will also be charged with two additional offences under the Public Order Act arising from separate incidents related to the Palestinian cause.
The woman will additionally face four charges under the same Act, and two charges of refusing to answer a public servant authorised to question her under the Penal Code.
These charges relate to her alleged participation in candlelight vigils to mark the executions of three convicted drug traffickers on <DATE> and <DATE>, and on <DATE>, as well as a protest outside the State Courts on <DATE>. The State Courts are a Prohibited Area.
The police noted that the woman had previously been issued a 12-month conditional warning on <DATE>, for taking part in a public assembly without a permit and contravening a ""move-on"" direction to leave by the police, both offences under the Public Order Act, in relation to a protest held outside the Ministry of Education headquarters on <DATE>.
PUBLIC PROCESSION TO THE MINISTRY OF HOME AFFAIRS
The same 24-year-old woman, as well as another woman, aged 22, will each be charged with one count of participating in a public procession without a permit.
They allegedly held a public procession on <DATE>, moving from the vicinity of Novena MRT station to the Ministry of Home Affairs (MHA) building located at New Phoenix Park to deliver a letter.
The group also issued a statement saying that they had walked towards MHA, with many of them wearing shirts that read ""There Are No Universities Left in Gaza"", the police said.
UNPERMITTED PUBLIC ASSEMBLY AT MARINA BARRAGE
The two women who allegedly took part in the procession at the Istana will also be charged, together with two women aged 32 and 33, with one count each of organising a public assembly without a permit.
Police said the four women each played a role in organising a mass kite-flying event held at Marina Barrage on <DATE>, to publicise a cause related to the Gaza conflict.
The 32-year-old will additionally be charged with one count of abusive behaviour towards a public servant under the Protection from Harassment Act.
The other 33-year-old woman was also issued a stern warning on <DATE> for her involvement in a case where a banner was hung at Gardens by the Bay on <DATE>, the police added.
STAGED MEMORIAL AT NUS
The 24-year-old woman will be additionally charged with one count of organising a public assembly without a permit over an incident at the National University of Singapore on <DATE>.
Police said a group gathered in front of a building and placed shoes and a white burial shroud there to show their opposition to the ties between educational institutions in Singapore and Israel.
PENALTIES
The offence of organising a public procession without a permit in a prohibited area is punishable with a fine of up to S$10,000 (US$7,900), a jail term of up to six months, or both.
The offences of participating in a procession without a permit in a prohibited area and organising or participating in a public assembly without a permit carry a fine of up to S$5,000.
The offence of knowingly committing an act prejudicial to the maintenance of racial harmony carries a jail term of up to three years, a fine, or both.
The offence of using abusive behaviour towards a public servant is punishable with a fine of up to S$5,000.
In its news release, the police said that public assemblies in Singapore are regulated under the Public Order Act, and that organising or participating in a public assembly without a police permit here constitutes an offence under the Act.
""The police will not grant any permit for assemblies that advocate political causes of other countries or foreign entities, or may have the potential to stir emotions and lead to public order incidents,"" they said.
""The peace and harmony between different races and religions in Singapore should not be taken for granted, and we must not let events happening externally affect the communal harmony.""
They further urged members of the public not to take part in activities that will damage the peace, public order and social harmony in Singapore. Instead, people should participate in forums, dialogues and donation drives that have been appropriately organised on the issue, the police said."
0bf734cdd78b,asia_oriental,Channel News Asia,2026-09-04T08:36:49Z,https://www.channelnewsasia.com/business/oil-rallies-week-us-iran-fighting-resumes-diesel-hits-record-high-6361856,Oil rallies for the week as US-Iran fighting resumes; diesel hits record high,en,False,0,609,608,False,"Oil ends week higher on renewed US-Iran strikes, diesel hits record
(Corrects paragraph 2 to show Friday's Brent settlement price at$96.28 a barrel, not $92.68)
HOUSTON, <DATE> : Oil prices rose on Friday, ending the week substantially higher after the United States and Iran resumed military exchanges in the seventh month of their conflict, while retail U.S. diesel prices hit a record high.
Brent crude futures settled at $96.28 a barrel, up 76 cents, or 0.8 per cent. West Texas Intermediate crude futures finished at $91.48 a barrel, up 18 cents, or 0.20 per cent.
For the week, Brent crude rose 7.6 per cent while U.S. crude gained nearly 10 per cent as supply routes in the Middle East remain impaired due to the war.
The rally in oil prices combined with a much steeper increase in fuel prices has pushed inflation and government borrowing costs higher around the world and intensified fears that global economic growth might pull back without some relief.
""All sectors of the economy are affected by diesel. This is one of the reasons why the government bond yields in the United States are so high, it's the expectation that inflation will continue to go up,"" said Claudio Galimberti, chief economist at Rystad Energy.
Average U.S. diesel prices hit record highs as renewed U.S.-Iran hostilities and Ukrainian attacks on Russian refineries increased supply disruptions. A gallon of diesel now costs $5.85 on average in the U.S., according to AAA data.
The price of diesel could rise even further due to the sharp drawdown in inventories and as agricultural states in various parts of the country head into harvesting and planting seasons. Diesel is a primary fuel for ag equipment. Its equivalent futures contract, heating oil, has also surged as winter approaches.
Citi raised its average Brent crude price forecast for the third quarter to $86 a barrel from $80, saying the reopening of the Strait of Hormuz was taking longer than previously expected.
ANZ analysts raised their short-term Brent crude forecast to $95 a barrel, with upside risk if the Middle East conflict intensifies.
The U.S. economy added 162,000 jobs in August, allaying fears of weakness in the labor market, but bolstering the case for the U.S. Federal Reserve to raise rates later in September.
""The strong employment figures points to an interest rate hike by the Federal Reserve and that was weighing on WTI,"" said John Kilduff, partner with Again Capital.
TANKER FLOWS REMAIN IMPAIRED
The U.S. government has said Middle Eastern oil flows have returned to near normal levels in recent weeks, but analysts and tanker trackers indicate that flows remain seriously disrupted.
Four commodity vessels transited the Strait of Hormuz on Thursday, well below the 10-day average tally of about 15, preliminary shipping data showed.
""Oil seems to be in a phase where the conflict's gridlock and recurring hostilities are regularly awakening a risk premium embedded in prices,"" said Norbert Rucker, head of economics and next generation research at Julius Baer.
""So far, there is no indication that this week's escalation materially impacted exports out of the Middle East and tightened the oil market,"" Rucker said. ""Oil's current rally seems mostly mood and fear driven.""
U.S. attacks this week that killed and wounded dozens, including Iranian civilians, were the fiercest clashes between the two countries since July.
The U.S. campaign to throttle Iran's economy by blockading its oil exports and stopping sanctions evasion is growing increasingly difficult to withstand, three senior Iranian sources said.
Iraq increased its August oil exports to about 2.34 million barrels per day from about 1.35 million bpd in July, two Iraqi energy officials said on Wednesday."
b73315b6019b,asia_oriental,Channel News Asia,2026-09-03T14:08:46Z,https://www.channelnewsasia.com/business/oil-prices-rise-escalation-in-middle-east-6360811,Oil prices rise on escalation in Middle East,en,False,0,413,412,False,"Oil prices rise on escalation in Middle East
LONDON, <DATE> : Oil prices rose on Thursday after U.S. strikes on Iran and renewed Israeli threats against Tehran revived concerns about disruptions to Middle East supplies.
Brent crude futures were up 59 cents, or 0.62 per cent, at $96.22 a barrel by 1327 GMT while U.S. West Texas Intermediate crude futures rose 78 cents, or 0.86 per cent, to $91.79. Both contracts were heading for their fourth day of gains and hit six-week highs earlier in the session.
Iran's health minister said 18 people were killed and 108 wounded in Tuesday night's U.S. strikes across Iran. The Iranian Red Crescent said four people were killed and 67 wounded at a wedding ceremony near the coast of the Strait of Hormuz.
Three Iranian Army pilots were killed in the U.S. strikes, the semi-official Tasnim news agency reported.
The attacks were the most substantial exchange of fire between the U.S. and Iran since July. The war, which began with U.S.-Israeli strikes at the end of February, is in its seventh month.
Israeli Defence Minister Israel Katz renewed warnings that Israel would ""cripple"" Iran's military and civilian infrastructure, including energy facilities, if Tehran launched attacks against it.
Saxo Bank analyst Ole Hansen said Katz's comments had helped to push oil prices higher.
FEWER VESSELS TRANSIT STRAIT
Six commodity vessels transited the Strait of Hormuz on Wednesday, down from 11 a day earlier and well below the 10-day average of around 13, preliminary shipping data showed on Thursday.
""The oil market remains tight, with oil inventories still declining globally translating into higher prices. Some support might have also come from ongoing tensions in the Middle East,"" said UBS energy analyst Giovanni Staunovo.
Meanwhile, Iran added ships to the list of vessels it deems non-compliant and subject to fines, confiscation or detention if they try to sail through the strait.
Iraqi vessels are among those Iran has allowed to pass through Hormuz.
Iraq increased its oil exports to around 2.34 million barrels per day in August from about 1.35 million bpd in July, two Iraqi energy officials said on Wednesday, with September exports also expected to increase as heavy discounts and Iranian approvals for Iraqi tankers encouraged buyers.
Higher oil prices and the implications for inflation led to increased bets on a Federal Reserve interest rate hike this month.
(Additional reporting by Sam Li and Colleen Howe; Editing by Sharon Singleton, Jacqueline Wong, Susan Fenton and Barbara Lewis)"
b08bdb41020b,asia_oriental,Channel News Asia,2026-09-21T11:49:00Z,https://www.channelnewsasia.com/world/houthis-fight-yemen-highlands-control-trump-airstrikes-6399591,Houthis push for control of Yemen highlands as Trump reported to have called off airstrikes,en,False,0,1118,1117,False,"Houthis push for control of Yemen highlands as Trump is said to have called off strikes
US President Donald Trump reportedly called off the airstrikes at the last minute, even as troops were loading bombs onto aircraft.
DUBAI: Houthi fighters pushed to seize strategic heights in Yemen on Monday (<DATE>) to cut off the Red Sea coast from remaining areas held by Saudi-backed forces, after a report that President Donald Trump had called off US strikes on the group at the last minute.
A lightning advance by the Iran-backed group this month has extended the wider Middle East conflict to a new theatre and further threatened global energy supplies.
Washington has so far rebuffed repeated pleas from Saudi Arabia's Crown Prince Mohammed bin Salman to join the fight in Yemen.
Saudi Arabia has not commented on the first apparent strikes on the capital since the escalation began.
The New York Times reported that the Trump administration had prepared on Sunday to launch airstrikes against the Houthis after fresh pleas from the Saudi crown prince. But the newspaper said Trump called off the airstrikes at the last minute, even as troops were loading bombs onto aircraft.
Reuters could not immediately verify the Times' report. The US military's Central Command referred questions to the White House. The White House did not immediately respond to an email seeking comment.
Rashid al-Alimi, the Riyadh-based president of Yemen's Saudi-backed, internationally recognised government, asked Trump by phone on Sunday for US military help, four sources told Reuters.
Two of the sources, one Yemeni and one Western, said Trump made no direct pledge of support during the call.
Riyadh was apparently struck on Saturday for the first time since the escalation began, with explosions heard and smoke visible near the airport. The Houthis said they had fired missiles at the Saudi capital; the Saudis have not commented.
FIGHTING IN HIGHLANDS
The Houthis, who have controlled Yemen's capital since 2014, seized the country's Red Sea coast this month in an advance that routed forces of the Saudi-backed government.
Saudi Arabia has launched hundreds of strikes in recent days on the fighters' positions in the highlands, the Houthis say.
According to the United Nations, nearly 700 people have been killed and thousands injured in the flare-up in fighting. Nearly 130,000 Yemenis have fled homes within Yemen, and more than 3,000 have fled by boat across the Red Sea to Africa.
Five Yemeni military sources told Reuters the Houthis were now seeking to seize strategic heights, known as the Kahboub Mountains, in two provinces, Taiz and Lahij, which separate the Red Sea coast from the government-held south.
Fighting has centred on the outskirts of the remote mountain Al-Wazi'iyah district in Taiz province, and Ras al-Ara along the Indian Ocean coast between the mouth of the Red Sea that the fighters captured last week and the government's base in Aden.
""The government forces appear to remain largely in a defensive posture following the loss of the Bab el-Mandeb area, while the Houthis are seeking to maintain the momentum of their advance, despite being exposed to intensive air strikes,"" said Mohammed Al-Qadhi, a veteran Yemeni journalist now working as a political analyst.
""These mountains could become critical to determining whether the Houthis succeed in consolidating their recent territorial gains or whether government forces will be able to retain the positions necessary to mount a counteroffensive.""
SAUDI OIL EXPORTS
The surge in fighting between Saudi Arabia and the Houthis creates a dilemma for Trump, under pressure to help defend Washington's Saudi allies but anxious not to further expand the deeply unpopular war he launched in February against Iran.
The United States bombed the Houthis for two months in early 2025, but Trump called off those strikes after reaching a ceasefire with the group and has kept out of the conflict since.
The Houthis' newfound control of the Bab al-Mandeb Strait risks cutting off the main alternative route that Saudi Arabia has used for oil exports that bypass disruption in the Strait of Hormuz.
Saudi Arabia has responded by increasing shipments through Hormuz, where a small number of tankers are increasingly shuttling back and forth to bring out oil, charging record fees of as much as a quarter of the value of the cargo to brave the wartime risk. They then transfer the oil to other ships in the Indian Ocean, bound for customers in Asia or elsewhere.
Traders say Saudi Arabia has sold 60 million barrels of oil both this month and next, to be loaded from off Oman on the far side of Hormuz. Satellite data shows Saudi exports through Hormuz reaching 2.9 million barrels per day in recent days, up from just 700,000 in August.
That has helped put a cap on the global price of crude, which has retreated closer to US$100 a barrel after approaching US$110 last week. But consumers and industries are still paying record prices for some refined fuels, with the US retail price of diesel hitting another all-time high on Monday.
Amin Saikal, emeritus professor of Middle Eastern, Central Asian and Islamic studies at Australian National University and adjunct senior fellow at the S. Rajaratnam School of International Studies, Nanyang Technological University, said Trump was trying to avoid a widening of the conflict.
""I think President Trump is caught up in a serious dilemma. On the one hand, he would like to really see the end of this war as quickly as possible. He doesn't want to see really the expansion of this war,"" Saikal told CNA's Asia First.
""That's one of the main reasons that he has essentially rebuffed Prince Salman's request for military strikes,"" he added.
But Saikal said Iran still had the capability to target US Arab allies in the region.
""Saudi Arabia is already coming under pressure, and this is the first time that actually Saudis are bearing the brunt of the expansion of this war,"" he said.
""I think the next thing that Iranians may want to do is to target American ships. And I think that is something that Tehran has already indicated.""
In the latest reported attack in Hormuz, Britain's UKMTO maritime security agency said a ship sailing into the strait had been hit with a projectile, causing minor injuries to the crew. It also said it had learned of an earlier strike on a gas tanker.
Diplomacy in the wider conflict has largely been stalled since a June interim agreement between the United States and Iran collapsed within weeks. Iran's President Masoud Pezeshkian is due to fly on Tuesday to New York to attend the UN General Assembly, the first such visit since Trump launched ""Operation Epic Fury"" against his country alongside Israel in February."
551ebdbc6d6e,asia_oriental,Channel News Asia,2026-09-04T08:36:49Z,https://www.channelnewsasia.com/business/oil-prices-set-weekly-gain-us-iran-hostilities-intensify-6361856,Oil prices set for weekly gain as US-Iran hostilities intensify,en,False,0,609,608,False,"Oil ends week higher on renewed US-Iran strikes, diesel hits record
(Corrects paragraph 2 to show Friday's Brent settlement price at$96.28 a barrel, not $92.68)
HOUSTON, <DATE> : Oil prices rose on Friday, ending the week substantially higher after the United States and Iran resumed military exchanges in the seventh month of their conflict, while retail U.S. diesel prices hit a record high.
Brent crude futures settled at $96.28 a barrel, up 76 cents, or 0.8 per cent. West Texas Intermediate crude futures finished at $91.48 a barrel, up 18 cents, or 0.20 per cent.
For the week, Brent crude rose 7.6 per cent while U.S. crude gained nearly 10 per cent as supply routes in the Middle East remain impaired due to the war.
The rally in oil prices combined with a much steeper increase in fuel prices has pushed inflation and government borrowing costs higher around the world and intensified fears that global economic growth might pull back without some relief.
""All sectors of the economy are affected by diesel. This is one of the reasons why the government bond yields in the United States are so high, it's the expectation that inflation will continue to go up,"" said Claudio Galimberti, chief economist at Rystad Energy.
Average U.S. diesel prices hit record highs as renewed U.S.-Iran hostilities and Ukrainian attacks on Russian refineries increased supply disruptions. A gallon of diesel now costs $5.85 on average in the U.S., according to AAA data.
The price of diesel could rise even further due to the sharp drawdown in inventories and as agricultural states in various parts of the country head into harvesting and planting seasons. Diesel is a primary fuel for ag equipment. Its equivalent futures contract, heating oil, has also surged as winter approaches.
Citi raised its average Brent crude price forecast for the third quarter to $86 a barrel from $80, saying the reopening of the Strait of Hormuz was taking longer than previously expected.
ANZ analysts raised their short-term Brent crude forecast to $95 a barrel, with upside risk if the Middle East conflict intensifies.
The U.S. economy added 162,000 jobs in August, allaying fears of weakness in the labor market, but bolstering the case for the U.S. Federal Reserve to raise rates later in September.
""The strong employment figures points to an interest rate hike by the Federal Reserve and that was weighing on WTI,"" said John Kilduff, partner with Again Capital.
TANKER FLOWS REMAIN IMPAIRED
The U.S. government has said Middle Eastern oil flows have returned to near normal levels in recent weeks, but analysts and tanker trackers indicate that flows remain seriously disrupted.
Four commodity vessels transited the Strait of Hormuz on Thursday, well below the 10-day average tally of about 15, preliminary shipping data showed.
""Oil seems to be in a phase where the conflict's gridlock and recurring hostilities are regularly awakening a risk premium embedded in prices,"" said Norbert Rucker, head of economics and next generation research at Julius Baer.
""So far, there is no indication that this week's escalation materially impacted exports out of the Middle East and tightened the oil market,"" Rucker said. ""Oil's current rally seems mostly mood and fear driven.""
U.S. attacks this week that killed and wounded dozens, including Iranian civilians, were the fiercest clashes between the two countries since July.
The U.S. campaign to throttle Iran's economy by blockading its oil exports and stopping sanctions evasion is growing increasingly difficult to withstand, three senior Iranian sources said.
Iraq increased its August oil exports to about 2.34 million barrels per day from about 1.35 million bpd in July, two Iraqi energy officials said on Wednesday."
00cfd34702f4,asia_oriental,Channel News Asia,2026-09-04T08:36:49Z,https://www.channelnewsasia.com/business/oil-heads-weekly-gain-us-iran-fighting-resumes-diesel-hits-record-high-6361856,Oil heads for weekly gain as US-Iran fighting resumes; diesel hits record high,en,False,0,609,608,False,"Oil ends week higher on renewed US-Iran strikes, diesel hits record
(Corrects paragraph 2 to show Friday's Brent settlement price at$96.28 a barrel, not $92.68)
HOUSTON, <DATE> : Oil prices rose on Friday, ending the week substantially higher after the United States and Iran resumed military exchanges in the seventh month of their conflict, while retail U.S. diesel prices hit a record high.
Brent crude futures settled at $96.28 a barrel, up 76 cents, or 0.8 per cent. West Texas Intermediate crude futures finished at $91.48 a barrel, up 18 cents, or 0.20 per cent.
For the week, Brent crude rose 7.6 per cent while U.S. crude gained nearly 10 per cent as supply routes in the Middle East remain impaired due to the war.
The rally in oil prices combined with a much steeper increase in fuel prices has pushed inflation and government borrowing costs higher around the world and intensified fears that global economic growth might pull back without some relief.
""All sectors of the economy are affected by diesel. This is one of the reasons why the government bond yields in the United States are so high, it's the expectation that inflation will continue to go up,"" said Claudio Galimberti, chief economist at Rystad Energy.
Average U.S. diesel prices hit record highs as renewed U.S.-Iran hostilities and Ukrainian attacks on Russian refineries increased supply disruptions. A gallon of diesel now costs $5.85 on average in the U.S., according to AAA data.
The price of diesel could rise even further due to the sharp drawdown in inventories and as agricultural states in various parts of the country head into harvesting and planting seasons. Diesel is a primary fuel for ag equipment. Its equivalent futures contract, heating oil, has also surged as winter approaches.
Citi raised its average Brent crude price forecast for the third quarter to $86 a barrel from $80, saying the reopening of the Strait of Hormuz was taking longer than previously expected.
ANZ analysts raised their short-term Brent crude forecast to $95 a barrel, with upside risk if the Middle East conflict intensifies.
The U.S. economy added 162,000 jobs in August, allaying fears of weakness in the labor market, but bolstering the case for the U.S. Federal Reserve to raise rates later in September.
""The strong employment figures points to an interest rate hike by the Federal Reserve and that was weighing on WTI,"" said John Kilduff, partner with Again Capital.
TANKER FLOWS REMAIN IMPAIRED
The U.S. government has said Middle Eastern oil flows have returned to near normal levels in recent weeks, but analysts and tanker trackers indicate that flows remain seriously disrupted.
Four commodity vessels transited the Strait of Hormuz on Thursday, well below the 10-day average tally of about 15, preliminary shipping data showed.
""Oil seems to be in a phase where the conflict's gridlock and recurring hostilities are regularly awakening a risk premium embedded in prices,"" said Norbert Rucker, head of economics and next generation research at Julius Baer.
""So far, there is no indication that this week's escalation materially impacted exports out of the Middle East and tightened the oil market,"" Rucker said. ""Oil's current rally seems mostly mood and fear driven.""
U.S. attacks this week that killed and wounded dozens, including Iranian civilians, were the fiercest clashes between the two countries since July.
The U.S. campaign to throttle Iran's economy by blockading its oil exports and stopping sanctions evasion is growing increasingly difficult to withstand, three senior Iranian sources said.
Iraq increased its August oil exports to about 2.34 million barrels per day from about 1.35 million bpd in July, two Iraqi energy officials said on Wednesday."
17bc05c01e7a,asia_oriental,Channel News Asia,2026-09-12T11:28:00Z,https://www.channelnewsasia.com/asia/brics-india-china-russia-summit-test-unity-6380141,BRICS agrees to joint declaration in test of unity despite Mideast tensions,en,False,0,729,728,False,"Iran and UAE back joint BRICS statement urging restraint in war
Iranian President Masoud Pezeshkian met the Crown Prince of Abu Dhabi on the sidelines of the first day of the New Delhi summit, in the countries' highest-level meeting since the start of the conflict.
NEW DELHI: Iran and the United Arab Emirates signed up to a joint statement from the BRICS group of nations that called for restraint in the Middle East war on Saturday (<DATE>), in what was seen as a sign of diplomatic progress between the countries divided by the war.
Iranian President Masoud Pezeshkian also met the Crown Prince of Abu Dhabi on the sidelines of the first day of the New Delhi summit, in the countries' highest-level meeting since the start of the conflict.
The two leaders discussed regional and international issues, de-escalation, stability, and efforts to advance regional peace and development, the Abu Dhabi media office said on X, without referring to any resolution to the discussions.
The BRICS summit is a test of the diplomatic clout of a bloc set up in 2009 to challenge a world order dominated by the United States and its Western allies. It originally comprised Brazil, Russia, India, China and South Africa and expanded to include Egypt, Ethiopia and Indonesia as well as Iran and the UAE.
Summit organisers and diplomats have been focused on bridging the Iran-UAE divide, even as the United States and Iran resume tit-for-tat strikes in the six-month-old war.
Iran has launched repeated attacks on the UAE during the conflict, most recently in late August when it targeted the Al Minhad Air Base that housed US forces and helicopters.
""We express deep concern over the continued escalation of tensions in Middle East/West Asia ... call for exercising maximum restraint, as well as avoiding actions that could further aggravate the situation,"" the joint BRICS declaration read.
It called for the protection of civilians, urged respect for the sovereignty and territorial integrity of states, and stressed the need to protect global trade, supply chains, energy flows and maritime security.
SUMMIT HAS KEPT ""DIFFICULT CONVERSATIONS GOING""
Foreign policy experts had said the key test for the bloc would be finding language on the Middle East crisis that both Abu Dhabi and Tehran could accept, clearing the way for the joint declaration.
Such a joint statement was unlikely to influence the current geopolitical landscape, but would demonstrate unity by a grouping of emerging nations, they said.
The Iranian embassy in India posted a photo of the meeting between its president and Abu Dhabi Crown Prince Sheikh Khaled bin Mohamed bin Zayed Al Nahyan, the eldest son of the president of the country and the next in line to succeed him.
But it did not say anything about what they discussed.
""The key to ending the war lies with the US and Israel,"" Sunjay Sudhir, a former Indian ambassador to the UAE, told Reuters.
""What India has done is keep the difficult conversations going, by showing that countries of the region can sit at the same table, engage diplomatically, and build on where their interests converge.""
BRICS BLOC HAS COME OF AGE, SAYS MODI
Host India's Prime Minister Narendra Modi said that the bloc had come of age and it was time to translate its unity and consensus into concrete results on the global stage, as he opened the meeting.
The BRICS bloc is seeking to raise its profile by influencing international rules and demanding the reform of institutions such as the World Bank, International Monetary Fund and World Trade Organization, which some members view as being dominated by Western powers.
Leaders attending the summit include Russia's Vladimir Putin, China's Xi Jinping and South Africa's Cyril Ramaphosa.
Chinese President Xi said BRICS countries should firmly stand on the right side of history by steering the international order toward greater equity and justice.
Xi also said China was ready to play its ""due role"" in achieving peace and stability in the Middle East.
""Relevant parties must remain committed to a political settlement and work towards achieving a permanent and comprehensive ceasefire,"" he said, according to state broadcaster CCTV.
New Delhi, which has strong ties with the United States, Russia, Israel, Iran and the Gulf Arab states, is engaged in a diplomatic balancing act, with Modi pushing BRICS members to boost trade cooperation, reduce barriers and expand business opportunities."
62c324c46bbf,asia_oriental,Channel News Asia,2026-09-16T10:35:49Z,https://www.channelnewsasia.com/business/thailands-pttep-says-every-3-rise-in-lng-prices-could-lift-thai-power-prices-5-6388986,Thailand's PTTEP says every $3 rise in LNG prices could lift Thai power prices by 5%,en,False,0,343,342,False,"Thailand's PTTEP says every $3 rise in LNG prices could lift Thai power prices by 5%
BANGKOK, <DATE> : Every $3 per MMBtu increase in liquefied natural gas prices could raise Thai electricity prices by 5 per cent, the incoming chief executive of Thai energy company PTTEP told the Gastech conference on Wednesday.
""In Thailand, if you do not lower the cost, it will be difficult for us to deliver and sustain the gas,"" said Kanita Sartwattayu, adding that Thailand relies on LNG for 30 per cent of its power generation.
""In the next 10 years, probably if we cannot do anything better than today, we (will) probably rely 70 per cent on LNG. So what we are trying to do is to maintain the domestic gas (production) as much as possible.""
The country relies on a mix of piped gas, domestic gas production and LNG imports for its entire gas consumption.
Besides focusing on cost competitiveness, Thailand also still has a lot of marginal gas fields to develop, she added.
Gas accounts for more than 60 per cent of Thailand's power generation, government data for the six months through June showed.
More than a quarter of the gas used for electricity generation is imported, according to energy think tank IEEFA.
Thailand buys half its LNG on the spot market, Kpler data shows, making it more vulnerable to shocks such as the surge in LNG prices after the U.S. and Israel began the war with Iran six months ago.
Thailand, however, is expected to increase its reliance on LNG imports as domestic gas production declines and pipeline gas imports become more uncertain, said BMI analyst Tanya George.
""Major fields such as Erawan, Bongkot and the Malaysia-Thailand Joint Development Area are maturing and facing reservoir depletion,"" she said.
""While there is some upside potential from new exploration by PTTEP and Chevron, no major new discoveries have yet been confirmed, so the broader trend still points to declining domestic supply,"" said George, adding that Thailand's pipeline imports from Myanmar are also set to decline."
a634d3a98afc,asia_oriental,Channel News Asia,2026-09-09T03:03:44Z,https://www.channelnewsasia.com/singapore/six-charged-prohibited-processions-assemblies-6371541,"6 charged over prohibited processions, public assemblies",en,False,0,749,723,False,"6 charged over prohibited processions, public assemblies
The processions include one along the Istana in support of the Palestinian cause, while one of the public assemblies was a mass kite-flying event at the Marina Barrage held in relation to the Gaza conflict.
SINGAPORE: Six people were charged on Wednesday (<DATE>) largely under the Public Order Act for taking part in various processions or public assemblies, or for organising them.
The processions include one along the Istana in support of the Palestinian cause, while one of the public assemblies was a mass kite-flying event at Marina Barrage held in relation to the Gaza conflict.
The six are: Kyal Sin Linn Naing, 22; Elijah Tay, 24; Amirah Mokhlis, 33; Dayana Noor Mohamed, 36; Nur Sabrina Kamel, 32; and Nurul Afiqah Kamel, 33.
THE CHARGES
Kyal, a Myanmar citizen and Singapore permanent resident, is accused of gathering with other people near Novena MRT station on <DATE> and moving together to the Ministry of Home Affairs to hand over letters opposing the Maintenance of Racial Harmony Bill.
Tay has nine charges, the most of the lot. The Singaporean shares the same charge with Kyal for the <DATE> public procession.
Tay is accused of attending candlelight vigils for the execution of inmates near Changi Prison on <DATE>, <DATE> and <DATE>.
On <DATE>, Tay allegedly refused to answer questions at Bedok Police Division regarding two of the candlelight vigils.
Tay is accused of committing an act prejudicial to the maintenance of racial harmony, which was likely to disturb ""public tranquillity"" on <DATE>.
This was by leading the chant ""From the river to the sea, Palestine will be free"" at The Arts & Civil Space in Ubi. This phrase supports the elimination of the Jewish state of Israel, the charge read.
Tay is also accused of taking part in an assembly at the State Courts on <DATE>, publicising the cause of abolishing capital punishment in Singapore. The courts are a prohibited area under the Public Order Act.
Tay is accused of refusing to answer questions at Police Cantonment Complex on <DATE>.
On <DATE>, Tay allegedly organised a public assembly by staging a memorial in front of the Campus for Research Excellence and Technological Enterprise at University Town within the National University of Singapore, demonstrating opposition to the ties between educational institutions in Singapore and Israel.
Amirah, a Singaporean, is accused of organising a public assembly on <DATE> at the Marina Barrage, to publicise the cause of honouring children who died in Gaza after October 7.
Dayana, a Singaporean who gave birth four months ago according to her lawyer, received two charges.
One is for taking part in the procession along the Istana publicising the cause of solidarity with Palestine on <DATE>, and the other is for organising the public assembly at the Marina Barrage.
Singaporean Nur Sabrina is accused of organising the public assembly at the Marina Barrage, and of making a vulgar gesture at a public servant at the same location.
Her sister, Nurul Afiqah, also Singaporean, is accused of taking part in the Istana procession and of organising the public assembly at the Marina Barrage.
Kyal is defended by Mr Derek Wong, while the rest are represented by Mr Ariffin Sha.
The lawyers asked for adjournments and for their clients not to have to appear in subsequent hearings unless otherwise needed. Both requests were granted.
The courtroom was packed, with many supporters in the public gallery and others waiting outside. Opposition politicians Dr Chee Soon Juan and Professor Paul Tambyah were also in attendance, along with activist Han Hui Hui.
Previously, three women who had organised the walk along the Istana had been acquitted by a district court but an appeal by the prosecution resulted in the acquittals being overturned. They were fined S$3,000 each.
If convicted under the Public Order Act of organising a prohibited procession, an offender can be jailed for up to six months or fined up to S$10,000, or both.
If convicted of taking part in a prohibited procession, an offender can be fined up to S$5,000.
If convicted of knowingly committing an act prejudicial to the maintenance of racial harmony, an offender can be jailed for up to three years or fined, or both.
The offence of using abusive behaviour towards a public servant is punishable with a fine of up to S$5,000."
e5adf08f07fb,asia_oriental,Channel News Asia,2026-09-05T22:53:28Z,https://www.channelnewsasia.com/world/us-iranian-forces-fire-vessels-in-waters-near-iran-6365176,"US, Iranian forces fire at vessels in waters near Iran",en,False,0,563,558,False,"US, Iranian forces fire at vessels in waters near Iran
The exchange of attacks followed an escalation in the past week that threatens to deepen a conflict since its outset in February.
DUBAI: US and Iranian forces fired at vessels in waters around Iran on Saturday (<DATE>), including three Iranian oil carriers struck by the Americans and three tankers that Iran said it targeted while on unauthorised routes in the Strait of Hormuz.
US Central Command said it struck the three Iranian vessels, including one off the coast of Kharg Island, near Iran's oil export hub, after Iran's Islamic Revolutionary Guard Corps (IRGC) launched ballistic missiles at two US Navy ships.
""Let the message to the IRGC be clear: If you shoot at two of our ships, we will impose an even higher economic cost - taking out three of yours,"" said Admiral Brad Cooper, head of US Central Command, which oversees the US military in the Middle East.
The IRGC responded by threatening intensified strikes against US military vessels in the region, and said later it targeted the three tankers as well as three US-linked vessels in other areas.
""Do not be deceived by the 'terrorist' US military and refrain from any suspicious movement aimed at passing through unauthorised waterways,"" the IRGC Navy said in a statement carried on Iranian state TV. ""Otherwise, you will be targeted.""
Tasnim, the semi-official Iranian news agency, had reported that four US missiles hit a tanker in the area of Kharg's anchorage. Tasnim quoted local sources as saying there were no casualties and the tanker's crew was being evacuated.
No American personnel were harmed, Central Command said.
The exchange of attacks followed an escalation in the past week that threatens to deepen a conflict that has continued since the US and Israel launched strikes on Iran in February, disrupting global energy supplies and drawing opposition from a majority of Americans before congressional elections in November.
TRUMP'S THREATS OVER KHARG ISLAND
While Donald Trump's administration seeks to pivot toward an economic clampdown on Iran by widening sanctions, the US president himself has kept open the possibility of military action.
On <DATE>, Trump issued a one-line social media post accompanied by an AI-generated video depicting Kharg Island being ""blown to smithereens"". Iranian authorities have vowed a strong response if Kharg is attacked.
Iran is the third-largest producer in the Organization of the Petroleum Exporting Countries and exported 90 per cent of its crude via Kharg Island before the war. Flows have been disrupted since a US blockade of Iranian oil exports began in mid-April.
Trump has spoken of an attack on Kharg before.
He said on <DATE> that he wanted to take over the island, but then said a US military operation there was off the table, days before Tehran and Washington signed an interim agreement aimed at ending the war on <DATE>.
A US attack on Kharg would further pressure Iran's oil industry and its wider economy, which is already reeling from the US naval blockade.
The US imposed its blockade on Iranian ports after Iran effectively shut the Strait of Hormuz, an important waterway that carried one-fifth of the world's oil supply before the war.
Brent crude futures closed at their highest level since <DATE> on Friday, at US$96.28 a barrel, as tensions in the Middle East drive global supply concerns."
d718feb8f771,asia_oriental,Channel News Asia,2026-09-15T16:54:10Z,https://www.channelnewsasia.com/world/saudi-egypt-demand-open-red-sea-riyadh-vows-hit-back-against-houthis-6386751,"Saudi, Egypt demand open Red Sea, as Riyadh vows to hit back against Houthis",en,False,0,699,699,False,"Saudi, Egypt demand open Red Sea, as Riyadh vows to hit back against Houthis
Saudi Arabia and Egypt called for safe shipping in the Red Sea after the Houthis took control of the Bab el-Mandeb Strait and attacked Saudi-linked ships.
The Houthis have been engaged in renewed fighting with Saudi-backed Yemeni government forces since the country's civil war reignited in July, when the group also declared a maritime blockade on Riyadh and began targeting its ships in the Red Sea.
In a lightning offensive last week, they seized control of the entirety of Yemen's Red Sea coast and the Bab el-Mandeb Strait, which has become vital to Saudi crude exports as the wider Middle East war chokes the Strait of Hormuz in the Gulf.
De facto Saudi leader Crown Prince Mohammed bin Salman met Egyptian President Abdel Fattah al-Sisi in Cairo on Tuesday, where the two discussed the latest crisis.
They called for ""ensuring the freedom and security of maritime navigation"" through the Hormuz and Bab el-Mandeb, the Egyptian presidency said, adding that Sisi affirmed Egypt's support for measures taken by Saudi Arabia ""to protect its security and stability"".
The sudden revival of Yemen's war, dormant since 2022, has left Riyadh rushing to respond. Last week, US media reported, the crown prince made a personal request to President Donald Trump for US intervention, but was turned down.
Disruption in the strait could cause Egypt to feel the pinch too, as the Red Sea serves as the gateway to the Suez Canal, upon which Cairo relies for crucial foreign revenue.
Canal revenues are currently around half of what they were before the Houthis first started attacking Red Sea shipping in 2023, a campaign they said was in solidarity with Palestinians during Israel's war against Hamas in Gaza.
On Tuesday, Qatar warned of dire consequences if Bab el-Mandeb was closed, saying it would be ""catastrophic for the entire world"".
""HOSTILE AND EXTREMIST""
Riyadh issued attack alerts on Tuesday for Mecca and the Jeddah and Taif governorates, among others, before quickly lifting them.
A Saudi-led anti-Houthi coalition confirmed on Tuesday that missile and drone attacks in three areas the previous day wounded 13 civilians.
The Houthis have also targeted oil infrastructure in Saudi Arabia, the world's leading crude exporter, helping push global prices above the US$100-a-barrel threshold.
The Saudi-led coalition said it would deal with the attacks ""firmly to protect the sovereignty of the Kingdom"", and would take ""all necessary operational measures to deter this ... hostile and extremist approach"".
The return to fighting in one of the region's poorest and most populous countries has worsened a deep humanitarian crisis, with the UN saying on Tuesday that 100,000 people had been internally displaced by the new fighting.
Thousands more, it said, had fled across the sea to Djibouti.
The Yemen war dates back to the Houthi seizure of the capital Sanaa in 2014, with Saudi Arabia leading a coalition that intervened the following year on the government's side.
A Houthi strike in western Yemen on Monday killed eight government soldiers, according to two military sources.
Saudi Arabia responded with more than 50 strikes, as it had the day before, according to the Houthis, but its strikes have failed to reverse the group's gains.
The United Nations Security Council was due to meet on Tuesday to discuss the Houthi offensive, diplomatic sources said.
HOUTHI ""RESPONSE WILL CONTINUE""
The fighting in Yemen comes as the wider Middle East war remains at a stalemate, though Trump on Monday said he was open to holding talks with Iran, maintaining that Tehran ""wants to make a deal, quickly and badly"".
Iran's top security chief Mohsen Rezaei, however, replied that ""there will be no negotiations until Iran's conditions are met. That is all there is to it.""
A proposed meeting between Gulf states and Iran over the future of Hormuz was postponed on Monday, with Tehran accusing Riyadh of using Yemen as a pretext to delay the talks.
Tehran has long supported the Houthis, a member of its anti-Israel ""axis of resistance"", including with weapons and technology, but has denied any role in the current war.
Experts dispute the extent to which it is behind the renewed fighting."
2146514f97c3,asia_oriental,Channel News Asia,2026-09-13T11:22:09Z,https://www.channelnewsasia.com/sport/sabitzer-take-break-austria-national-team-6381286,Sabitzer to take break from Austria national team,en,False,0,316,312,False,"Sabitzer to take break from Austria national team
<DATE> : Austria midfielder Marcel Sabitzer will take a break from the national team and not be available for this year's Nations League group matches, the country's football association (OFB) said on Sunday.
The 32-year-old Borussia Dortmund player, who has scored 27 goals in 102 appearances for his country, will reassess his future before next March's start of the qualifiers for the 2028 European Championship.
""The past two years have been very intense. Since Euro 2024, I've effectively played three seasons because of the Club World Cup and the World Cup,"" Sabitzer said in a statement from the OFB.
""This season is also packed, with the Bundesliga, DFB-Pokal and Champions League. I'm 32 years old, I still want to play football at the highest level for several more years and I have to manage my energy carefully.
""I therefore agreed with the coach, in open and trusting discussions, that I would take a break now and that we will discuss at the beginning of next year whether I will return to the national team for the Euro qualifiers.""
In the same statement, coach Ralf Rangnick said it was a shame he would have to do without Sabitzer but he understood his reasoning.
""We will make a joint decision in good time before the start of the Euro 2028 qualifying matches about how to proceed. In any case, I'm pleased that Marcel will basically be available again if we need him. That shows me how important the national team still is to him.""
Rangnick will on Monday announce his squad for the Nations League matches at home to Israel in Linz on <DATE>, and Kosovo in Vienna on <DATE>.
On <DATE>, Austria face Ireland away in Dublin and Kosovo four days later in Pristina.
(Writing by Mark Gleeson in Cape Town; Editing by Christian Radnedge)"
d29111f68022,asia_oriental,Channel News Asia,2026-09-28T21:51:44Z,https://www.channelnewsasia.com/world/us-stocks-fall-bond-yields-rise-middle-east-war-drags-6416821,"US stocks fall, bond yields rise as Middle East war drags on",en,False,0,465,464,False,"US stocks fall, bond yields rise as Middle East war drags on
NEW YORK: Wall Street stocks retreated Monday (<DATE>) as US Treasury yields continued to climb after US President Donald Trump rejected Iran's offer of a seven-day truce.
Oil prices also rose, although crude finished well below session highs as traders were heartened that Trump also signalled he expects talks to continue.
Markets also digested a report from Iranian state media that Iran's Foreign Minister Abbas Araghchi was set to meet on Monday with Qatari mediators in New York.
Wall Street indices spent the entire session in the red, with the broad-based S&P 500 closing down 0.8 per cent.
""The ongoing Washington and Tehran impasse is roiling markets to start the week, as yields soar further into the nosebleeds,"" said Jose Torres of Interactive Brokers. ""The geopolitical premium bolstering oil prices is worrying Wall Street that the Fed will meaningfully tighten monetary policy to constrain inflation.""
Europe was sluggish throughout and London and Frankfurt closed 0.1 per cent down, while Paris ended flat.
Asia had ended the day mixed as markets also reacted to Washington and Beijing extending their trade truce at the end of last week.
With no sign of an imminent end to the war pitting the United States and Israel against Iran, European natural gas prices also rose on Monday, while average diesel prices in the United Kingdom hit a record high just shy of two pounds per litre, according to the RAC motoring organisation.
On the downside, ""gold prices have slumped from their summer highs as investors have reacted to the stronger dollar - which makes the metal more expensive for non-dollar buyers,"" said AJ Bell investment director Russ Mould.
Iran set out a plan at the United Nations General Assembly last week for a halt in hostilities that would see the Strait of Hormuz reopened, easing a crippling energy supply crisis that has jacked up global costs.
The waterway is key to the world's oil and gas deliveries and is now central to the conflict between the US and Iran, particularly with the Iran-backed Houthis seizing Yemen's entire Red Sea coast, including the Bab al-Mandab Strait, another vital shipping lane.
Trump on Saturday publicly rejected Iran's latest proposal for ending the war, but told US media outlet Axios on Sunday that he expected talks to resume in the coming days.
State news agency IRNA on Monday quoted an unnamed source close to the UN delegation as saying there were no more talks scheduled with the US.
But Iran's state broadcaster said Araghchi will meet with Qatari representatives, with the talks expected to focus on ""messages exchanged with the United States through intermediaries ... particularly regarding the conditions set by Iran for the reopening of the Strait of Hormuz."""
86c4c25d95cd,asia_oriental,Channel News Asia,2026-09-17T17:47:58Z,https://www.channelnewsasia.com/world/iran-us-war-crimes-against-humanity-un-mission-6392876,"UN mission finds grounds to believe US committed war crimes in Iran, and Tehran crimes against humanity",en,False,0,762,761,False,"UN mission finds grounds to believe US committed war crimes in Iran, and Tehran crimes against humanity
The report will be discussed by the United Nations Human Rights Council, but the fact-finding mission cannot bring criminal cases.
GENEVA: A UN fact-finding mission on Iran said on Thursday (<DATE>) it had reasonable grounds to believe the United States was behind two military strikes on a school and sports facility in Iran in February, and that these constituted war crimes.
The findings in a new report by the Independent International Fact-Finding Mission on Iran, to be submitted to the UN Human Rights Council in Geneva, examined US conduct during the Iran war that began in February and the Iranian government's response to nationwide unrest that began in late December.
The Pentagon declined to comment on a report conducted by an outside organisation.
""Our investigation remains ongoing, and we have nothing to announce at the moment,"" it said in a statement.
White House spokeswoman Anna Kelly said in response to the report that the UN Human Rights Council had ""accomplished nothing for human rights"", adding that Iran was the only party in the current conflict that had committed war crimes.
The Iranian permanent mission in Geneva did not immediately respond to Reuters requests for comment.
US officials have previously said military operations are conducted in accordance with the law of armed conflict, while Iran has consistently rejected allegations of systematic rights violations.
UN Fact-Finding missions are investigative, not judicial bodies, and therefore do not initiate any criminal cases. Their findings, however, can be used in criminal investigations by national courts or international tribunals such as the International Criminal Court. States will discuss the findings of the report when it is presented to the Human Rights Council in Geneva on Monday.
MINAB SCHOOL STRIKE
The UN experts said they found reasonable grounds to believe US forces were responsible for an attack on the Shajareh Tayyebeh Primary School in the city of Minab, where more than 150 people were killed, including around 120 schoolchildren, according to Iranian officials.
The attack constituted an indiscriminate attack causing civilian deaths and damage to civilian infrastructure, amounting to a war crime under international law, the mission concluded.
According to the report, the US failure to update information in relation to the school, which was adjacent to an Islamic Revolutionary Guard Corps naval complex, in its targeting databases and to confirm the building was a military objective amounted to more than mere negligence.
""Rather, the US directed the strikes at the building of the school while being aware of a substantial risk of striking a civilian object and acting recklessly as regards the possibility that this would happen.""
In June, US President Donald Trump said that ""nobody"" purposefully attacked a girls' school in Iran in February, citing an investigation into the incident. Reuters first reported that an initial internal US military investigation showed US forces were likely responsible for the fatal strike in Minab in southern Iran.
The Pentagon has since elevated the probe but it has not published any preliminary findings.
UN experts said the school was a clearly identifiable civilian object and found no evidence that it was being used for military purposes.
The experts reached a similar conclusion over a strike on a sports centre in Lamerd. The report said the attack damaged nearby residential buildings and a school and killed and injured 22 civilians. It concluded that the strike was indiscriminate and therefore constituted a war crime.
US Central Command said in a statement in March that US forces did not launch any strikes into the city of Lamerd on that day.
IRAN ABUSES
The UN mission probe found that the Iranian authorities carried out a widespread and systematic attack against civilians during protests that erupted in late December last year, involving unlawful killings, torture, arbitrary detention, enforced disappearances and severe restrictions on freedom of expression.
Rights groups say bystanders were among those killed during the biggest crackdown since Shi'ite Muslim clerics took power in the 1979 revolution. Tehran blamed ""terrorists and rioters"" backed by exiled opponents and foreign foes the US and Israel.
The probe said it could not independently verify the death toll, but that it believed the number of dead and injured was likely far higher than official figures which say 3,038 people were killed, and 25,000 people injured.
The government's response to the protests - including violence and killings, cutting off the internet and use of the death penalty - marked a significant escalation from previous patterns of suppressing dissent, the report said."
03fac0e1a182,asia_oriental,Channel News Asia,2026-09-01T00:57:11Z,https://www.channelnewsasia.com/business/oil-prices-rise-latest-fighting-resurrects-middle-east-supply-disruption-risks-6353426,Oil prices rise as latest fighting resurrects Middle East supply disruption risks,en,False,0,528,524,False,"Oil prices jump 4% as fresh US-Iran fighting stokes supply fears
NEW YORK, <DATE> : Oil prices jumped about 4 per cent to a one-week high on Tuesday as a resumption in fighting between the U.S. and Iran renewed fears of supply disruptions from the Middle East.
Brent futures rose $3.44, or 3.8 per cent, to $93.93 a barrel at 1:10 p.m. EDT (1710 GMT), while U.S. West Texas Intermediate crude rose $3.72, or 4.3 per cent, to $89.48.
That puts Brent on track for its highest close since <DATE> and WTI on track for its highest close since <DATE>.
The U.S. launched new air strikes on Iranian targets on Tuesday, quashing hopes that an exchange of fire last weekend might not presage a wider renewal of hostilities.
Oil prices had already risen after that first exchange of direct attacks since July and after reports of two tankers being hit leaving the Strait, the global oil supply waterway that Iran has effectively closed to shipping.
Tehran remained defiant, warning that it would prevent oil being exported from the Gulf, despite a threat by U.S. President Donald Trump to hit Iran ""hard"" in response to the renewed Iranian strikes, and a warning from U.S. Treasury Secretary Scott Bessent that Washington was about to impose new sanctions.
""Today at 12 p.m. ET (1600 GMT), U.S. forces began striking Islamic Revolutionary Guard Corps targets in Iran,"" U.S. Central Command posted on X. ""The strikes follow recent attempted attacks by the IRGC against commercial shipping in the Strait of Hormuz and against American service members deployed to the region.""
The fresh hostilities ""raised concerns about prolonged disruptions to energy flows through the Strait of Hormuz,"" Saxo Bank analyst Ole Hansen said.
DIESEL PRICE SPIKE
Disruptions at refineries around the world, especially in the Middle East due to the U.S.-Iran war and in Russia due to Ukrainian attacks, have caused diesel prices to spike.
In the U.S., diesel futures were trading around a 52-month high on Tuesday after soaring about 51 per cent over the past 10 weeks, boosting the diesel crack spread, which measures refining profit margins, to a record high near $106 a barrel, according to LSEG data.
Russian air attacks killed 12 people and injured many more in Kyiv and the surrounding region early on Tuesday, authorities said, marking the sixth straight day of intense strikes on the Ukrainian capital.
Russia was the world's third-biggest crude oil producer behind the U.S. and Saudi Arabia in 2025, according to U.S. energy data, and is a member of the OPEC+ group of countries, which includes OPEC and allies.
U.S. OIL INVENTORIES
The oil market was watching for weekly storage reports from the American Petroleum Institute trade group later on Tuesday and the U.S. Energy Information Administration on Wednesday.
Analysts estimated energy firms pulled 0.8 million barrels of crude from storage during the week ended <DATE>.
If correct, that would be the first decline in five weeks and compares with an increase of 2.4 million barrels in the same week last year and an average decrease of 5.1 million barrels over the past five years (2021 to 2025). [EIA/S]"
abb9e3b8a7a9,asia_oriental,Channel News Asia,2026-09-10T03:06:00Z,https://www.channelnewsasia.com/world/donald-trump-offers-us5000-republicans-midterm-elections-6374646,"Trump offers US$5,000 to every American if Republicans win midterm elections",en,False,0,971,969,False,"Trump offers US$5,000 to every American if Republicans win midterm elections
With about 270 million US adults, the idea would cost around US$1.35 trillion.
DALLAS: US President Donald Trump said on Wednesday (<DATE>) that he would pay every American adult a US$5,000 ""Trump dividend"" if Republicans retain control of Congress in November's midterm election, a striking attempt to persuade voters to back his party.
Trump made the proposal at his Republican Party's first-ever midterm convention, but it was not immediately clear how the payments would work or whether they would be legal. With approximately 270 million US adults, the idea would cost around US$1.35 trillion.
During his primetime address, Trump boasted of completing ""the greatest two years in the history of the presidency"", putting himself squarely at the centre of the election despite his deepening unpopularity.
But it was not clear whether his campaign-style speech would appeal to the critical swing voters who opinion polls show have drifted away from Trump's party, amid growing dissatisfaction with the cost of living and the war on Iran.
""We hand America's future to the radical left Democrats, and our nation will spend the next decade just getting back on its feet,"" he said.
""Vote Republicans and we will leave the world in our dust for generations to come.""
The two-day Dallas gathering, where Trump will also deliver the closing remarks on Thursday after Vice President JD Vance's keynote address, underscores the extent to which Republicans' fortunes are tethered to Trump and serves as a showcase for their strategy ahead of the <DATE> midterm elections.
The event was so centred on the president that Republican National Committee Chairman Joe Gruters informally dubbed it ""Trumpapalooza"", a nod to the popular Lollapalooza music festival.
The focus on Trump amounts to a risky bet that he can mobilise the voters who carried him to the presidency two years ago, despite public polls showing his approval ratings have hit an all-time low. The president vowed to pay multiple visits to battleground states and districts in the eight weeks until Election Day.
""I'm asking you to pretend that I'm on the ballot,"" Trump said, a line that may have pleased Democratic campaign strategists just as much as MAGA voters.
The convention presented a tough choice in particular for Republicans facing difficult elections who may need to distance themselves from the president to broaden their appeal but cannot afford to alienate Trump's most committed supporters.
Many such Republicans skipped the convention, including Representative Tom Barrett of Michigan, Senator Dan Sullivan of Alaska and Senator Susan Collins of Maine, all facing strong Democratic challengers this fall.
Some, however, elected to travel to Dallas. At least 16 candidates in competitive House and Senate races were scheduled to speak, according to the RNC schedule. Among those who spoke on Wednesday were Texas Attorney General Ken Paxton, a close Trump ally who is locked in a tough Senate race with Democratic lawmaker James Talarico, and Ohio Senator Jon Husted, who faces former Senator Sherrod Brown.
Though Trump insisted the 21,000-seat arena was ""packed"", the upper sections remained largely empty during his speech capping Wednesday's program.
DEMOCRATS PORTRAYED AS ""SOCIALISTS"" AND ""COMMUNISTS""
While Republican officials had described the convention as an opportunity to tout Trump's policies, most of the early speakers focused largely on attacking Democrats as extreme on topics such as transgender women in sports and border security - political red meat for the base.
Issues that voters have consistently cited as top concerns, the Iran war and the cost of living, received comparatively less attention.
Alabama state Representative Ernie Yarbrough, a convention attendee, said Trump needs to give voters a clearer sense of how long the war in Iran could last and what the administration's aims are.
""People want to feel like we're not getting stuck in an endless cycle,"" he said.
Trump defended his decision to attack Tehran, saying he acted to prevent Iran from developing a nuclear weapon. He also promised that oil prices would drop ""as soon as we win the war with Iran"", which he vowed would happen soon.
But the conflict shows little sign of ending more than six months after the US and Israel launched strikes on Iran, and analysts have said Iran's nuclear program has not been eliminated. Iran denies seeking a nuclear weapon.
Before Trump took the stage, a parade of speakers called Democrats ""socialists"" and ""communists"", echoing one of Trump's favourite attack lines following a handful of victories by democratic socialists in Democratic primary elections.
Democrats are ""dangerous, radical and weird"", said Senator Tim Scott of South Carolina, the chairman of the party's Senate campaign arm.
Wednesday's program also featured a surprise pre-taped video from Democratic US Senator John Fetterman, who introduced his fellow senator from Pennsylvania, Republican Dave McCormick, as his ""great friend"" while declaring he would work with Trump to protect the state's steel industry.
Fetterman's extraordinary participation appeared likely to emphasise the ideological divides plaguing the Democratic Party ahead of the midterms. Fetterman, who has increasingly clashed with left-wing Democrats, has denied speculation that he may leave the party.
The convention's stakes are high for both parties. With the elections less than two months away, Republicans face the prospect of losing control of at least one chamber of Congress, with public polling showing Democrats more motivated to vote and Trump's approval ratings deeply underwater.
The event faced stiff competition for viewers with the start of the NFL season, with opening night coinciding with a Super Bowl rematch between the New England Patriots and Seattle Seahawks.
Still, after months of negative headlines over the Iran war and inflation, many Republicans see the gathering as their best chance to promote candidates, draw contrasts with Democrats and energise a Republican electorate expressing less enthusiasm about voting than Democrats, according to a Reuters/Ipsos poll."
9352198196e2,asia_oriental,Channel News Asia,2026-09-25T16:23:56Z,https://www.channelnewsasia.com/world/saudi-arabia-pakistan-turkiye-iran-flights-6411596,Allies unite behind Saudi Arabia as more Iranian flights restricted,en,False,0,823,821,False,"Allies unite behind Saudi Arabia as more Iranian flights restricted
Iran warned that blocking its flights could lead to similar restrictions on other countries in the Middle East region.
CAIRO: Saudi, Turkish and Pakistani military chiefs are to discuss help for Saudi Arabia as it faces attacks by Yemen's Houthis, while Iraq further curtailed Iranian flights on Friday (<DATE>), in line with US pressure, and an Iranian official threatened retaliation.
The Houthis have launched strikes on the Saudi-backed government in Yemen and repeatedly fired into Saudi Arabia, disrupting oil flows from the world's largest energy exporter, as part of a wider Middle East war that began with US and Israeli strikes on Iran on <DATE>.
The military escalation continued this week despite a push during the UN General Assembly in New York to revive diplomacy to end the conflict, which quickly spread to Lebanon and the Gulf in March before escalating in Yemen in recent weeks.
With talks stalled and during a lull in direct fire by the US and Iran, Washington had shifted tactics to extend financial sanctions by targeting companies from third countries that do business with Iranian firms through ""secondary sanctions"".
Iranian airlines were barred from neighbouring countries including the United Arab Emirates and Oman on Thursday in response to new US sanctions, the first big impact of the shift.
On Friday, the three other Iraqi airports that operate flights to and from Iran joined Baghdad airport in suspending them, sources and state media said.
A flight ban, if sustained, could deepen Iran's isolation and worsen an economic crisis in the country, which is already facing a US blockade of its seaports.
Mohammad Mokhber, an adviser to Iran's supreme leader, accused regional countries of ""alignment with America"" for blocking flights.
""If Iran does not have the possibility to fly and receive airport services, then no country in the region will have this possibility either"", he said in a social media post.
OIL EXPORTS SQUEEZED
The war, which US President Donald Trump launched alongside Israel, has killed thousands of people and disrupted global trade and energy supplies, adding to inflationary pressures.
While the fighting between the US and Iran has been stop-start, Iranian allies have mobilised, with Hezbollah attacks triggering an Israeli invasion of Lebanon and the Houthi advance in Yemen prompting a new humanitarian crisis.
Iran and its allies have significantly squeezed oil exports from Saudi Arabia, a US ally. The Houthis have disrupted ship traffic at the mouth of the Red Sea, while Iran has limited tanker traffic at the Strait of Hormuz, the conduit for 20 per cent of the world's oil exports before the war.
On Thursday, the Houthis said they had fired dozens of missiles and drones at Saudi targets, while Saudi authorities said they had intercepted six ballistic missiles fired by Houthi fighters.
Later, Saudi Arabia's Grand Mufti, the kingdom's top religious authority, called on soldiers to be ready to lay down their lives to fight the Houthis until the group was ousted from power.
Amid the fighting, the Saudi, Pakistani and Turkish foreign ministers met on Thursday for discussions under a defence pact signed in August.
They condemned attacks targeting the holy Saudi city of Mecca and other civilian sites, while affirming Saudi Arabia's right to defend itself and planning a meeting between chiefs of staff on ways to assist the kingdom.
Turkey's defence ministry said Chief of General Staff General Selcuk Bayraktaroglu was travelling to Saudi Arabia on Friday to meet his Saudi and Pakistani counterparts.
Turkish President Tayyip Erdogan said the defence pact, which stipulates that an attack against one country be considered an attack against all, could lead to intelligence, logistical or ammunition support.
""More advanced military support could also be considered depending on the scale of the threat,"" Erdogan said in written responses to Newsweek.
The speaker of Turkey's parliament, which has yet to ratify the pact, said it could be expanded into a broader alliance ""for the Muslim world"", including Iran.
SHUTTLE DIPLOMACY IN NEW YORK
In New York, Iran's Foreign Minister Abbas Araqchi told reporters on Thursday that Tehran had conveyed a proposal to the US via intermediaries under which the Strait of Hormuz would be reopened if Tehran's conditions were met.
Under Iran's proposal, hostilities would end on all fronts, including Lebanon, within seven days. The US would lift its blockade on Iranian ports, release Iran's frozen funds and waive its oil sanctions, he said.
""The Strait of Hormuz will be reopened on the last day,"" Araqchi said, adding that talks with the US on other issues, including Iran's nuclear issue, would then start.
A senior Iranian official told Reuters on Wednesday that Tehran was reviewing Washington's response to its peace proposals.
Oil prices fell on Friday as markets weighed the possibility of a truce, despite the number of ships recorded transiting the Strait of Hormuz dropping to nine on Thursday, half the 10-day average."
bd33b0a90b90,asia_oriental,Channel News Asia,2026-09-03T19:34:36Z,https://www.channelnewsasia.com/world/machado-venezuela-more-us-oil-deal-6361361,Machado says Venezuela needs 'more than money' after US oil deal,en,False,0,576,575,False,"Machado says Venezuela needs 'more than money' after US oil deal
""No development is possible without solid institutions and a government elected by popular vote,"" Nobel Peace Prize laureate Maria Corina Machado says after the US-Venezuela oil pact.
CARACAS: Venezuelan opposition figure Maria Corina Machado on Thursday (<DATE>) called for a democratic transition in her country after the interim government struck a massive oil deal with the United States.
The agreement grants the US access to more than 65 billion barrels - almost 20 per cent - of oil in Venezuela, which holds the largest proven reserves in the world.
Celebrating the ""historic"" pact on Wednesday, US President Donald Trump and Venezuelan interim leader Delcy Rodriguez both sidelined the notion of elections in the near future.
Machado, a Nobel Peace Prize laureate, said genuine development required a democratic transition.
""The oil sector is only one part of the immense reconstruction we must undertake in Venezuela,"" she said in a video statement.
The South American country ""requires colossal investments"", she said, ""but it needs much more than money"".
""No development is possible without solid institutions and a government elected by popular vote,"" added Machado.
The deal comes as US Republicans brace for possible losses in November midterm elections over spiralling fuel costs brought on by the US-Israel war on Iran.
Energy Secretary Chris Wright travelled to Venezuela on Wednesday to oversee the signing of deals between Caracas and oil major Chevron, GE Vernova - a General Electric offshoot - and Italy's ENI.
NOT ""STEALING""
He insisted that the US was not ""stealing Venezuelan oil"" in comments to AFP and other media outlets.
""All we're doing is taking an idle, underground asset that isn't doing anything for Venezuelan people and bringing the money, the technology to develop it,"" Wright said.
Trump meanwhile dismissed the idea of Venezuelan elections taking place in the near future.
""I just don't think they're ready yet,"" he told reporters.
Interim leader Rodriguez, who took the reins after US forces ousted president Nicolas Maduro in January and effectively does Washington's bidding, echoed Trump's comment.
Machado empathised with Venezuelans frustrated by the deal's lack of transparency.
""I know how you feel: sadness, anger, and that all-too-familiar unease in our history, because someone decides what belongs to us, in our name, without taking us into account,"" she said.
The exiled politician took care not to blast Venezuela's northern neighbour too strongly, however, focusing instead on the interim government, which she views as ""the enemies of the United States"".
""The wealth in our subsoil does not belong to an illegitimate regime; it belongs to the Venezuelan people,"" she said, adding that ""of course, the United States is the main partner that Venezuela needs to fully develop its strategic value"".
US-BACKED TRANSITION TALKS
Trump has repeatedly expressed his satisfaction with Rodriguez, who has estimated that Venezuela will make US$209 billion in profit from the deals over 25 years.
Under his watch, she has opened up Venezuela's mining, electricity and oil sectors to foreign and private capital.
Washington has denied reports that Trump vetoed Machado's return to Venezuela, even after she gifted him her Nobel Peace Prize.
She was not invited to US-backed transition talks between the interim government and selected parts of the opposition, although she said she would not interfere in the process.
The next phase of talks are scheduled to take place within 10 days, US State Secretary Marco Rubio told Fox News on Wednesday."
53d09d14641f,asia_oriental,Channel News Asia,2026-09-14T16:34:19Z,https://www.channelnewsasia.com/business/oil-prices-climb-over-2-after-strikes-saudi-pipeline-and-ships-in-middle-east-6384081,Oil prices climb over 2% after strikes on Saudi pipeline and ships in Middle East,en,False,0,508,507,False,"Oil settles higher after Saudi strikes stoke supply worries
NEW YORK, <DATE> : Oil prices settled about 1 per cent higher on Monday as worries about energy supplies mounted following new strikes on Saudi Arabian energy infrastructure and attacks on ships in the Middle East.
Both crude benchmarks jumped almost 5 per cent, then retreated from session highs after U.S. President Donald Trump said Iran wanted to reach a deal with Washington.
Brent futures rose $1.07, or 1.0 per cent, to settle at $105.68 per barrel, while U.S. West Texas Intermediate (WTI) crude rose $1.34, or 1.3 per cent, to settle at $101.39.
Yemen's Iran-backed Houthis launched a new attack on Saudi Arabia, and Gulf Arab states postponed planned talks with Iran, underscoring fears that the Middle East conflict could spread further and threaten global oil supplies.
The Houthis said they fired dozens of missiles and drones at a military airbase in Khamis Mushait in southern Saudi Arabia, targeting aircraft hangars, radar systems, runways and ammunition depots in retaliation for Saudi airstrikes in Yemen.
The Houthis have advanced rapidly in Yemen in recent days, capturing territory including Perim Island at the mouth of the Red Sea on Friday. A separate attack the same day, which Riyadh blamed on Iran-backed fighters in Iraq, knocked out Saudi Arabia's east-west pipeline, which allows Gulf oil exports to bypass the blockaded Strait of Hormuz. The pipeline strike threatened up to 4 per cent of global oil supply.
Commodity vessel transits through the Strait of Hormuz fell to a single digit per day at the weekend, preliminary ship tracking data showed on Monday, well below a 10-day average of 14.
Before the U.S. and Israel attacked Iran in late February, about a fifth of the world's oil supplies passed through the Strait of Hormuz.
With the Saudi east-west pipeline out of service, the Red Sea port of Yanbu must draw on storage, which is estimated to cover five to seven days of exports, according to three industry sources.
RUSSIA, UKRAINE AND INTEREST RATES
Trump also said Ukraine and Russia had agreed not to hit each other's energy targets. Last week, Ukrainian hits on Russian energy infrastructure helped push average U.S. diesel prices to record highs.
Any deal to end the Russia-Ukraine war could allow Russia to export more energy. Russia, an OPEC+ member, was the world's third-biggest crude oil producer behind the U.S. and Saudi Arabia in 2025, according to U.S. energy data.
Also pressuring oil prices, investors bet that U.S. Federal Reserve policymakers will lift their benchmark interest rate a quarter of a percentage point, to a 3.75 per cent-4.00 per cent range, on Wednesday and signal further tightening ahead.
Fed Chair Kevin Warsh dislikes giving guidance about rates, but investors expect rate hikes due to elevated inflation, oil at more than $100 a barrel, and his emphasis on the need to deliver price stability and to pay attention to signals from financial market pricing.
Higher interest rates increase consumer borrowing costs and can reduce economic growth and demand for energy."
bb195dcb0132,asia_oriental,Channel News Asia,2026-09-24T21:14:00Z,https://www.channelnewsasia.com/sport/late-gakpo-equaliser-earns-dutch-1-1-draw-against-germany-spoil-klopp-debut-6409426,Late Gakpo equaliser earns Dutch 1-1 draw against Germany to spoil Klopp debut,en,False,0,691,690,False,"Late Gakpo equaliser earns Dutch 1-1 draw against Germany to spoil Klopp's debut
AMSTERDAM, <DATE> : Cody Gakpo volleyed in a stoppage-time equaliser to rescue a 1-1 draw for the Netherlands against Germany in their Nations League Group A2 opener on Thursday, denying new coach Juergen Klopp a winning start.
Former Liverpool manager Klopp, who took charge of Germany in July following their shock early World Cup exit following defeat by Paraguay, looked to have made a winning start before Gakpo rounded off a quick counter-attack.
That gave new Netherlands coach, Xavi Hernandez, appointed in August after Ronald Koeman stepped down following their World Cup round of 32 elimination, something to smile about.
Xavi is the first foreigner in charge of the Dutch national team since the 1978 World Cup.
""We have to accept the result,"" Klopp said. ""Even though I badly wanted to win I take the draw.""
""I was very, very, very pleased with a lot of the individual performances. Overall, I was very happy with the passion we showed. We can play better and play more football, that's for sure,"" he said.
The Germans got bad news before the start with playmaker Jamal Musiala ruled out after feeling muscle pain during the warm-up, but they still made a high-tempo start.
They were left stunned in the 13th minute when Dutch captain Virgil van Dijk headed in from a corner but his effort was overruled by VAR for a foul on Germany keeper Marc-Andre ter Stegen.
There was more bad news for Klopp's team with forward Kai Havertz taken off injured in the 30th, but the visitors took the lead two minutes later with Felix Nmecha slotting in from close range.
Karim Adeyemi should have scored again but he somehow missed the target from five metres out.
The Dutch upped the pressure after the break and repeatedly came close to an equaliser with Germany's new number one Ter Stegen making several good saves.
But their dominance finally paid off with Gakpo's late strike.
""We deserved at least a point,"" van Dijk said. ""We played well at times.. but after only three days working it was a good performance.""
HAALAND WINNER
In their Scandinavian Group A4 clash, Norway's Erling Haaland struck twice, including a 74th-minute winner, to edge his team past Denmark 3-2 in Oslo and earn their first competitive win over their opponents.
""It tasted sweet. It feels great to beat our neighbours,"" captain Martin Odegaard said. ""There is a lot we could have done better, but even when we were put under pressure, we found a way back and responded.""
The Danes had powered back from a two-goal deficit and levelled on the hour after first-half goals from Oscar Bobb and Haaland had put the hosts 2-0 up. Norway were left with 10 men in stoppage time after David Moller Wolfe was sent off following a second booking.
Veteran Cristiano Ronaldo had a goal disallowed but Portugal still earned a 1-0 victory over Wales courtesy of Joao Felix's 22nd minute long-range winner in a successful start for the defending Nations League champions' new coach Jorge Jesus.
Wales had several golden chances in the second half and hit the crossbar through Brennan Johnson before Portugal defender Ruben Dias made two key blocks to protect their lead.
Saied Abu Farchi scored in the 55th minute for Israel in their League B 3-1 defeat by hosts Austria, but the player was sent off after a second booking following his celebration where he simulated a gun with the corner flag.
Romano Schmid had given Austria a 43rd-minute lead with a penalty and the hosts struck twice more late in the game to earn the three points.
There was drama in Belgrade where visitors Greece came from a goal down to snatch a 2-1 victory over Serbia thanks to Tasos Douvikas' winner deep in stoppage time.
French-born players scored every goal as Malta came from behind to beat Andorra 2-1 in their Nations League D clash.
Irvin Cardona and Teddy Teuma took turns as scorer and provider to secure Malta's victory after fellow French-born forward Guillaume Lopez had put the hosts ahead."
3c4818b931e3,asia_oriental,Channel News Asia,2026-09-25T10:09:35Z,https://www.channelnewsasia.com/world/zelenskyy-says-trump-made-final-decision-give-ukraine-patriot-licence-6410706,Zelenskyy says Trump made 'final decision' to give Ukraine Patriot licence,en,False,0,496,495,False,"Zelenskyy says Trump made 'final decision' to give Ukraine Patriot licence
KYIV: Ukrainian President Volodymyr Zelenskyy on Friday (<DATE>) said US President Donald Trump told him he would allow Ukraine to produce advanced Patriot air defence missiles, after a series of reversals on the issue.
Kyiv is facing a shortage of the missiles, needed to counter Russia's increasing drone and missile attacks on the country, the latest of which killed a 14-year-old boy in the capital on Friday.
Zelenskyy during his latest visit to the United States this week renewed calls for air defence support, and for the Patriots, which remain the only system reliably able to counter Russia's powerful ballistic missiles.
""At our last meeting, President Trump emphasised to me that yes, I have made a final decision. Ukraine will receive licences for the production of Patriot missiles,"" Zelenskyy said in a voice note to journalists.
In July, Trump said it would be ""pretty cool"" to grant Ukraine the licences, before backtracking, saying the United States should be ""very careful"" before granting Ukraine authorisation.
Ukraine has reported an acute shortage of Patriot interceptors since the United States and Israel went to war with Iran in February, diverting supplies of the advanced systems.
Even if the licences are granted, establishing industrial capacity would require more than a year and would not meet Kyiv's immediate needs.
And Kyiv, preparing for winter, has renewed calls for urgent support.
It needs five per cent of the United States' Patriot interceptor missiles to get through the winter and 10 per cent to destroy all of Russia's ballistic projectiles, Zelenskyy said last month.
""SAVAGE AND SICKENING STRIKE""
Moscow has also been aiming at the capital with newly developed jet-powered drones, which have succeeded in bypassing some of the drone interception systems developed by Ukraine.
While it used to target Kyiv mainly during the hours of darkness, Moscow now often attacks in broad daylight.
As people were making their way to work on Friday morning, a drone struck a residential building in the city, killing a 14-year-old boy.
Zelenskyy denounced the attack, calling it ""an absolutely savage and sickening strike, devoid of any military logic"".
AFP journalists on the spot saw residents gathering around a multi-storey building, with apartments on the ninth and 10th floors left charred by the attack.
Mykyta Sysoyev was smoking a cigarette outside his damaged building.
The 23-year-old IT specialist said he was woken up by an explosion but only realised the strike had hit his own building when he checked the news.
""My jaw dropped a bit,"" he said. ""It's strange: on the one hand, I've got used to it, but on the other, people are constantly dying.""
Asked about the increase in drone strikes, he added: ""This is a technological race and a technological war ... Unfortunately, people will suffer while we're searching for solutions.""
In the southern region of Odesa, another person was killed in a repeated strike on a postal facility, authorities said."
9728e92764f1,asia_oriental,Channel News Asia,2026-09-07T11:31:28Z,https://www.channelnewsasia.com/business/oil-prices-rise-six-week-highs-worsening-middle-east-conflict-6366156,Oil prices rise to six-week highs on worsening Middle East conflict,en,False,0,640,636,False,"Oil prices rise to six-week highs on worsening Middle East conflict
NEW YORK, <DATE> : Oil prices rose to a six-week high on Monday as Iran vowed to strike energy infrastructure across the Middle East in response to further U.S. attacks on its assets, the latest escalation in a conflict that has sharply reduced oil supply from the region.
Brent crude futures rose $1.03, or 1.1 per cent, to settle at $97.31 a barrel, after hitting their highest point since <DATE> at $98.06. Brent futures settled around 1:30 p.m. EDT (1730 GMT), about an hour earlier than their usual settlement time due to the Labor Day holiday in the United States.
U.S. West Texas Intermediate crude, which will not settle on Monday due to the holiday, was up 1.3 per cent, or $1.17, at $92.65 a barrel by 1:45 p.m. EDT. WTI futures earlier rose as high as $93.29, also the highest since <DATE>.
""Strike our assets and you get struck,"" Iranian Parliament Speaker Mohammad Baqer Qalibaf said on Monday, in what appeared to be a response to U.S. Defense Secretary Pete Hegseth's warning that Tehran's oil fleet was ""defenseless"".
The United States and Iran traded strikes on oil tankers and warships over the weekend, marking a major escalation of the war between the two countries that began when the U.S. and Israel struck Iran on <DATE>, maritime intelligence firm Marisks said.
""Commercial tankers are now being deliberately used as instruments of reciprocal economic pressure, substantially weakening the previous distinction between military confrontation and commercial shipping,"" Marisks said.
Brent rose around 8 per cent last week and WTI gained nearly 10 per cent, after the U.S. and Iran resumed attacks. The war has taken a heavy toll on global oil supply, forcing nations to burn through stockpiles to avoid deficits.
In the United States, the largest oil producer and consumer, inventories of gasoline and distillate fuel are substantially below year-ago and five-year seasonal averages, PVM Energy analysts noted.
""The current roundup indicates a slightly more dire picture than the last time we took stock a few weeks ago,"" they said.
WORSENING TENSIONS
Regional tensions were also heightened by Israeli strikes on a town in southern Lebanon that killed at least 12 people on Monday, according to the Lebanese health ministry, marking one of the deadliest days of bombardment in recent weeks.
Elsewhere in the Middle East, Saudi Aramco's Jazan oil refinery was attacked on Monday and damage was being ascertained, the Financial Times reported, citing two people with knowledge of the matter.
A week ago, a Saudi-owned tanker was attacked by Iran, with Saudi Arabia saying two seafarers had died. Oman said on Monday it had evacuated 16 crew members from the tanker.
An average of 10 commodity ships transited the Strait of Hormuz per day over the past 10 days, the lowest since May, data from analytics firm Kpler showed on Monday.
""If tanker traffic begins to slow materially, the market could price in a much larger supply shock. And there are already signs that this is happening,"" said Priyanka Sachdeva, head of market insights at Phillip Nova.
Goldman Sachs said oil prices may rally as high as $120 a barrel if attacks on shipping rise.
Iran will announce a restricted zone outside the Strait of Hormuz in the coming days, said Mohsen Rezaei, the secretary of Iran's Supreme National Security Council.
Meanwhile, the United Arab Emirates is building alternative routes for its energy exports and trade to ensure they are not ""held hostage"" by the war between the U.S. and Iran, UAE presidential adviser Anwar Gargash said on Monday.
OPEC+ kept its oil output policy unchanged for October at a meeting on Sunday, the producer group said in a statement, as it needs to agree on new quotas before deciding its next output steps."
31a44625fef9,asia_oriental,Channel News Asia,2026-09-08T22:32:25Z,https://www.channelnewsasia.com/world/iran-us-war-expands-houthis-saudi-arabia-6371136,War expands as Iran-backed Houthis attack Saudi cities and US strikes Iranian tankers,en,False,0,816,813,False,"War expands as Iran-backed Houthis attack Saudi cities and US strikes Iranian tankers
DUBAI: Yemen's Tehran-backed Houthis attacked four cities in the south of US ally Saudi Arabia on Tuesday (<DATE>), wounding more than 70 people and setting oil installations ablaze in what appeared to be a major expansion of the six-month-old Middle East war.
Meanwhile, US forces struck multiple Iranian tankers tied to the Islamic Revolutionary Guard Corps in response to Iranian attempts to hit a US Navy warship, a US official said, marking a resumption of US attacks on Iran after a two-day pause.
Iranian media reported multiple attacks, with the Tasnim news agency saying a US missile struck an Iranian tanker 6km from the oil hub of Kharg Island, and the state broadcaster reporting that the US attacked a second oil tanker near the waters of Jask on the Gulf of Oman.
The IRGC threatened to target oil tankers in Kuwaiti and Bahraini ports in response, warning crews there to evacuate, according to a statement carried by state media.
In Saudi Arabia, the Houthis, who control most of Yemen's populated areas including the capital, said they had launched a broad operation deep into Saudi territory. They used drones and missiles to strike a Saudi airbase in the southern city of Khamis Mushait as well as Saudi state oil company assets in the cities of Abha, Najran and Jazan.
NASA satellite images showed a thick cloud of black smoke over the Jazan refinery and a column of white smoke rising from an oil distribution centre in Abha.
Saudi authorities described blazes at the sites and said women and children were among the 73 people hurt. The reports of such large numbers of wounded suggested the attacks were among the biggest carried out against Saudi Arabia since the United States and Israel launched their war against Iran in February.
No confirmed images from the ground of the attacked Saudi cities were available, and witnesses could not be reached in a country where media is tightly controlled.
FIGHTING DRIVES UP OIL PRICES
After a month of calm in August, fighting in the Gulf has resumed, with Iran and the US exchanging fire, sending global oil prices back towards the US$100 a barrel level passed at the war's peak. Prices for benchmark Brent crude and US West Texas Intermediate closed at their highest levels since <DATE> and <DATE>, respectively.
Houthi attacks on southwestern Saudi Arabia have the potential to worsen the war's global economic impact by disrupting Middle East energy supplies beyond the blockaded Strait of Hormuz.
Saudi Arabia has led an Arab coalition battling against the Houthis in Yemen for more than a decade. That war had calmed in recent years, but a ceasefire there has broken down, with the Houthis threatening shipping at the mouth of the Red Sea.
In recent days, Saudi-backed Yemeni forces of a government based in the south have launched a multipronged offensive on Houthi-held areas, after the Houthis tried to advance on government-held positions.
The government, which was driven by the Houthis from the capital 12 years ago, says it now aims to recapture all Houthi-held territory.
""MARITIME EXCLUSION ZONE""
Houthi spokesperson Yahya Saree accused Riyadh of having escalated the war by launching airstrikes on Yemen, and said the Houthis would respond.
The wider war in the Gulf has turned into a test of wills between the US and Iran, with each side hoping that economic pressure from competing blockades will force the other to yield.
The US Treasury announced new aviation-related sanctions on Tuesday it said were aimed at grounding Iran's airlines.
Washington is trying to increase the flow of oil to world markets by guiding ships through the Strait of Hormuz, while cutting off Iran's exports with a blockade.
Tehran has announced new measures to seal off the strait, saying it will soon unveil details of a ""maritime exclusion zone"" that will extend from the perimeter of the US blockade, through the strait and into the Gulf itself.
Washington fired at Iranian tankers over the weekend in retaliation for Iranian fire at US warships, in which Iran said it had used new, more capable ballistic missiles.
Iran's Revolutionary Guards said they had captured a US submersible near the strait. A US official told Reuters on Tuesday that an underwater military drone malfunctioned more than a day ago, adding it did not have classified sonar or radar equipment on board.
Despite US strikes that have degraded Iran's conventional forces and punished its economy, Iran's missiles and drones can still reach US military bases in the region and hit ships in the strait.
The fighting has caused global shortages of crude oil and the fuels produced by refining it. Diesel fuel in the United States is now at a record average retail price, hurting the political prospects of President Donald Trump's Republicans ahead of November congressional elections."
d3e640336b50,asia_oriental,Channel News Asia,2026-09-22T14:08:00Z,https://www.channelnewsasia.com/world/iran-us-peace-talk-revival-trump-un-general-assembly-6402351,"Iran, US hint at revival of talks as Trump, Pezeshkian due to attend UN",en,False,0,959,958,False,"Iran, US hint at revival of talks as Trump, Pezeshkian due to attend UN
Iran could reopen the Strait of Hormuz to Gulf shipping within seven days if the US fulfilled Tehran's demands to ease military pressure and lift the blockade on Iranian ports, says an Iranian official.
DUBAI: Iran and the United States hinted on Tuesday (<DATE>) at the prospect of reviving negotiations to end their conflict, with the presidents of both countries due at the UN General Assembly in New York.
The event would be the first attended by Donald Trump and Masoud Pezeshkian since Trump launched ""Operation Epic Fury"" against Iran in February, alongside Israel. Trump had said on Sunday he would be open to a meeting with the Iranian president.
A senior Iranian official said there were no plans for the two leaders to meet directly, but that Iran's delegation had full authority to revive talks.
Iran could reopen the Strait of Hormuz to Gulf shipping within seven days if the US fulfilled Tehran's demands to ease military pressure and lift an American blockade on Iranian ports, the Iranian official said, adding that Iran had conveyed its latest proposal to Washington via mediators last week.
""The US needs to announce that it wants to resolve the issue diplomatically, make that official, and then agree on a timeline for how the process will move forward,"" the official said. ""The UN General Assembly is a golden opportunity for the US to return to diplomacy.""
Secretary of State Marco Rubio told NBC's Today show the US was open to speaking with the Iranians, ""especially if it has the prospects of leading to something positive and ultimately achieving the goal of what this is all about"".
No face-to-face meetings between Iran and the United States are known to have taken place since July, when an agreement on an interim deal to end the war collapsed just weeks after it was signed by Trump and Pezeshkian.
Asked by Fox and Friends about the prospect of a meeting between the presidents, Rubio said of Trump: ""He's a businessman who comes from the world of practicality and common sense. And common sense tells you there's no harm in engaging and talking to someone.""
REMINDERS OF HARDLINE POSITIONS
But Rubio also noted that Pezeshkian is subordinate under Iran's ruling system to Supreme Leader Ayatollah Mojtaba Khamenei, ""and the supreme leader is a radical Shia cleric and we need to remember that when we talk"".
""The central issue here is Iran is run by lunatic clerics,"" Rubio told Fox. ""These people can never have nuclear weapons.""
In a reminder of Iran's firm position so far, Parliament Speaker Mohammed Baqer Qalibaf, who headed Iran's negotiating team at previous talks, said on Tuesday that Iran would never surrender: ""Trump must understand that he cannot impose his power on the Iranian people and its armed forces.""
Trump is due to meet on Tuesday with leaders of the six Gulf Arab states: Bahrain, Kuwait, Qatar, Oman, Saudi Arabia and the United Arab Emirates.
All are keen to restore shipping through the Strait of Hormuz but wary of giving their longstanding rival Iran too much power. All apart from Oman also host huge US military bases that have come under repeated Iranian attack throughout the war.
SAUDIS SEEK US SUPPORT AGAINST HOUTHIS
The biggest of them, Saudi Arabia, has been drawn deeper into the war this month, with Houthi fighters aligned to Iran advancing in Yemen, routing forces of a Saudi-backed government there and threatening Saudi oil exports through the Red Sea.
There was some relief on oil markets on Tuesday, after sources told Reuters that Saudi Arabia had restarted operations at its East-West Pipeline and could resume exports within hours, albeit at reduced volume, from the Red Sea port of Yanbu.
The pipeline, Saudi Arabia's main alternative route for exports to bypass wartime disruption in the Strait of Hormuz, was shut down after attacks this month that Riyadh blamed on Iranian allies in Iraq.
The Houthis have routed Saudi-supported government forces along the Red Sea and the Bab el-Mandeb Strait at its mouth, and have attacked Saudi Arabia directly with missiles and drones. The fighters are now pushing to seize the strategic heights of the Kahboub Mountains that overlook the Red Sea coast.
The US, which bombed the Houthis for two months last year, has so far rebuffed repeated pleas from Saudi Arabia's Crown Prince Mohammed bin Salman to rejoin the fight. The New York Times reported that Trump called off US strikes against the Houthis on Sunday at the last minute, after troops had already begun loading bombs onto planes.
Asked why Washington had so far held back from striking the Houthis, Rubio said: ""Ultimately, if it comes down to it, the United States will always stand with Saudi Arabia and support them because we have an agreement with them to do so.
""That said, that is a very dangerous and complex conflict that pre-exists ... We have a history with the Houthis as well, and that's something we don't want to see impacted either.""
QATARI PROPOSAL ON THE TABLE
On the table at the Gulf states' meeting with Trump is a Qatari proposal for a framework to bring Iran and the Arab Gulf states into a common security architecture, regional sources said. One source said Iran was reviewing the proposal.
Speaking at a Qatar Economic Forum in New York on Sunday, Qatari Prime Minister Sheikh Mohammed bin Abdulrahman Al Thani said any such arrangement would need to provide security guarantees for the Gulf states and expand economic interdependence with Iran.
""Lasting security cannot be built through repeated cycles of escalations and retaliation, or arrangements that leave any state permanently exposed to insecurity,"" Sheikh Mohammed said."
b3837d5b5f93,asia_oriental,Channel News Asia,2026-09-22T07:22:00Z,https://www.channelnewsasia.com/world/us-trump-un-iran-war-ai-6401241,"Trump returns to UN at a moment of anxiety about Iran, AI and the future of world body itself",en,False,0,1278,1276,False,"Trump returns to UN at a moment of anxiety about Iran, AI and the future of world body itself
US President Donald Trump returns to the General Assembly nearing the seven-month mark of a new war against Iran that he insists is necessary to address a nuclear threat.
NEW YORK: President Donald Trump is set to address the UN General Assembly on Tuesday (<DATE>) at a tumultuous moment for the world - and for his presidency.
The global economy has been shaken by his decision to launch a war against Iran.
Anxiety about the social impact being wrought by artificial intelligence is surging. And questions linger about the future of the UN itself with Trump's scaling back of US financial support for the UN.
After his speech to the annual gathering of world leaders, Trump is expected to hold talks with new British Prime Minister Andy Burnham, Japanese Prime Minister Sanae Takaichi and a more informal meeting with Venezuela's acting president Delcy Rodríguez, according to the White House.
He's also set to meet with leaders and senior officials from Gulf Cooperation Council nations - Bahrain, Kuwait, Oman, Qatar, Saudi Arabia, and United Arab Emirates - to discuss the way ahead with the war in Iran and growing concern about recent Iran-backed rebel attacks on Saudi Arabia.
The visit to the UN comes at a moment when Trump's foreign policy approach - particularly his decision to start a war with Iran - has become a drag on his fellow Republicans' hopes of retaining control of both chambers of Congress during the coming midterm elections. Nevertheless, administration officials signalled Trump will make the case in his address that the world is better off for his leadership.
""We expect the president will highlight how he has and his administration have confronted complex problems head-on around the world,"" Ambassador Mike Waltz, Trump's chief envoy to the international body, told reporters.
Waltz also suggested that Trump might revisit some of his long-held criticism of the UN. The president has criticised the body as being ineffectual on issues of war and peace, has claimed the organisation is perpetuating a ""con job"" by emphasising the need to address global warming, and has asserted the UN has promoted the ""invasion"" of migrants into Europe.
IRAN WAR TO LOOM LARGE
In last year's address at the UN, Trump claimed the US had ""demolished"" Iran's nuclear capabilities after he ordered the <DATE> bombardment of three key facilities.
He returns to the General Assembly nearing the seven-month mark of a new war against Iran that he insists is necessary to address a nuclear threat posed by Iran.
The war has grown more complicated even though strikes by the US and Israel have killed much of Iran's top leadership and destroyed its air force and navy, while a US blockade of Iranian oil has left Tehran in economic shambles.
The passage of oil from other Gulf countries through the Strait of Hormuz has improved in recent weeks with the help of the US Navy helping guide commercial vessels through the narrow waterway.
Still, the flow of oil is significantly below pre-war levels. And Brent crude continues to hover around US$100 per barrel, up from about the US$70 range in the weeks before the start of the war.
But the energy market continues to be spooked. Saudi Arabia shuttered a key pipeline earlier this month that acted as a relief valve for oil blocked in the Gulf. The kingdom made the move after the pipeline came under attack by Iran-backed militants in Iraq.
At the same time, territorial grabs by the Yemen-based Houthi rebels, another Iranian-backed group, near the Bab al-Mandab Strait have now made it treacherous for oil carriers to use that Red Sea shipping lane.
Majed al-Ansari, chief spokesman for the Qatari Foreign Ministry, said Monday that Qatar and other mediators are trying to penetrate a ""deep deficit of trust"" between the US and Iran and get the sides back to negotiations.
""What we're trying to say is that, 'Listen, this will end at the negotiating table,"" said al-Ansari, speaking at the Concordia Annual Summit, a global affairs forum taking place during the UN's high-level week. ""Either we sign a deal now or sign a deal 10 months away. The only difference is the number of dead and destruction that we see.""
THE ADMINISTRATION WILL SIGN A GREENLAND DEAL
At last year's General Assembly, Trump touted his record as a peacemaker and claimed that ""everyone says that I should get the Nobel Peace Prize"" for his administration's efforts mediating several conflicts around the globe.
This year, his administration is set to sign an agreement on the sidelines of the General Assembly with Danish and Greenlandic leaders that aims to set the pathway for the expansion of the US military's footprint on Greenland.
The deal, announced last week, came together after Trump repeatedly threatened to ""take over"" Greenland, a territory of NATO ally Denmark, by military force if necessary.
Under the deal, Greenland remains Denmark's territory. ""I'm looking forward to the meeting tomorrow. I think we have reached a good agreement,"" Prime Minister Mette Frederiksen told Danish broadcaster TV2 Denmark.
TRUMP'S FRUSTRATION WITH RUSSIA-UKRAINE WAR MOUNTS
The president could also touch on Russia's continuing war against Ukraine during the address - a conflict that during his 2024 campaign he predicted would be resolved on Day One of his second term.
The president has routinely expressed frustration about the conflict. He hasn't obscured that his patience is being tested by Ukraine's targeting of Russia's diesel refineries - an issue that's added to oil markets' volatility - and Russia's targeting of Ukraine's energy grid.
Trump last week asserted that he got the two sides to agree not to target each other's energy infrastructure.
Ukrainian President Volodymyr Zelenskyy said he was willing to go along with Trump's plan if Russia abided by it. Russia said it could only go along with Trump's energy truce proposal if Western energy sanctions on Moscow were lifted first.
The two sides have continued carrying out strikes on refineries and other energy infrastructure. Trump on Monday, before departing for New York, expressed his frustration with the targeting of energy infrastructure.
""Russia has unfortunately lost control of its Diesel Oil Industry due to its War with Ukraine,"" Trump posted on social media on Monday. He added: ""This ridiculous and never-ending war with Ukraine must be ended.""
TRUMP TO HOLD CRITICAL TALKS WITH UK, JAPAN AND VENEZUELA LEADERS
The president is set to hold his first face-to-face meeting with Burnham, the centre-left Labour Party leader who became prime minister in July.
With elevated oil prices dragging the British economy, he may also be eager to discuss ways to fully reopen the Strait of Hormuz. He announced on Monday that he would send a Royal Air Force plane to the Middle East to help Saudi Arabia repel attacks from Houthi rebels. The plane will refuel Saudi planes during ""defensive"" missions.
Trump's meeting with Japan's Takaichi comes as he prepares to welcome Chinese President Xi Jinping later this week to Washington for a state visit.
The historically complicated Japan-China relationship became even more fraught after Takaichi said last year that Japan's military could intervene if China were to take action against Taiwan - a semi-autonomous island democracy that Beijing considers its own territory. The tensions have spilt over into the China-Japan economic relationship.
Trump's engagement with Rodriguez, Venezuela's interim president, will be the first meeting between the two leaders since Trump in January ordered a US military operation to capture former President Nicolás Maduro and swept him off to New York City to face federal narco-terrorism and drug trafficking charges."
2824f8edea76,asia_oriental,Channel News Asia,2026-09-27T18:12:00Z,https://www.channelnewsasia.com/world/trump-iran-talks-rejects-deal-6414031,Trump expects new Iran talks despite rejecting deal offer,en,False,0,697,696,False,"Trump expects new Iran talks despite rejecting deal offer
Iranian officials had brought a plan for a seven-day truce followed by the reopening of the Strait of Hormuz to the United Nations General Assembly.
WASHINGTON: United States President Donald Trump said on Sunday (<DATE>) that he expects talks with Iran to resume in the coming week, despite his rejection of a truce proposal put forward by Tehran.
Iranian officials brought with them to the United Nations General Assembly in New York a plan for a seven-day truce followed by the reopening of the Strait of Hormuz shipping channel.
Trump dismissed the plan and has mused on resuming full-scale air strikes on Iranian targets, but he told the news platform Axios that he expects negotiations to resume.
""They want to make a deal, but it is not the deal that I want to make,"" Trump told Axios. ""It is what we would have maybe agreed to a year ago.""
""They overplayed their hand,"" he said in the interview published on Sunday.
Citing sources familiar with the matter, Axios reported that indirect talks between Washington and Tehran could take place as early as Monday.
On Sunday, Iran was still standing by its conditions for reopening the Strait of Hormuz, leaving the Gulf front of the Middle East war locked in a stalemate, while fighting rages in Yemen.
""WE WILL NOT BACK DOWN""
Hormuz is a key chokepoint for the world's energy supplies and is now central to the conflict between Washington and Tehran, which was started nearly seven months ago when the US and Israel launched a wave of strikes against Iran.
Iran's plan called for a cessation of all hostilities in the Middle East, including in Lebanon, according to Foreign Minister Abbas Araghchi, and a return to the conditions in an earlier ceasefire deal that fell apart.
That agreement, which collapsed during fighting over Hormuz, called for the release of frozen Iranian assets, the lifting of sanctions on Iranian oil and an end to the US naval blockade.
""Our conditions are clear, and any move toward reopening the Strait of Hormuz is contingent upon these conditions being fulfilled. We will not back down from them,"" Araghchi said on Sunday, state broadcaster IRIB reported.
""We have never closed the door to diplomacy or negotiations, but at the same time, we have never backed down from our rights.""
Washington's ambassador to the UN, Mike Waltz, accused Tehran of demanding too much in exchange for a return to the negotiating table.
""This was, I think, a pretty cynical attempt to put something on the table that they knew was unacceptable. To ask for the release of the blockade, the sanctions, international sanctions and access to billions in assets, just to talk,"" he told NBC News in an interview broadcast on Sunday.
""I think it's kind of common sense that the president doesn't have a lot of confidence this time after we just tried a few months ago.""
Iran's Revolutionary Guards meanwhile said that they seized an American submersible drone on Sunday in the Strait of Hormuz.
It said the underwater vehicle was being used ""for espionage purposes"", adding that it was ""now in the hands of the force's specialists for data recovery"".
Washington and Tehran signed a memorandum of understanding in June aimed at ending the war, reopening the strait and launching talks on Iran's nuclear programme.
But the deal broke down shortly afterwards when Iran fired on commercial ships in Hormuz that it accused of deviating from its approved route through the waterway.
Iran requires ships to obtain authorisation before passage, citing security and sovereignty reasons.
Ships that refuse to comply are regularly targeted, while the US sporadically bombs Iranian coastal areas in retaliation.
Araghchi said at the UN that Iran has conveyed to the US, through Qatar, a concrete seven-day plan, adding: ""The choice now rests with the US.""
Hossein Mohebi, a spokesman for Iran's Revolutionary Guards, was quoted by Tasnim news agency as saying: ""We will not cease punishing the US until Iran's seven conditions are met.""
Mohebi had told AFP in an exclusive interview on Tuesday that ending hostilities in Yemen was also among Tehran's demands."
5658aaef032b,asia_oriental,Channel News Asia,2026-09-11T11:39:00Z,https://www.channelnewsasia.com/asia/modi-putin-india-russia-brics-6378696,"Modi, Putin agree to strengthen India-Russia partnership on eve of BRICS summit",en,False,0,611,610,False,"Modi, Putin seek stronger ties as Russia calls for BRICS to counter West
NEW DELHI: Indian Prime Minister Narendra Modi and Russian President Vladimir Putin agreed on Friday (<DATE>) to deepen their countries' longstanding ties, with Putin saying the BRICS grouping should build a new platform for global growth free from Western rules.
Modi and Putin held talks in the Indian capital on the eve of a BRICS summit, which Chinese President Xi Jinping and Iran's President Masoud Pezeshkian, among others, are due to attend.
New Delhi is engaged in a diplomatic balancing act as it tries to maintain strong ties with the US, Gulf Arab states, Russia, Iran and Israel, while suffering the impact of shipping and trade disruptions due to the Ukraine and Iran wars.
The BRICS bloc is seeking to raise its profile by influencing international rules and institutions, even as its members are split over the Gulf conflict with Iran and the UAE on opposite sides.
Putin's special envoy Kirill Dmitriev told Reuters that BRICS was transitioning from a geopolitical grouping into a more practical economic partnership focused on enabling cooperation between businesses, technology companies and investors, as well as improving payment systems and joint infrastructure.
DEMAND FOR REFORM
""We have always been told that competition is a sacred cow, something that must not be touched,"" Putin told a BRICS business forum event. ""Yet, unfortunately, today your Western competitors are trying by any means necessary to regain their former leadership.""
""This competition is sometimes assuming unsightly forms,"" he said, as Modi, Pezeshkian and South African President Cyril Ramaphosa listened.
""They even include direct physical attacks or the destruction of industrial and logistical facilities, pipelines, and so forth.""
Putin said attempts were being made to block international transport corridors and seize ships, without elaborating.
""Illegal restrictions are also being imposed, accompanied by threats of so-called secondary sanctions against those who refuse to act in others' interests and instead defend their own national interests,"" he said, adding that BRICS would build ""a new, sustainable platform for global growth"".
Putin's comments echoed those of BRICS finance ministers and central bank governors, who expressed serious concerns with what they called the unilateral imposition of trade and finance-related actions, including the raising of tariffs and non-tariff measures, which distort trade and are inconsistent with World Trade Organization rules.
RESILIENT ENERGY TIES
Last year, the BRICS summit drew the ire of US President Donald Trump, who threatened an additional 10 per cent tariff on any countries aligning themselves with what he called the ""Anti-American policies"" of the BRICS group.
Washington has also threatened to impose 100 per cent additional tariffs on countries that continue to buy Russian oil and gas, including major buyers such as India and China.
Earlier, Modi and Putin ""shared perspectives on ... the conflicts in West Asia and the Black Sea region which have impacted maritime trade and the safety and security of Indian seafarers"", a statement from India's foreign ministry said.
""The two leaders agreed to remain engaged in an effort to strengthen further the special and privileged strategic partnership between the two countries,"" the foreign ministry statement said.
India, along with China, is one of the biggest buyers of Russian oil, which is seen as helping Moscow replenish its budget since it launched its full-scale invasion of Ukraine in 2022 and was hit with sweeping Western sanctions.
India has sought to resist the pressure to scale back the trade, saying its large population and economy need secure, affordable and reliable energy supplies.
India and Russia have said they want to raise bilateral trade to US$100 billion by 2030 from nearly US$70 billion in 2024 to 2025."
c9a56a260367,asia_oriental,Channel News Asia,2026-09-13T17:35:00Z,https://www.channelnewsasia.com/world/trump-chastises-zelenskyy-over-russian-refinery-strikes-during-ireland-visit-6381601,Trump chastises Zelenskyy over Russian refinery strikes during Ireland visit,en,False,0,749,748,False,"Trump chastises Zelenskyy over Russian refinery strikes during Ireland visit
""Let him go after targets, but not diesel fuel, because he's causing a shortage,"" Trump said.
DOONBEG, Ireland: US President Donald Trump lashed out on Sunday (<DATE>) at Ukrainian President Volodymyr Zelenskyy over Kyiv's attacks on Russian oil refineries, while on a golf-focused two-day visit to Ireland which again saw him promoting his personal business interests.
Trump, talking to reporters from his Doonbeg golf resort on Ireland's west coast, said Zelenskyy had to do ""one thing"" and ""stop knocking out diesel fuel"" refineries in Russia due to resulting shortages.
""Let him go after targets, but not diesel fuel, because he's causing a shortage of diesel,"" Trump said, insisting the Russia-Ukraine war, not his conflict with Iran and subsequent blockade of the Strait of Hormuz, was to blame.
Oil prices have soared in recent weeks as attacks in the Middle East have intensified, raising American fuel costs and inflation, and stoking speculation that the Federal Reserve will hike interest rates just weeks before crunch US midterm elections.
Trump's visit to Ireland has seen the American leader again fusing his brand of off-the-cuff diplomacy with both his love of golf and private businesses.
On Saturday, he caught his Irish hosts and the UK off-guard when he waded into highly sensitive political territory by announcing he would ""love to see"" a united Ireland.
""NOT WELCOME HERE""
Breaking with Washington's traditional neutrality on the historically charged topic, Trump argued reunification of the Republic of Ireland and UK territory Northern Ireland, after more than a century apart, was ""going to happen eventually"".
""It may as well happen now,"" he said as he met Irish Prime Minister Micheal Martin in Dublin, prompting pushback from pro-UK loyalists in Northern Ireland and some leading politicians in mainland Britain.
Trump doubled down on his remarks on Sunday.
""I'm someone who owns fantastic property here,"" he said after watching Irish Open leader Shane Lowry tee off in the final round on the Trump Organization course bought in 2014.
""It would seem to me that one of the naturals of all time is to put them together,"" he added, insisting ""many people agree"".
Trump arrived in Doonbeg on Saturday afternoon, sparking road closures and police checkpoints nearby. About 30 people protested his visit in neighbouring Doonbeg village on Sunday.
""Donald Trump is not welcome in Ireland,"" demonstrator William Hederman, 53, told AFP, accusing him of helping Israel commit genocide in Gaza.
Trump's attendance at the tournament added an extra layer of complexity to a security effort reportedly costing Ireland €20 million (US$23 million). He was expected to present the winner with the trophy later on Sunday.
Spectators cheered when he walked onto the first tee.
""It's a once in a lifetime opportunity,"" Connor McGovern, 28, who had travelled from Northern Ireland hoping to see the president, told AFP.
""CONFLICT OF INTEREST""
The former real estate magnate, who promotes his enterprises at every opportunity, was joined in the remote corner of Ireland by his two sons, Eric and Don Jr.
They have managed the family business since their 80-year-old father returned to the White House last year.
The course, set among dunes on the rugged County Clare coastline, has twice been targeted by pro-Palestinian activists in the past 18 months.
Police said three women, aged in their 20s, 30s and 40s, had appeared in a western Irish court late on Saturday after being arrested for separate trespass and public order offences there.
About 4,000 Irish and US security personnel were involved in the weekend-long security operation, with anti-drone technology among the measures deployed.
The golf-mad president plays golf most weekends at one of his family's US properties.
He is scheduled to host December's G20 summit at his Miami golfing resort.
Opposition Democrats in the US have long complained that blurring the lines between his presidency and personal business interests is corrupt.
The White House has aggressively pushed back against claims of conflicts of interest and that Trump has been using his presidency to enrich himself as his personal wealth has rocketed during his second term.
""Since the Civil War, we haven't had a president with a significant financial conflict of interest from a business enterprise,"" University of Minnesota Law School professor Richard Painter told AFP.
The former White House ethics lawyer warned Trump's conduct could send the message ""that the way to curry favour with the president is to patronise his properties, do business with his companies and so forth""."
fc2959989cc7,asia_oriental,Channel News Asia,2026-09-27T21:02:41Z,https://www.channelnewsasia.com/sport/greece-stun-germany-1-0-in-losing-home-debut-klopp-6414211,Greece stun Germany 1-0 in losing home debut for Klopp,en,False,0,582,581,False,"Greece stun Germany 1-0 in losing home debut for Klopp
AUGSBURG, Germany, <DATE> : Greece scored a 74th-minute goal through Dimitris Kourbelis to stun hosts Germany 1-0 in their Nations League Group A2 on Sunday to top the group and spoil coach Juergen Klopp's home debut on the German bench.
It was the first ever victory for the Greeks in 11 matches against the Germans, and they now lead their group on six points from two matches. Germany are on one point.
The hosts were in control for most of the game and had close to 80 per cent possession in the first half alone but they were ultimately punished for sloppy defending, especially in the second half, which gave the Greeks space to attack.
Klopp, who took over in July after Germany's early World Cup exit, has now failed to win either of his two matches in charge following a 1-1 draw against the Dutch in Amsterdam on Thursday.
""I could have lived with us not winning but you cannot lose such a game,"" Klopp said. ""We have been together for a week now, all mixed together, and that needs time.
""The result is not cool but it is absolutely part of the process,"" he said. Germany next play Serbia on Thursday before travelling to Greece three days later.
TWO WINS IN A ROW FOR GREECE
Despite enjoying a dominant first half it was only after they upped their tempo and started pressing higher that Germany carved out scoring chances.
Felix Nmecha fired wide in the 54th, a minute after Greece keeper Konstantinos Tzolakis had palmed a Joshua Kimmich free kick over the bar.
The Greeks, however, almost scored in the 66th after Kimmich lost possession in his own half but substitute Fotis Ioannidis fired just wide of the post.
They did better in the 74th with Kourbelis' deflected low drive that gave them the win to make it two victories in a row after their last-gasp 2-1 win over Serbia on Thursday.
In the same group, Netherlands earned a 2-1 victory over Serbia thanks to Mexx Meerdink's double strike on his second appearance for his country.
It was the first win under new coach Xavi Hernandez following their draw with Germany on Thursday.
""It's a boyhood dream. I actually don't have any words for it,"" Meerdink said. ""Everything is happening so quickly. You just don't realise what can happen in the space of a week. It's also great that we managed to win here.
""Sometimes you need a bit of luck. This time it went my way. Then you have to be there and be important for the team. I did feel a little pressure, I was a bit nervous. But you play that out of your system. And then to be allowed to score two is fantastic.""
Joao Felix scored for the second consecutive Nations League match as defending champions Portugal, with Cristiano Ronaldo on the bench throughout, edged past hosts Norway 2-1 to top Group A4 with two wins from two matches so far.
The Norwegians cancelled out Felix's 17th-minute lead with Erling Haaland's equaliser before Goncalo Ramos' chip won it for the visitors.
Ben Davies scored a 53rd-minute own goal and Gustav Isaksen added another on the hour as Denmark eased past Wales 2-0 to earn their first points in Group A4.
In a politically charged encounter in Group B3, Ireland scored twice in three minutes early in the first half to ease past Israel 3-0."
